BMP_Category,BMP,BMP_Selection,frac_min,frac_max,capital_VT,capital_NH,capital_NY,capital_MA,capital_CT,capital_RI,operations_VT,operations_NH,operations_NY,operations_MA,operations_CT,operations_RI,capital_units,operations_units,Min_RD_in,Max_RD_in,UserSpec_RD_in,cs_pct_VT,cs_pct_NH,cs_pct_MA,cs_pct_CT,cs_pct_NY,cs_pct_RI,notes
ag,Conservation,X,0,1,20.8,23.1,23.1,20.88,20.84,21,0,0,0,0,0,0,ac,ac,NA,NA,NA,0.75,0.75,0.75,0.75,0.75,0.75,
ag,Contour_Farming,X,0,1,7.37,8.355,8.86,8.59,8.6,8,0,0,0,0,0,0,ac,ac,NA,NA,NA,0.75,0.75,0.75,0.75,0.75,0.75,
ag,Filterstrip,X,0,1,381.805,208.19,352.88,353.265,382.615,368.5,7.42,7.42,7.42,7.42,7.42,7.42,ac,ac,NA,NA,NA,0.75,0.75,0.75,0.75,0.75,0.75,"Assumes native species. If introduced species, override."
ag,MIN_TILL,X,0,1,16.84,18.7,16.84,16.9,16.87,17,0,0,0,0,0,0,ac,ac,NA,NA,NA,0.75,0.75,0.9,0.75,0.75,0.75,
ag,Ponds,X,0,0.1,6.39,5.7725,2.8,6.78,7.12,6,0,0,0,0,0,0,ac,ac,NA,NA,NA,0.75,0.75,0.75,0.75,0.75,0.75,Assumes 4500 ft^3 treat 1 acre
ag,Terrace_Waterway,X,0,1,3.946666667,3.946666667,4.865,3.41,3.52,3.26,0,0,0,0,0,0,ft2,ft2,NA,NA,NA,0.75,0.75,0.75,0.75,0.75,0.75,
ag,Terrace_Only,X,0,1,3.706666667,3.706666667,4.7,3.16,3.26,3,0,0,0,0,0,0,ft2,ft2,NA,NA,NA,0.75,0.75,0.75,0.75,0.75,0.75,
ag,Waterway_Only,X,0,1,0.24,0.24,0.165,0.25,0.26,0.26,0,0,0,0,0,0,ft2,ft2,NA,NA,NA,0.75,0.75,0.75,0.75,0.75,0.75,
ag,Fert_20,X,0,1,16.01,15.69,17.04,32.3,17.34,16,0,0,0,0,0,0,ac,ac,NA,NA,NA,0.75,0.75,0.75,0.75,0.75,0.75,Using general nutrient management cost data as placeholder
ag,Manure_Injection,X,0,1,36.16,36.18,36.17,36.17,36.17,50,0,0,0,0,0,0,ac,ac,NA,NA,NA,0.75,0.75,0.75,0.75,0.75,0.75,
point,CytecIndustrialP,X,NA,NA,NA,NA,NA,NA,0,NA,NA,NA,NA,NA,0,NA,flat,flat,NA,NA,NA,NA,NA,NA,NA,NA,NA,NA
point,SummitCorporationofAmericaHRW,X,NA,NA,NA,NA,NA,NA,0,NA,NA,NA,NA,NA,0,NA,flat,flat,NA,NA,NA,NA,NA,NA,NA,NA,NA,NA
point,PharmaciaUpjohnCompanyLLC,X,NA,NA,NA,NA,NA,NA,0,NA,NA,NA,NA,NA,0,NA,flat,flat,NA,NA,NA,NA,NA,NA,NA,NA,NA,NA
point,KimberlyClarkCorporationHRW,X,NA,NA,NA,NA,NA,NA,0,NA,NA,NA,NA,NA,0,NA,flat,flat,NA,NA,NA,NA,NA,NA,NA,NA,NA,NA
point,ElectricBoatCorporationTRW,X,NA,NA,NA,NA,NA,NA,0,NA,NA,NA,NA,NA,0,NA,flat,flat,NA,NA,NA,NA,NA,NA,NA,NA,NA,NA
point,EastHamptonWPCFCRW,X,NA,NA,NA,NA,NA,NA,5692359.686,NA,NA,NA,NA,NA,104915.5937,NA,flat,flat,NA,NA,NA,NA,NA,NA,NA,NA,NA,NA
point,UniMetalSurfaceFinishingLLCHRW,X,NA,NA,NA,NA,NA,NA,0,NA,NA,NA,NA,NA,0,NA,flat,flat,NA,NA,NA,NA,NA,NA,NA,NA,NA,NA
point,AnsoniaWPCFHRW,X,NA,NA,NA,NA,NA,NA,0,NA,NA,NA,NA,NA,0,NA,flat,flat,NA,NA,NA,NA,NA,NA,NA,NA,NA,NA
point,BranfordWPCF,X,NA,NA,NA,NA,NA,NA,0,NA,NA,NA,NA,NA,0,NA,flat,flat,NA,NA,NA,NA,NA,NA,NA,NA,NA,NA
point,BridgeportWestWPCF,X,NA,NA,NA,NA,NA,NA,2147194.997,NA,NA,NA,NA,NA,37420.83978,NA,flat,flat,NA,NA,NA,NA,NA,NA,NA,NA,NA,NA
point,NorthCaanWPCFHRW,X,NA,NA,NA,NA,NA,NA,25978989.76,NA,NA,NA,NA,NA,176653.9592,NA,flat,flat,NA,NA,NA,NA,NA,NA,NA,NA,NA,NA
point,CantonWPCFCRW,X,NA,NA,NA,NA,NA,NA,16751904.47,NA,NA,NA,NA,NA,141811.6973,NA,flat,flat,NA,NA,NA,NA,NA,NA,NA,NA,NA,NA
point,CheshireWPCF,X,NA,NA,NA,NA,NA,NA,0,NA,NA,NA,NA,NA,0,NA,flat,flat,NA,NA,NA,NA,NA,NA,NA,NA,NA,NA
point,DanburyWPCFHRW,X,NA,NA,NA,NA,NA,NA,2147196.602,NA,NA,NA,NA,NA,52768.71522,NA,flat,flat,NA,NA,NA,NA,NA,NA,NA,NA,NA,NA
point,DerbyWPCFHRW,X,NA,NA,NA,NA,NA,NA,5765744.206,NA,NA,NA,NA,NA,105226.0119,NA,flat,flat,NA,NA,NA,NA,NA,NA,NA,NA,NA,NA
point,EastHartfordWPCFCRW,X,NA,NA,NA,NA,NA,NA,2147713.283,NA,NA,NA,NA,NA,61119.71532,NA,flat,flat,NA,NA,NA,NA,NA,NA,NA,NA,NA,NA
point,EastWindsorWPCFCRW,X,NA,NA,NA,NA,NA,NA,10969873.35,NA,NA,NA,NA,NA,123517.4063,NA,flat,flat,NA,NA,NA,NA,NA,NA,NA,NA,NA,NA
point,EnfieldWPCFCRW,X,NA,NA,NA,NA,NA,NA,2148609.404,NA,NA,NA,NA,NA,63176.19009,NA,flat,flat,NA,NA,NA,NA,NA,NA,NA,NA,NA,NA
point,FarmingtonWPCFCRW,X,NA,NA,NA,NA,NA,NA,2187919.666,NA,NA,NA,NA,NA,72704.37441,NA,flat,flat,NA,NA,NA,NA,NA,NA,NA,NA,NA,NA
point,GlastonburyWPCFCRW,X,NA,NA,NA,NA,NA,NA,0,NA,NA,NA,NA,NA,0,NA,flat,flat,NA,NA,NA,NA,NA,NA,NA,NA,NA,NA
point,GrotonTownWPCF,X,NA,NA,NA,NA,NA,NA,2318087.234,NA,NA,NA,NA,NA,78944.12632,NA,flat,flat,NA,NA,NA,NA,NA,NA,NA,NA,NA,NA
point,HartfordWPCFCRW,X,NA,NA,NA,NA,NA,NA,2147194.997,NA,NA,NA,NA,NA,27891.9137,NA,flat,flat,NA,NA,NA,NA,NA,NA,NA,NA,NA,NA
point,JewettCityWPCFTRW,X,NA,NA,NA,NA,NA,NA,0,NA,NA,NA,NA,NA,0,NA,flat,flat,NA,NA,NA,NA,NA,NA,NA,NA,NA,NA
point,ManchesterWPCFCRW,X,NA,NA,NA,NA,NA,NA,2147959.946,NA,NA,NA,NA,NA,61886.61773,NA,flat,flat,NA,NA,NA,NA,NA,NA,NA,NA,NA,NA
point,MattabassetWPCFCRW,X,NA,NA,NA,NA,NA,NA,2147194.997,NA,NA,NA,NA,NA,41752.41711,NA,flat,flat,NA,NA,NA,NA,NA,NA,NA,NA,NA,NA
point,MeridenWPCF,X,NA,NA,NA,NA,NA,NA,0,NA,NA,NA,NA,NA,0,NA,flat,flat,NA,NA,NA,NA,NA,NA,NA,NA,NA,NA
point,MiddletownWPCFCRW,X,NA,NA,NA,NA,NA,NA,2172100.994,NA,NA,NA,NA,NA,70955.30577,NA,flat,flat,NA,NA,NA,NA,NA,NA,NA,NA,NA,NA
point,NewHartfordCRW,X,NA,NA,NA,NA,NA,NA,0,NA,NA,NA,NA,NA,0,NA,flat,flat,NA,NA,NA,NA,NA,NA,NA,NA,NA,NA
point,BristolWPCFCRW,X,NA,NA,NA,NA,NA,NA,2147442.876,NA,NA,NA,NA,NA,59760.37394,NA,flat,flat,NA,NA,NA,NA,NA,NA,NA,NA,NA,NA
point,NewLondonWPCFTRW,X,NA,NA,NA,NA,NA,NA,2147584.039,NA,NA,NA,NA,NA,60577.17063,NA,flat,flat,NA,NA,NA,NA,NA,NA,NA,NA,NA,NA
point,NewMilfordWPCFHRW,X,NA,NA,NA,NA,NA,NA,15575179.85,NA,NA,NA,NA,NA,138024.6634,NA,flat,flat,NA,NA,NA,NA,NA,NA,NA,NA,NA,NA
point,NorthHavenWPCF,X,NA,NA,NA,NA,NA,NA,2286427.828,NA,NA,NA,NA,NA,77924.95103,NA,flat,flat,NA,NA,NA,NA,NA,NA,NA,NA,NA,NA
point,NorwichWPCFTRW,X,NA,NA,NA,NA,NA,NA,2194199.996,NA,NA,NA,NA,NA,73246.43243,NA,flat,flat,NA,NA,NA,NA,NA,NA,NA,NA,NA,NA
point,PlainfieldVillageWPCFTRW,X,NA,NA,NA,NA,NA,NA,22794828.04,NA,NA,NA,NA,NA,163163.6495,NA,flat,flat,NA,NA,NA,NA,NA,NA,NA,NA,NA,NA
point,PlainfieldNorthWPCFTRW,X,NA,NA,NA,NA,NA,NA,14852528.19,NA,NA,NA,NA,NA,135730.1942,NA,flat,flat,NA,NA,NA,NA,NA,NA,NA,NA,NA,NA
point,PlainvilleWPCFCRW,X,NA,NA,NA,NA,NA,NA,2912899.004,NA,NA,NA,NA,NA,88394.71861,NA,flat,flat,NA,NA,NA,NA,NA,NA,NA,NA,NA,NA
point,PlymouthWPCFCRW,X,NA,NA,NA,NA,NA,NA,12309614.45,NA,NA,NA,NA,NA,127744.6572,NA,flat,flat,NA,NA,NA,NA,NA,NA,NA,NA,NA,NA
point,RockyHillWPCFCRW,X,NA,NA,NA,NA,NA,NA,2227598.214,NA,NA,NA,NA,NA,75421.62602,NA,flat,flat,NA,NA,NA,NA,NA,NA,NA,NA,NA,NA
point,SalisburyWPCFHRW,X,NA,NA,NA,NA,NA,NA,24835465.25,NA,NA,NA,NA,NA,171557.0772,NA,flat,flat,NA,NA,NA,NA,NA,NA,NA,NA,NA,NA
point,SeymourWPCFHRW,X,NA,NA,NA,NA,NA,NA,6860435.073,NA,NA,NA,NA,NA,109573.7646,NA,flat,flat,NA,NA,NA,NA,NA,NA,NA,NA,NA,NA
point,SouthWindsorWPCFCRW,X,NA,NA,NA,NA,NA,NA,2514156.304,NA,NA,NA,NA,NA,83252.63084,NA,flat,flat,NA,NA,NA,NA,NA,NA,NA,NA,NA,NA
point,SouthburyTrSchoolWPCFHRW,X,NA,NA,NA,NA,NA,NA,0,NA,NA,NA,NA,NA,0,NA,flat,flat,NA,NA,NA,NA,NA,NA,NA,NA,NA,NA
point,SouthingtonWPCF,X,NA,NA,NA,NA,NA,NA,0,NA,NA,NA,NA,NA,0,NA,flat,flat,NA,NA,NA,NA,NA,NA,NA,NA,NA,NA
point,StoningtonMysticWPCF,X,NA,NA,NA,NA,NA,NA,0,NA,NA,NA,NA,NA,0,NA,flat,flat,NA,NA,NA,NA,NA,NA,NA,NA,NA,NA
point,SuffieldWPCFCRW,X,NA,NA,NA,NA,NA,NA,0,NA,NA,NA,NA,NA,0,NA,flat,flat,NA,NA,NA,NA,NA,NA,NA,NA,NA,NA
point,TorringtonWPCFHRW,X,NA,NA,NA,NA,NA,NA,2148854.505,NA,NA,NA,NA,NA,63528.66484,NA,flat,flat,NA,NA,NA,NA,NA,NA,NA,NA,NA,NA
point,VernonWPCFCRW,X,NA,NA,NA,NA,NA,NA,2265620.957,NA,NA,NA,NA,NA,77154.19765,NA,flat,flat,NA,NA,NA,NA,NA,NA,NA,NA,NA,NA
point,WallingfordWPCF,X,NA,NA,NA,NA,NA,NA,2148861.319,NA,NA,NA,NA,NA,63537.80151,NA,flat,flat,NA,NA,NA,NA,NA,NA,NA,NA,NA,NA
point,WaterburyWPCFHRW,X,NA,NA,NA,NA,NA,NA,2147194.997,NA,NA,NA,NA,NA,41409.78884,NA,flat,flat,NA,NA,NA,NA,NA,NA,NA,NA,NA,NA
point,ugatuckWPCFHRW,X,NA,NA,NA,NA,NA,NA,2147942.899,NA,NA,NA,NA,NA,61841.21258,NA,flat,flat,NA,NA,NA,NA,NA,NA,NA,NA,NA,NA
point,WestportWPCF,X,NA,NA,NA,NA,NA,NA,0,NA,NA,NA,NA,NA,0,NA,flat,flat,NA,NA,NA,NA,NA,NA,NA,NA,NA,NA
point,ThompsonWPCFTRW,X,NA,NA,NA,NA,NA,NA,25495678.71,NA,NA,NA,NA,NA,174460.8352,NA,flat,flat,NA,NA,NA,NA,NA,NA,NA,NA,NA,NA
point,SheltonWPCFHRW,X,NA,NA,NA,NA,NA,NA,2739895.189,NA,NA,NA,NA,NA,86468.56553,NA,flat,flat,NA,NA,NA,NA,NA,NA,NA,NA,NA,NA
point,MilfordBeaverBrookWPCFHRW,X,NA,NA,NA,NA,NA,NA,4315312.323,NA,NA,NA,NA,NA,98370.44264,NA,flat,flat,NA,NA,NA,NA,NA,NA,NA,NA,NA,NA
point,ThomastonWPCFHRW,X,NA,NA,NA,NA,NA,NA,0,NA,NA,NA,NA,NA,0,NA,flat,flat,NA,NA,NA,NA,NA,NA,NA,NA,NA,NA
point,LitchfieldWPCFHRW,X,NA,NA,NA,NA,NA,NA,19926483.45,NA,NA,NA,NA,NA,152522.6926,NA,flat,flat,NA,NA,NA,NA,NA,NA,NA,NA,NA,NA
point,RidgefieldSouthStWPCF,X,NA,NA,NA,NA,NA,NA,11703784.07,NA,NA,NA,NA,NA,125839.8516,NA,flat,flat,NA,NA,NA,NA,NA,NA,NA,NA,NA,NA
point,SimsburyWPCFCRW,X,NA,NA,NA,NA,NA,NA,0,NA,NA,NA,NA,NA,0,NA,flat,flat,NA,NA,NA,NA,NA,NA,NA,NA,NA,NA
point,MontvilleWPCFTRW,X,NA,NA,NA,NA,NA,NA,4510145.727,NA,NA,NA,NA,NA,99405.19676,NA,flat,flat,NA,NA,NA,NA,NA,NA,NA,NA,NA,NA
point,PutmWPCFTRW,X,NA,NA,NA,NA,NA,NA,7057581.734,NA,NA,NA,NA,NA,110311.5705,NA,flat,flat,NA,NA,NA,NA,NA,NA,NA,NA,NA,NA
point,SpragueWPCFTRW,X,NA,NA,NA,NA,NA,NA,35496367.89,NA,NA,NA,NA,NA,241748.9465,NA,flat,flat,NA,NA,NA,NA,NA,NA,NA,NA,NA,NA
point,WindsorPoquonockWPCFCRW,X,NA,NA,NA,NA,NA,NA,2979999.374,NA,NA,NA,NA,NA,89063.17276,NA,flat,flat,NA,NA,NA,NA,NA,NA,NA,NA,NA,NA
point,WindhamWPCFTRW,X,NA,NA,NA,NA,NA,NA,3517338.495,NA,NA,NA,NA,NA,93466.22297,NA,flat,flat,NA,NA,NA,NA,NA,NA,NA,NA,NA,NA
point,BridgeportEastWPCF,X,NA,NA,NA,NA,NA,NA,2147283.441,NA,NA,NA,NA,NA,58039.38338,NA,flat,flat,NA,NA,NA,NA,NA,NA,NA,NA,NA,NA
point,StratfordWPCFHRW,X,NA,NA,NA,NA,NA,NA,2147243.62,NA,NA,NA,NA,NA,57122.47053,NA,flat,flat,NA,NA,NA,NA,NA,NA,NA,NA,NA,NA
point,BeaconFallsWPCFHRW,X,NA,NA,NA,NA,NA,NA,25639633.7,NA,NA,NA,NA,NA,175107.8756,NA,flat,flat,NA,NA,NA,NA,NA,NA,NA,NA,NA,NA
point,WestHavenWPCF,X,NA,NA,NA,NA,NA,NA,2147917.297,NA,NA,NA,NA,NA,61771.28984,NA,flat,flat,NA,NA,NA,NA,NA,NA,NA,NA,NA,NA
point,StamfordWPCFEN,X,NA,NA,NA,NA,NA,NA,0,NA,NA,NA,NA,NA,0,NA,flat,flat,NA,NA,NA,NA,NA,NA,NA,NA,NA,NA
point,PortlandWPCFCRW,X,NA,NA,NA,NA,NA,NA,20822587.55,NA,NA,NA,NA,NA,155727.4899,NA,flat,flat,NA,NA,NA,NA,NA,NA,NA,NA,NA,NA
point,GrotonCityWPCF,X,NA,NA,NA,NA,NA,NA,3249867.468,NA,NA,NA,NA,NA,91445.45257,NA,flat,flat,NA,NA,NA,NA,NA,NA,NA,NA,NA,NA
point,StaffordSpringsWPCFTRW,X,NA,NA,NA,NA,NA,NA,10633020.89,NA,NA,NA,NA,NA,122443.3254,NA,flat,flat,NA,NA,NA,NA,NA,NA,NA,NA,NA,NA
point,WinstedWPCFCRW,X,NA,NA,NA,NA,NA,NA,5360305.694,NA,NA,NA,NA,NA,103472.5915,NA,flat,flat,NA,NA,NA,NA,NA,NA,NA,NA,NA,NA
point,NorfolkWPCFHRW,X,NA,NA,NA,NA,NA,NA,24742685.48,NA,NA,NA,NA,NA,171157.0555,NA,flat,flat,NA,NA,NA,NA,NA,NA,NA,NA,NA,NA
point,NorwalkWPCF,X,NA,NA,NA,NA,NA,NA,2147194.998,NA,NA,NA,NA,NA,45656.51527,NA,flat,flat,NA,NA,NA,NA,NA,NA,NA,NA,NA,NA
point,KillinglyWPCFTRW,X,NA,NA,NA,NA,NA,NA,2301447.419,NA,NA,NA,NA,NA,78428.23366,NA,flat,flat,NA,NA,NA,NA,NA,NA,NA,NA,NA,NA
point,NewCaanWPCFEN,X,NA,NA,NA,NA,NA,NA,0,NA,NA,NA,NA,NA,0,NA,flat,flat,NA,NA,NA,NA,NA,NA,NA,NA,NA,NA
point,StoningtonBoroughWPCF,X,NA,NA,NA,NA,NA,NA,36396562.52,NA,NA,NA,NA,NA,252197.9676,NA,flat,flat,NA,NA,NA,NA,NA,NA,NA,NA,NA,NA
point,StoningtonPawcatuckWPCF,X,NA,NA,NA,NA,NA,NA,0,NA,NA,NA,NA,NA,0,NA,flat,flat,NA,NA,NA,NA,NA,NA,NA,NA,NA,NA
point,UCONNWPCFTRW,X,NA,NA,NA,NA,NA,NA,32003461.55,NA,NA,NA,NA,NA,210994.8322,NA,flat,flat,NA,NA,NA,NA,NA,NA,NA,NA,NA,NA
point,WindsorLocksWPCFCRW,X,NA,NA,NA,NA,NA,NA,6090917.687,NA,NA,NA,NA,NA,106569.1219,NA,flat,flat,NA,NA,NA,NA,NA,NA,NA,NA,NA,NA
point,MilfordHousatonicWPCFHRW,X,NA,NA,NA,NA,NA,NA,2147511.965,NA,NA,NA,NA,NA,60200.65691,NA,flat,flat,NA,NA,NA,NA,NA,NA,NA,NA,NA,NA
point,LedyardWPCF,X,NA,NA,NA,NA,NA,NA,0,NA,NA,NA,NA,NA,0,NA,flat,flat,NA,NA,NA,NA,NA,NA,NA,NA,NA,NA
point,NewtownWPCFHRW,X,NA,NA,NA,NA,NA,NA,0,NA,NA,NA,NA,NA,0,NA,flat,flat,NA,NA,NA,NA,NA,NA,NA,NA,NA,NA
point,MarsamMetalFinishingCRW,X,NA,NA,NA,NA,NA,NA,0,NA,NA,NA,NA,NA,0,NA,flat,flat,NA,NA,NA,NA,NA,NA,NA,NA,NA,NA
point,AluminumFinishingCompanyInc,X,NA,NA,NA,NA,NA,NA,0,NA,NA,NA,NA,NA,0,NA,flat,flat,NA,NA,NA,NA,NA,NA,NA,NA,NA,NA
point,TheBassPlatingCompanyCRW,X,NA,NA,NA,NA,NA,NA,0,NA,NA,NA,NA,NA,0,NA,flat,flat,NA,NA,NA,NA,NA,NA,NA,NA,NA,NA
point,PapeElectroplatingCoCRW,X,NA,NA,NA,NA,NA,NA,0,NA,NA,NA,NA,NA,0,NA,flat,flat,NA,NA,NA,NA,NA,NA,NA,NA,NA,NA
point,SeidelIncorporatedHRW,X,NA,NA,NA,NA,NA,NA,0,NA,NA,NA,NA,NA,0,NA,flat,flat,NA,NA,NA,NA,NA,NA,NA,NA,NA,NA
point,SeamanPaperCoofMassIncCRW,X,NA,NA,NA,NA,NA,0,NA,NA,NA,NA,NA,0,NA,NA,flat,flat,NA,NA,NA,NA,NA,NA,NA,NA,NA,NA
point,CraneHRW,X,NA,NA,NA,NA,NA,0,NA,NA,NA,NA,NA,0,NA,NA,flat,flat,NA,NA,NA,NA,NA,NA,NA,NA,NA,NA
point,MeadLaurelMillHRW,X,NA,NA,NA,NA,NA,0,NA,NA,NA,NA,NA,0,NA,NA,flat,flat,NA,NA,NA,NA,NA,NA,NA,NA,NA,NA
point,MeadWillowMillHRW,X,NA,NA,NA,NA,NA,0,NA,NA,NA,NA,NA,0,NA,NA,flat,flat,NA,NA,NA,NA,NA,NA,NA,NA,NA,NA
point,NorthfieldSchoolCRW,X,NA,NA,NA,NA,NA,0,NA,NA,NA,NA,NA,0,NA,NA,flat,flat,NA,NA,NA,NA,NA,NA,NA,NA,NA,NA
point,AtholCRW,X,NA,NA,NA,NA,NA,8490879.119,NA,NA,NA,NA,NA,115397.9578,NA,NA,flat,flat,NA,NA,NA,NA,NA,NA,NA,NA,NA,NA
point,HadleyCRW,X,NA,NA,NA,NA,NA,21444943.78,NA,NA,NA,NA,NA,158013.019,NA,NA,flat,flat,NA,NA,NA,NA,NA,NA,NA,NA,NA,NA
point,HardwickGilbertvilleCRW,X,NA,NA,NA,NA,NA,34893762.7,NA,NA,NA,NA,NA,235469.9038,NA,NA,flat,flat,NA,NA,NA,NA,NA,NA,NA,NA,NA,NA
point,MontagueCRW,X,NA,NA,NA,NA,NA,9469166.367,NA,NA,NA,NA,NA,118672.7412,NA,NA,flat,flat,NA,NA,NA,NA,NA,NA,NA,NA,NA,NA
point,LeeHRW,X,NA,NA,NA,NA,NA,9262126.625,NA,NA,NA,NA,NA,117989.3424,NA,NA,flat,flat,NA,NA,NA,NA,NA,NA,NA,NA,NA,NA
point,RoyalstonCRW,X,NA,NA,NA,NA,NA,42853648.82,NA,NA,NA,NA,NA,462952.0617,NA,NA,flat,flat,NA,NA,NA,NA,NA,NA,NA,NA,NA,NA
point,OxfordTRW,X,NA,NA,NA,NA,NA,28549818.98,NA,NA,NA,NA,NA,189468.2853,NA,NA,flat,flat,NA,NA,NA,NA,NA,NA,NA,NA,NA,NA
point,MonroeCRW,X,NA,NA,NA,NA,NA,43500934.01,NA,NA,NA,NA,NA,559211.1711,NA,NA,flat,flat,NA,NA,NA,NA,NA,NA,NA,NA,NA,NA
point,NorthfieldCRW,X,NA,NA,NA,NA,NA,37537920.43,NA,NA,NA,NA,NA,267819.8611,NA,NA,flat,flat,NA,NA,NA,NA,NA,NA,NA,NA,NA,NA
point,MassachusettsAmherstCRW,X,NA,NA,NA,NA,NA,2159887.799,NA,NA,NA,NA,NA,68797.26854,NA,NA,flat,flat,NA,NA,NA,NA,NA,NA,NA,NA,NA,NA
point,TempletonCRW,X,NA,NA,NA,NA,NA,25881533.74,NA,NA,NA,NA,NA,176206.9167,NA,NA,flat,flat,NA,NA,NA,NA,NA,NA,NA,NA,NA,NA
point,SturbridgeTRW,X,NA,NA,NA,NA,NA,14518587.06,NA,NA,NA,NA,NA,134675.8699,NA,NA,flat,flat,NA,NA,NA,NA,NA,NA,NA,NA,NA,NA
point,WebsterTRW,X,NA,NA,NA,NA,NA,2183954.297,NA,NA,NA,NA,NA,72326.39666,NA,NA,flat,flat,NA,NA,NA,NA,NA,NA,NA,NA,NA,NA
point,SouthHadleyCRW,X,NA,NA,NA,NA,NA,2384382.293,NA,NA,NA,NA,NA,80686.47245,NA,NA,flat,flat,NA,NA,NA,NA,NA,NA,NA,NA,NA,NA
point,WinchendonCRW,X,NA,NA,NA,NA,NA,15492896.97,NA,NA,NA,NA,NA,137762.3828,NA,NA,flat,flat,NA,NA,NA,NA,NA,NA,NA,NA,NA,NA
point,WareCRW,X,NA,NA,NA,NA,NA,14723035.62,NA,NA,NA,NA,NA,135320.9714,NA,NA,flat,flat,NA,NA,NA,NA,NA,NA,NA,NA,NA,NA
point,SouthbridgeTRW,X,NA,NA,NA,NA,NA,2258333.081,NA,NA,NA,NA,NA,76859.56942,NA,NA,flat,flat,NA,NA,NA,NA,NA,NA,NA,NA,NA,NA
point,SpencerCRW,X,NA,NA,NA,NA,NA,10029642.22,NA,NA,NA,NA,NA,120501.9023,NA,NA,flat,flat,NA,NA,NA,NA,NA,NA,NA,NA,NA,NA
point,LenoxHRW,X,NA,NA,NA,NA,NA,10529342.06,NA,NA,NA,NA,NA,122111.4505,NA,NA,flat,flat,NA,NA,NA,NA,NA,NA,NA,NA,NA,NA
point,RussellCRW,X,NA,NA,NA,NA,NA,35428110.19,NA,NA,NA,NA,NA,241011.3346,NA,NA,flat,flat,NA,NA,NA,NA,NA,NA,NA,NA,NA,NA
point,GardnerCRW,X,NA,NA,NA,NA,NA,2230618.794,NA,NA,NA,NA,NA,75580.30474,NA,NA,flat,flat,NA,NA,NA,NA,NA,NA,NA,NA,NA,NA
point,ShelburneFallsCRW,X,NA,NA,NA,NA,NA,0,NA,NA,NA,NA,NA,0,NA,NA,flat,flat,NA,NA,NA,NA,NA,NA,NA,NA,NA,NA
point,ErvingCRW,X,NA,NA,NA,NA,NA,0,NA,NA,NA,NA,NA,0,NA,NA,flat,flat,NA,NA,NA,NA,NA,NA,NA,NA,NA,NA
point,NorthBrookfieldCRW,X,NA,NA,NA,NA,NA,23265455.76,NA,NA,NA,NA,NA,165029.104,NA,NA,flat,flat,NA,NA,NA,NA,NA,NA,NA,NA,NA,NA
point,SunderlandCRW,X,NA,NA,NA,NA,NA,0,NA,NA,NA,NA,NA,0,NA,NA,flat,flat,NA,NA,NA,NA,NA,NA,NA,NA,NA,NA
point,StockbridgeHRW,X,NA,NA,NA,NA,NA,28014371.27,NA,NA,NA,NA,NA,186619.2468,NA,NA,flat,flat,NA,NA,NA,NA,NA,NA,NA,NA,NA,NA
point,CharltonTRW,X,NA,NA,NA,NA,NA,30223586.85,NA,NA,NA,NA,NA,199133.7884,NA,NA,flat,flat,NA,NA,NA,NA,NA,NA,NA,NA,NA,NA
point,PalmerCRW,X,NA,NA,NA,NA,NA,4104202.269,NA,NA,NA,NA,NA,97190.35002,NA,NA,flat,flat,NA,NA,NA,NA,NA,NA,NA,NA,NA,NA
point,GreenfieldCRW,X,NA,NA,NA,NA,NA,2199270.609,NA,NA,NA,NA,NA,73643.19711,NA,NA,flat,flat,NA,NA,NA,NA,NA,NA,NA,NA,NA,NA
point,OrangeCRW,X,NA,NA,NA,NA,NA,7711282.017,NA,NA,NA,NA,NA,112684.8433,NA,NA,flat,flat,NA,NA,NA,NA,NA,NA,NA,NA,NA,NA
point,HuntingtonMACRW,X,NA,NA,NA,NA,NA,39413179.28,NA,NA,NA,NA,NA,302496.0704,NA,NA,flat,flat,NA,NA,NA,NA,NA,NA,NA,NA,NA,NA
point,HatfieldCRW,X,NA,NA,NA,NA,NA,30687574.89,NA,NA,NA,NA,NA,202048.8565,NA,NA,flat,flat,NA,NA,NA,NA,NA,NA,NA,NA,NA,NA
point,EasthamptonCRW,X,NA,NA,NA,NA,NA,3528613.54,NA,NA,NA,NA,NA,93545.85972,NA,NA,flat,flat,NA,NA,NA,NA,NA,NA,NA,NA,NA,NA
point,ChicopeeCRW,X,NA,NA,NA,NA,NA,2147196.153,NA,NA,NA,NA,NA,52412.93705,NA,NA,flat,flat,NA,NA,NA,NA,NA,NA,NA,NA,NA,NA
point,GreatBarringtonHRW,X,NA,NA,NA,NA,NA,2352691.742,NA,NA,NA,NA,NA,79906.3186,NA,NA,flat,flat,NA,NA,NA,NA,NA,NA,NA,NA,NA,NA
point,WarrenCRW,X,NA,NA,NA,NA,NA,25687815.67,NA,NA,NA,NA,NA,175325.5971,NA,NA,flat,flat,NA,NA,NA,NA,NA,NA,NA,NA,NA,NA
point,SpringfieldMACRW,X,NA,NA,NA,NA,NA,2147194.997,NA,NA,NA,NA,NA,30198.00673,NA,NA,flat,flat,NA,NA,NA,NA,NA,NA,NA,NA,NA,NA
point,HolyokeCRW,X,NA,NA,NA,NA,NA,2147202.305,NA,NA,NA,NA,NA,54543.37351,NA,NA,flat,flat,NA,NA,NA,NA,NA,NA,NA,NA,NA,NA
point,SouthDeerfieldCRW,X,NA,NA,NA,NA,NA,0,NA,NA,NA,NA,NA,0,NA,NA,flat,flat,NA,NA,NA,NA,NA,NA,NA,NA,NA,NA
point,PittsfieldHRW,X,NA,NA,NA,NA,NA,2147194.998,NA,NA,NA,NA,NA,46357.83131,NA,NA,flat,flat,NA,NA,NA,NA,NA,NA,NA,NA,NA,NA
point,LeicesterTRW,X,NA,NA,NA,NA,NA,25495678.71,NA,NA,NA,NA,NA,174460.8352,NA,NA,flat,flat,NA,NA,NA,NA,NA,NA,NA,NA,NA,NA
point,WestfieldCRW,X,NA,NA,NA,NA,NA,2196166.133,NA,NA,NA,NA,NA,73404.15977,NA,NA,flat,flat,NA,NA,NA,NA,NA,NA,NA,NA,NA,NA
point,NorthamptonCRW,X,NA,NA,NA,NA,NA,2156703.119,NA,NA,NA,NA,NA,67945.48162,NA,NA,flat,flat,NA,NA,NA,NA,NA,NA,NA,NA,NA,NA
point,OldDeerfieldCRW,X,NA,NA,NA,NA,NA,0,NA,NA,NA,NA,NA,0,NA,NA,flat,flat,NA,NA,NA,NA,NA,NA,NA,NA,NA,NA
point,BelchertownCRW,X,NA,NA,NA,NA,NA,21965848.15,NA,NA,NA,NA,NA,159967.5232,NA,NA,flat,flat,NA,NA,NA,NA,NA,NA,NA,NA,NA,NA
point,HardwickWheelrightCRW,X,NA,NA,NA,NA,NA,43020794.36,NA,NA,NA,NA,NA,481975.0651,NA,NA,flat,flat,NA,NA,NA,NA,NA,NA,NA,NA,NA,NA
point,CharlemontCRW,X,NA,NA,NA,NA,NA,0,NA,NA,NA,NA,NA,0,NA,NA,flat,flat,NA,NA,NA,NA,NA,NA,NA,NA,NA,NA
point,WestStockbridgeHRW,X,NA,NA,NA,NA,NA,42912071.86,NA,NA,NA,NA,NA,469282.7846,NA,NA,flat,flat,NA,NA,NA,NA,NA,NA,NA,NA,NA,NA
point,BarreCRW,X,NA,NA,NA,NA,NA,30108773.28,NA,NA,NA,NA,NA,198429.6411,NA,NA,flat,flat,NA,NA,NA,NA,NA,NA,NA,NA,NA,NA
point,WoronocoVillageCRW,X,NA,NA,NA,NA,NA,0,NA,NA,NA,NA,NA,0,NA,NA,flat,flat,NA,NA,NA,NA,NA,NA,NA,NA,NA,NA
point,CLMclaughlinStateTroutHatcheryBelchertownCRW,X,NA,NA,NA,NA,NA,0,NA,NA,NA,NA,NA,0,NA,NA,flat,flat,NA,NA,NA,NA,NA,NA,NA,NA,NA,NA
point,CLMclaughlinStateTroutHatcheryBlitzerCRW,X,NA,NA,NA,NA,NA,0,NA,NA,NA,NA,NA,0,NA,NA,flat,flat,NA,NA,NA,NA,NA,NA,NA,NA,NA,NA
point,AustralisAquacultureLLCCRW,X,NA,NA,NA,NA,NA,0,NA,NA,NA,NA,NA,0,NA,NA,flat,flat,NA,NA,NA,NA,NA,NA,NA,NA,NA,NA
point,NHFishGameBerlinFishHatcheryCRW,X,NA,NA,NA,0,NA,NA,NA,NA,NA,0,NA,NA,NA,NA,flat,flat,NA,NA,NA,NA,NA,NA,NA,NA,NA,NA
point,NHFishGameTwinMountainFishHatcheryCRW,X,NA,NA,NA,0,NA,NA,NA,NA,NA,0,NA,NA,NA,NA,flat,flat,NA,NA,NA,NA,NA,NA,NA,NA,NA,NA
point,HanoverWWTFCRW,X,NA,NA,NA,0,NA,NA,NA,NA,NA,0,NA,NA,NA,NA,flat,flat,NA,NA,NA,NA,NA,NA,NA,NA,NA,NA
point,LancasterPOTWCRW,X,NA,NA,NA,8976469.897,NA,NA,NA,NA,NA,117038.5121,NA,NA,NA,NA,flat,flat,NA,NA,NA,NA,NA,NA,NA,NA,NA,NA
point,LittletonWWTFCRW,X,NA,NA,NA,11060719.86,NA,NA,NA,NA,NA,123806.0864,NA,NA,NA,NA,flat,flat,NA,NA,NA,NA,NA,NA,NA,NA,NA,NA
point,NewportWWTFCRW,X,NA,NA,NA,11433557.15,NA,NA,NA,NA,NA,124987.0858,NA,NA,NA,NA,flat,flat,NA,NA,NA,NA,NA,NA,NA,NA,NA,NA
point,GrovetonWWTFCRW,X,NA,NA,NA,0,NA,NA,NA,NA,NA,0,NA,NA,NA,NA,flat,flat,NA,NA,NA,NA,NA,NA,NA,NA,NA,NA
point,ColebrookWWTFCRW,X,NA,NA,NA,0,NA,NA,NA,NA,NA,0,NA,NA,NA,NA,flat,flat,NA,NA,NA,NA,NA,NA,NA,NA,NA,NA
point,LebanonWWTFCRW,X,NA,NA,NA,3344042.463,NA,NA,NA,NA,NA,92188.36274,NA,NA,NA,NA,flat,flat,NA,NA,NA,NA,NA,NA,NA,NA,NA,NA
point,HinsdaleWWTFCRW,X,NA,NA,NA,28549818.98,NA,NA,NA,NA,NA,189468.2853,NA,NA,NA,NA,flat,flat,NA,NA,NA,NA,NA,NA,NA,NA,NA,NA
point,WinchesterWWTPCRW,X,NA,NA,NA,0,NA,NA,NA,NA,NA,0,NA,NA,NA,NA,flat,flat,NA,NA,NA,NA,NA,NA,NA,NA,NA,NA
point,LisbonWWTFCRW,X,NA,NA,NA,0,NA,NA,NA,NA,NA,0,NA,NA,NA,NA,flat,flat,NA,NA,NA,NA,NA,NA,NA,NA,NA,NA
point,NewHampshireBethlehemVillageDistrictCRW,X,NA,NA,NA,0,NA,NA,NA,NA,NA,0,NA,NA,NA,NA,flat,flat,NA,NA,NA,NA,NA,NA,NA,NA,NA,NA
point,WhitefieldWWTFCRW,X,NA,NA,NA,38792317.73,NA,NA,NA,NA,NA,289372.1507,NA,NA,NA,NA,flat,flat,NA,NA,NA,NA,NA,NA,NA,NA,NA,NA
point,SupeeWPCFCRW,X,NA,NA,NA,17645968.07,NA,NA,NA,NA,NA,144744.4199,NA,NA,NA,NA,flat,flat,NA,NA,NA,NA,NA,NA,NA,NA,NA,NA
point,CharlestownWWTFCRW,X,NA,NA,NA,24558262.6,NA,NA,NA,NA,NA,170367.5474,NA,NA,NA,NA,flat,flat,NA,NA,NA,NA,NA,NA,NA,NA,NA,NA
point,KeeneWWTFCRW,X,NA,NA,NA,2200348.569,NA,NA,NA,NA,NA,73723.53798,NA,NA,NA,NA,flat,flat,NA,NA,NA,NA,NA,NA,NA,NA,NA,NA
point,WoodsvilleFireDistrictCRW,X,NA,NA,NA,0,NA,NA,NA,NA,NA,0,NA,NA,NA,NA,flat,flat,NA,NA,NA,NA,NA,NA,NA,NA,NA,NA
point,TroyWWTFCRW,X,NA,NA,NA,38792317.73,NA,NA,NA,NA,NA,289372.1507,NA,NA,NA,NA,flat,flat,NA,NA,NA,NA,NA,NA,NA,NA,NA,NA
point,SwanzeyWWTPCRW,X,NA,NA,NA,38792317.73,NA,NA,NA,NA,NA,289372.1507,NA,NA,NA,NA,flat,flat,NA,NA,NA,NA,NA,NA,NA,NA,NA,NA
point,NorthumberlandVillageWPCFCRW,X,NA,NA,NA,0,NA,NA,NA,NA,NA,0,NA,NA,NA,NA,flat,flat,NA,NA,NA,NA,NA,NA,NA,NA,NA,NA
point,ClaremontWWTFCRW,X,NA,NA,NA,3950213.431,NA,NA,NA,NA,NA,96284.02962,NA,NA,NA,NA,flat,flat,NA,NA,NA,NA,NA,NA,NA,NA,NA,NA
point,CheshireCountyComplexCRW,X,NA,NA,NA,43163407.57,NA,NA,NA,NA,NA,500752.5231,NA,NA,NA,NA,flat,flat,NA,NA,NA,NA,NA,NA,NA,NA,NA,NA
point,StratfordVillageWWTPCRW,X,NA,NA,NA,43500934.01,NA,NA,NA,NA,NA,559211.1711,NA,NA,NA,NA,flat,flat,NA,NA,NA,NA,NA,NA,NA,NA,NA,NA
point,StratfordMillhouseSystemCRW,X,NA,NA,NA,43926750.64,NA,NA,NA,NA,NA,693888.6588,NA,NA,NA,NA,flat,flat,NA,NA,NA,NA,NA,NA,NA,NA,NA,NA
point,LancasterGrangeFacilityCRW,X,NA,NA,NA,44098302.46,NA,NA,NA,NA,NA,801637.9661,NA,NA,NA,NA,flat,flat,NA,NA,NA,NA,NA,NA,NA,NA,NA,NA
point,GreenportVillage,X,NA,NA,NA,NA,0,NA,NA,NA,NA,NA,0,NA,NA,NA,flat,flat,NA,NA,NA,NA,NA,NA,NA,NA,NA,NA
point,HuntingtonNYEN,X,NA,NA,NA,NA,0,NA,NA,NA,NA,NA,0,NA,NA,NA,flat,flat,NA,NA,NA,NA,NA,NA,NA,NA,NA,NA
point,PortJeffersonSCSD,X,NA,NA,NA,NA,12226669.46,NA,NA,NA,NA,NA,127484.3084,NA,NA,NA,flat,flat,NA,NA,NA,NA,NA,NA,NA,NA,NA,NA
point,KingsParkSCSD,X,NA,NA,NA,NA,0,NA,NA,NA,NA,NA,0,NA,NA,NA,flat,flat,NA,NA,NA,NA,NA,NA,NA,NA,NA,NA
point,WardsislandWN,X,NA,NA,NA,NA,2147194.997,NA,NA,NA,NA,NA,16834.49506,NA,NA,NA,flat,flat,NA,NA,NA,NA,NA,NA,NA,NA,NA,NA
point,BoweryBayWN,X,NA,NA,NA,NA,2147194.997,NA,NA,NA,NA,NA,21345.32376,NA,NA,NA,flat,flat,NA,NA,NA,NA,NA,NA,NA,NA,NA,NA
point,HuntsPointWN,X,NA,NA,NA,NA,2147194.997,NA,NA,NA,NA,NA,20186.15085,NA,NA,NA,flat,flat,NA,NA,NA,NA,NA,NA,NA,NA,NA,NA
point,NewtownCreekWN,X,NA,NA,NA,NA,2147194.997,NA,NA,NA,NA,NA,16594.47597,NA,NA,NA,flat,flat,NA,NA,NA,NA,NA,NA,NA,NA,NA,NA
point,TallmanIslandWN,X,NA,NA,NA,NA,2147194.997,NA,NA,NA,NA,NA,26620.7438,NA,NA,NA,flat,flat,NA,NA,NA,NA,NA,NA,NA,NA,NA,NA
point,GlenCoveEN,X,NA,NA,NA,NA,2283604.173,NA,NA,NA,NA,NA,77825.76086,NA,NA,NA,flat,flat,NA,NA,NA,NA,NA,NA,NA,NA,NA,NA
point,NewRochelleWPCFEN,X,NA,NA,NA,NA,0,NA,NA,NA,NA,NA,0,NA,NA,NA,flat,flat,NA,NA,NA,NA,NA,NA,NA,NA,NA,NA
point,MamaroneckWPCFEN,X,NA,NA,NA,NA,0,NA,NA,NA,NA,NA,0,NA,NA,NA,flat,flat,NA,NA,NA,NA,NA,NA,NA,NA,NA,NA
point,PortChesterWPCFEN,X,NA,NA,NA,NA,2153506.509,NA,NA,NA,NA,NA,66803.13812,NA,NA,NA,flat,flat,NA,NA,NA,NA,NA,NA,NA,NA,NA,NA
point,NewYorkBelgraveWN,X,NA,NA,NA,NA,4549195.647,NA,NA,NA,NA,NA,99607.04442,NA,NA,NA,flat,flat,NA,NA,NA,NA,NA,NA,NA,NA,NA,NA
point,RedHookWN,X,NA,NA,NA,NA,2147194.997,NA,NA,NA,NA,NA,35203.11728,NA,NA,NA,flat,flat,NA,NA,NA,NA,NA,NA,NA,NA,NA,NA
point,NorthCastleWPCFEN,X,NA,NA,NA,NA,0,NA,NA,NA,NA,NA,0,NA,NA,NA,flat,flat,NA,NA,NA,NA,NA,NA,NA,NA,NA,NA
point,SUNYSCSD,X,NA,NA,NA,NA,0,NA,NA,NA,NA,NA,0,NA,NA,NA,flat,flat,NA,NA,NA,NA,NA,NA,NA,NA,NA,NA
point,RhodeIslandKenyonIndustriesInc,X,NA,NA,NA,NA,NA,NA,NA,0,NA,NA,NA,NA,NA,0,flat,flat,NA,NA,NA,NA,NA,NA,NA,NA,NA,NA
point,WesterlyWWTF,X,NA,NA,NA,NA,NA,NA,NA,2594837.726,NA,NA,NA,NA,NA,84529.8261,flat,flat,NA,NA,NA,NA,NA,NA,NA,NA,NA,NA
point,SoundviewVermontHoldingsLLCCRW,X,NA,NA,0,NA,NA,NA,NA,NA,0,NA,NA,NA,NA,NA,flat,flat,NA,NA,NA,NA,NA,NA,NA,NA,NA,NA
point,FiberMarkNorthAmericaIncCRW,X,NA,NA,0,NA,NA,NA,NA,NA,0,NA,NA,NA,NA,NA,flat,flat,NA,NA,NA,NA,NA,NA,NA,NA,NA,NA
point,StJohnsburyCRW,X,NA,NA,0,NA,NA,NA,NA,NA,0,NA,NA,NA,NA,NA,flat,flat,NA,NA,NA,NA,NA,NA,NA,NA,NA,NA
point,VermontBellowsFallsCRW,X,NA,NA,17645968.07,NA,NA,NA,NA,NA,144744.4199,NA,NA,NA,NA,NA,flat,flat,NA,NA,NA,NA,NA,NA,NA,NA,NA,NA
point,BethelCRW,X,NA,NA,35224174.19,NA,NA,NA,NA,NA,238848.8259,NA,NA,NA,NA,NA,flat,flat,NA,NA,NA,NA,NA,NA,NA,NA,NA,NA
point,BrattleboroCRW,X,NA,NA,3163102.715,NA,NA,NA,NA,NA,90724.84195,NA,NA,NA,NA,NA,flat,flat,NA,NA,NA,NA,NA,NA,NA,NA,NA,NA
point,ChesterCRW,X,NA,NA,31397973.64,NA,NA,NA,NA,NA,206744.8131,NA,NA,NA,NA,NA,flat,flat,NA,NA,NA,NA,NA,NA,NA,NA,NA,NA
point,LudlowCRW,X,NA,NA,0,NA,NA,NA,NA,NA,0,NA,NA,NA,NA,NA,flat,flat,NA,NA,NA,NA,NA,NA,NA,NA,NA,NA
point,PutneyCRW,X,NA,NA,38049151.18,NA,NA,NA,NA,NA,275938.0552,NA,NA,NA,NA,NA,flat,flat,NA,NA,NA,NA,NA,NA,NA,NA,NA,NA
point,RandolphCRW,X,NA,NA,20784363.54,NA,NA,NA,NA,NA,155588.7807,NA,NA,NA,NA,NA,flat,flat,NA,NA,NA,NA,NA,NA,NA,NA,NA,NA
point,SpringfieldVTCRW,X,NA,NA,6774320.727,NA,NA,NA,NA,NA,109247.8195,NA,NA,NA,NA,NA,flat,flat,NA,NA,NA,NA,NA,NA,NA,NA,NA,NA
point,WindsorWestonCRW,X,NA,NA,42745370.93,NA,NA,NA,NA,NA,452006.7871,NA,NA,NA,NA,NA,flat,flat,NA,NA,NA,NA,NA,NA,NA,NA,NA,NA
point,LyndonCRW,X,NA,NA,11245228.85,NA,NA,NA,NA,NA,124391.2479,NA,NA,NA,NA,NA,flat,flat,NA,NA,NA,NA,NA,NA,NA,NA,NA,NA
point,SaxtonsRiverCRW,X,NA,NA,36607726.88,NA,NA,NA,NA,NA,254865.8424,NA,NA,NA,NA,NA,flat,flat,NA,NA,NA,NA,NA,NA,NA,NA,NA,NA
point,CaanCRW,X,NA,NA,31397973.64,NA,NA,NA,NA,NA,206744.8131,NA,NA,NA,NA,NA,flat,flat,NA,NA,NA,NA,NA,NA,NA,NA,NA,NA
point,DanvilleCRW,X,NA,NA,39550867.76,NA,NA,NA,NA,NA,305696.0234,NA,NA,NA,NA,NA,flat,flat,NA,NA,NA,NA,NA,NA,NA,NA,NA,NA
point,WilmingtonCRW,X,NA,NA,33896169.63,NA,NA,NA,NA,NA,226094.5291,NA,NA,NA,NA,NA,flat,flat,NA,NA,NA,NA,NA,NA,NA,NA,NA,NA
point,ReadsboroCRW,X,NA,NA,11245228.85,NA,NA,NA,NA,NA,124391.2479,NA,NA,NA,NA,NA,flat,flat,NA,NA,NA,NA,NA,NA,NA,NA,NA,NA
point,WoodstockWWTPCRW,X,NA,NA,40325119.68,NA,NA,NA,NA,NA,326195.7609,NA,NA,NA,NA,NA,flat,flat,NA,NA,NA,NA,NA,NA,NA,NA,NA,NA
point,WoodstockWTPCRW,X,NA,NA,0,NA,NA,NA,NA,NA,0,NA,NA,NA,NA,NA,flat,flat,NA,NA,NA,NA,NA,NA,NA,NA,NA,NA
point,WoodstockTaftsvilleCRW,X,NA,NA,43585748.72,NA,NA,NA,NA,NA,578511.0176,NA,NA,NA,NA,NA,flat,flat,NA,NA,NA,NA,NA,NA,NA,NA,NA,NA
point,BradfordCRW,X,NA,NA,33896169.63,NA,NA,NA,NA,NA,226094.5291,NA,NA,NA,NA,NA,flat,flat,NA,NA,NA,NA,NA,NA,NA,NA,NA,NA
point,BridgewaterCRW,X,NA,NA,41115398.54,NA,NA,NA,NA,NA,353165.5047,NA,NA,NA,NA,NA,flat,flat,NA,NA,NA,NA,NA,NA,NA,NA,NA,NA
point,RoyaltonCRW,X,NA,NA,38792317.73,NA,NA,NA,NA,NA,289372.1507,NA,NA,NA,NA,NA,flat,flat,NA,NA,NA,NA,NA,NA,NA,NA,NA,NA
point,CavendishCRW,X,NA,NA,33252297.42,NA,NA,NA,NA,NA,220608.9595,NA,NA,NA,NA,NA,flat,flat,NA,NA,NA,NA,NA,NA,NA,NA,NA,NA
point,WindsorCRW,X,NA,NA,22794828.04,NA,NA,NA,NA,NA,163163.6495,NA,NA,NA,NA,NA,flat,flat,NA,NA,NA,NA,NA,NA,NA,NA,NA,NA
point,ChelseaCRW,X,NA,NA,0,NA,NA,NA,NA,NA,0,NA,NA,NA,NA,NA,flat,flat,NA,NA,NA,NA,NA,NA,NA,NA,NA,NA
point,HartfordQuecheeWWTFCRW,X,NA,NA,25022169.25,NA,NA,NA,NA,NA,172367.9306,NA,NA,NA,NA,NA,flat,flat,NA,NA,NA,NA,NA,NA,NA,NA,NA,NA
point,HartfordWhiteRiverJunctionWWTFCRW,X,NA,NA,8413372.726,NA,NA,NA,NA,NA,115132.9333,NA,NA,NA,NA,NA,flat,flat,NA,NA,NA,NA,NA,NA,NA,NA,NA,NA
point,WhitinghamJacksonvilleCRW,X,NA,NA,0,NA,NA,NA,NA,NA,0,NA,NA,NA,NA,NA,flat,flat,NA,NA,NA,NA,NA,NA,NA,NA,NA,NA
point,LunenburgCRW,X,NA,NA,38049151.18,NA,NA,NA,NA,NA,275938.0552,NA,NA,NA,NA,NA,flat,flat,NA,NA,NA,NA,NA,NA,NA,NA,NA,NA
point,WhitinghamCRW,X,NA,NA,0,NA,NA,NA,NA,NA,0,NA,NA,NA,NA,NA,flat,flat,NA,NA,NA,NA,NA,NA,NA,NA,NA,NA
point,SherburneFireDistrictCRW,X,NA,NA,25022169.25,NA,NA,NA,NA,NA,172367.9306,NA,NA,NA,NA,NA,flat,flat,NA,NA,NA,NA,NA,NA,NA,NA,NA,NA
point,ColdBrookFireDepartmentCRW,X,NA,NA,0,NA,NA,NA,NA,NA,0,NA,NA,NA,NA,NA,flat,flat,NA,NA,NA,NA,NA,NA,NA,NA,NA,NA
point,GreenwichWPCFEN,X,NA,NA,NA,NA,NA,NA,2147197.675,NA,NA,NA,NA,NA,53343.55568,NA,flat,flat,NA,NA,NA,NA,NA,NA,NA,NA,NA,NA
point,NewHavenEastWPCF,X,NA,NA,NA,NA,NA,NA,2147194.997,NA,NA,NA,NA,NA,36520.84192,NA,flat,flat,NA,NA,NA,NA,NA,NA,NA,NA,NA,NA
point,FairfieldWPCF,X,NA,NA,NA,NA,NA,NA,2147205.738,NA,NA,NA,NA,NA,55031.91533,NA,flat,flat,NA,NA,NA,NA,NA,NA,NA,NA,NA,NA
point,OysterBayEN,X,NA,NA,NA,NA,0,NA,NA,NA,NA,NA,0,NA,NA,NA,flat,flat,NA,NA,NA,NA,NA,NA,NA,NA,NA,NA
point,NorthportVillageEN,X,NA,NA,NA,NA,0,NA,NA,NA,NA,NA,0,NA,NA,NA,flat,flat,NA,NA,NA,NA,NA,NA,NA,NA,NA,NA
point,BlindBrookWPCFEN,X,NA,NA,NA,NA,2283604.173,NA,NA,NA,NA,NA,77825.76086,NA,NA,NA,flat,flat,NA,NA,NA,NA,NA,NA,NA,NA,NA,NA
point,PortWashingtonWN,X,NA,NA,NA,NA,2352691.742,NA,NA,NA,NA,NA,79906.3186,NA,NA,NA,flat,flat,NA,NA,NA,NA,NA,NA,NA,NA,NA,NA
point,GreatNeckWPCDWN,X,NA,NA,NA,NA,2258333.081,NA,NA,NA,NA,NA,76859.56942,NA,NA,NA,flat,flat,NA,NA,NA,NA,NA,NA,NA,NA,NA,NA
point,Claremont,,NA,NA,NA,407576.0633,NA,NA,NA,NA,NA,63640.10845,NA,NA,NA,NA,flat,flat,NA,NA,NA,NA,NA,NA,NA,NA,NA,
point,Hanover,,NA,NA,NA,442273.9448,NA,NA,NA,NA,NA,60244.53113,NA,NA,NA,NA,flat,flat,NA,NA,NA,NA,NA,NA,NA,NA,NA,
point,Hinsdale,,NA,NA,NA,106188.3748,NA,NA,NA,NA,NA,1078.645906,NA,NA,NA,NA,flat,flat,NA,NA,NA,NA,NA,NA,NA,NA,NA,Note: Plant located within Lower Connecticut River Basin.
point,Keene,,NA,NA,NA,1022537.36,NA,NA,NA,NA,NA,139285.356,NA,NA,NA,NA,flat,flat,NA,NA,NA,NA,NA,NA,NA,NA,NA,Capital and operations costs approximated based on costs at Hanover Plant. Note: Plant located within Lower Connecticut River Basin.
point,Ludlow,,NA,NA,231671.2549,NA,NA,NA,NA,NA,6310.078549,NA,NA,NA,NA,NA,flat,flat,NA,NA,NA,NA,NA,NA,NA,NA,NA,
point,Springfield,,NA,NA,422434.4107,NA,NA,NA,NA,NA,84587.41194,NA,NA,NA,NA,NA,flat,flat,NA,NA,NA,NA,NA,NA,NA,NA,NA,
ripbuf,Grassed_Buffer,X,0,1,848.39,801.355,604.72,865.88,886.43,898,0.042065542,0.042065542,0.042065542,0.042065542,0.042065542,0.042065542,ft2,ft2,20,100,100,0.75,0.75,0.75,0.75,0.75,0.75,"Note: different RD type - """"buffer width in feet"""""
ripbuf,Forested_Buffer,X,0,1,2436.6,6205.28,3817.61,2549.39,2500.67,4248.333333,0.042065542,0.042065542,0.042065542,0.042065542,0.042065542,0.042065542,ft2,ft2,20,100,100,0.75,0.75,0.75,0.75,0.75,0.75,"Note: different RD type - """"buffer width in feet"""""
septic,class_1_upgrade,X,NA,NA,65508.86,65508.86,65508.86,65508.86,65508.86,65508.86,772.1078,772.1078,772.1078,772.1078,772.1078,772.1078,parcel,parcel,NA,NA,NA,NA,NA,NA,NA,NA,NA,NA
septic,class_2_upgrade,X,NA,NA,36199.78,36199.78,36199.78,36199.78,36199.78,36199.78,772.1078,772.1078,772.1078,772.1078,772.1078,772.1078,parcel,parcel,NA,NA,NA,NA,NA,NA,NA,NA,NA,NA
septic,class_3_upgrade,X,NA,NA,42890.17,42890.17,42890.17,42890.17,42890.17,42890.17,772.1078,772.1078,772.1078,772.1078,772.1078,772.1078,parcel,parcel,NA,NA,NA,NA,NA,NA,NA,NA,NA,NA
septic,class_4_upgrade,X,NA,NA,31656.54,31656.54,31656.54,31656.54,31656.54,31656.54,772.1078,772.1078,772.1078,772.1078,772.1078,772.1078,parcel,parcel,NA,NA,NA,NA,NA,NA,NA,NA,NA,NA
septic,class_5_upgrade,X,NA,NA,98263.3,98263.3,98263.3,98263.3,98263.3,98263.3,772.1078,772.1078,772.1078,772.1078,772.1078,772.1078,parcel,parcel,NA,NA,NA,NA,NA,NA,NA,NA,NA,NA
septic,class_6_upgrade,X,NA,NA,54299.66,54299.66,54299.66,54299.66,54299.66,54299.66,772.1078,772.1078,772.1078,772.1078,772.1078,772.1078,parcel,parcel,NA,NA,NA,NA,NA,NA,NA,NA,NA,NA
septic,class_7_upgrade,X,NA,NA,64335.24,64335.24,64335.24,64335.24,64335.24,64335.24,772.1078,772.1078,772.1078,772.1078,772.1078,772.1078,parcel,parcel,NA,NA,NA,NA,NA,NA,NA,NA,NA,NA
septic,class_8_upgrade,X,NA,NA,47484.81,47484.81,47484.81,47484.81,47484.81,47484.81,772.1078,772.1078,772.1078,772.1078,772.1078,772.1078,parcel,parcel,NA,NA,NA,NA,NA,NA,NA,NA,NA,NA
septic,Sewer_convert,X,NA,NA,63800.49,63800.49,63800.49,63800.49,63800.49,63800.49,470,470,470,470,470,470,parcel,parcel,NA,NA,NA,NA,NA,NA,NA,NA,NA,NA
urban,Biofiltration_w_Underdrain,X,0,1,16.63,16.63,NA,NA,NA,NA,0.83,0.83,NA,NA,NA,NA,ft3,ft3,0.1,2,1,0.75,0.75,0.75,0.75,0.75,0.75,New development costs
urban,Bioretention_Basin,X,0,1,16.47,16.47,NA,NA,NA,NA,0.82,0.82,NA,NA,NA,NA,ft3,ft3,0.1,2,1,0.75,0.75,0.75,0.75,0.75,0.75,New development costs
urban,Enhanced_Biofiltration_w_ISR,X,0,1,16.63,16.63,NA,NA,NA,NA,0.83,0.83,NA,NA,NA,NA,ft3,ft3,0.1,2,1,0.75,0.75,0.75,0.75,0.75,0.75,New development costs
urban,Extended_Dry_Detention_Basin,X,0,1,7.24,7.24,NA,NA,NA,NA,0.36,0.36,NA,NA,NA,NA,ft3,ft3,0.1,2,1,0.75,0.75,0.75,0.75,0.75,0.75,New development costs
urban,Grass_Swale_w_detention,X,0,1,8.52,8.52,NA,NA,NA,NA,0.43,0.43,NA,NA,NA,NA,ft3,ft3,0.1,2,1,0.75,0.75,0.75,0.75,0.75,0.75,New development costs
urban,Gravel_Wetland,X,0,1,9.35,9.35,NA,NA,NA,NA,0.47,0.47,NA,NA,NA,NA,ft3,ft3,0.1,2,1,0.75,0.75,0.75,0.75,0.75,0.75,New development costs
urban,Infiltration_Basin,X,0,1,6.65,6.65,NA,NA,NA,NA,0.33,0.33,NA,NA,NA,NA,ft3,ft3,0.1,2,1,0.75,0.75,0.75,0.75,0.75,0.75,New development costs
urban,Infiltration_Chamber,X,0,1,72.27,72.27,NA,NA,NA,NA,3.61,3.61,NA,NA,NA,NA,ft3,ft3,0.1,2,1,0.75,0.75,0.75,0.75,0.75,0.75,New development costs
urban,Infiltration_Trench,X,0,1,13.3,13.3,NA,NA,NA,NA,0.67,0.67,NA,NA,NA,NA,ft3,ft3,0.1,2,1,0.75,0.75,0.75,0.75,0.75,0.75,New development costs
urban,Porous_Pavement_w_subsurface_infiltration,X,0,1,5.67,5.67,NA,NA,NA,NA,0.28,0.28,NA,NA,NA,NA,ft3,ft3,0.1,2,1,0.75,0.75,0.75,0.75,0.75,0.75,New development costs. Note: literature results on the efficiency of this BMP show it to be ineffective in NH
urban,Porous_Pavement_w_underdrain,X,0,1,19.25,19.25,NA,NA,NA,NA,0.96,0.96,NA,NA,NA,NA,ft3,ft3,12,32,12,0.75,0.75,0.75,0.75,0.75,0.75,"Note: different depth type - """"depth of filter course area in inches"""". NH specifies filter course depths of 8-12""""."
urban,Sand_Filter_w_underdrain,X,0,1,19.11,19.11,NA,NA,NA,NA,0.96,0.96,NA,NA,NA,NA,ft3,ft3,0.1,2,1,0.75,0.75,0.75,0.75,0.75,0.75,New development costs
urban,Wet_Pond,X,0,1,7.24,7.24,NA,NA,NA,NA,0.36,0.36,NA,NA,NA,NA,ft3,ft3,0.1,2,1,0.75,0.75,0.75,0.75,0.75,0.75,New development costs
