"","COMID","HUC_12","IncAreaKm2","ag_km2","PctCrop2019Cat","StateAbbrev","Contour_Farming_FracImplement","Contour_Farming_areaac","Cover_crops_FracImplement","Cover_crops_areaac","Fert_20_FracImplement","Fert_20_areaac","Filterstrip_FracImplement","Filterstrip_areaac","MIN_TILL_FracImplement","MIN_TILL_areaac","Ponds_FracImplement","Ponds_areaac","Terrace_Waterway_FracImplement","Terrace_Waterway_areaac","Waterway_Only_FracImplement","Waterway_Only_areaac"
"1",4570507,"010801020102",16.525691,0,0,"VT",0,0,0,0,0,0,1,0,0,0,0,0,0,0,0,0
"2",4570509,"010801020101",2.192913,0,0,"VT",0,0,0,0,0,0,1,0,0,0,0,0,0,0,0,0
"3",4570513,"010801020102",14.412446,0,0,"VT",0,0,0,0,0,0,1,0,0,0,0,0,0,0,0,0
"4",4570515,"010801020102",0.291919,0,0,"VT",0,0,0,0,0,0,1,0,0,0,0,0,0,0,0,0
"5",4570517,"010801020101",10.629325,0,0,"VT",0,0,0,0,0,0,1,0,0,0,0,0,0,0,0,0
"6",4570519,"010801020102",10.14327,0,0,"VT",0,0,0,0,0,0,1,0,0,0,0,0,0,0,0,0
"7",4570521,"010801020104",11.811828,0.614215056,5.2,"VT",0,0,0,0,1,151.77561141288,0,0,0,0,0,0,0,0,0,0
"8",4570523,"010801020104",2.658501,0.3336418755,12.55,"VT",0,0,0,0,1,82.4445756454275,0,0,0,0,0,0,0,0,0,0
"9",4570529,"010801020102",9.526158,0,0,"VT",0,0,0,0,0,0,1,0,0,0,0,0,0,0,0,0
"10",4570531,"010801020104",11.72974,0.036362194,0.31,"VT",0,0,0,0,0,0,1,8.98527994837,0,0,0,0,0,0,0,0
"11",4570533,"010801020104",24.217266,0.205846761,0.85,"VT",0,0,0,0,1,50.865763876905,0,0,0,0,0,0,0,0,0,0
"12",4570539,"010801020102",17.999191,0.1421936089,0.79,"VT",0,0,0,0,1,35.1367517272345,0,0,0,0,0,0,0,0,0,0
"13",4570541,"010801020103",7.073032,0.1959229864,2.77,"VT",0,0,0,0,1,48.413549554372,0,0,0,0,0,0,0,0,0,0
"14",4570543,"010801020104",6.289483,0.0213842422,0.34,"VT",0,0,0,0,0,0,1,5.284153168831,0,0,0,0,0,0,0,0
"15",4570547,"010801020103",1.142515,0,0,"VT",0,0,0,0,0,0,1,0,0,0,0,0,0,0,0,0
"16",4570549,"010801020102",17.070211,0,0,"VT",0,0,0,0,0,0,1,0,0,0,0,0,0,0,0,0
"17",4570555,"010801020102",6.248918,0,0,"VT",0,0,0,0,0,0,1,0,0,0,0,0,0,0,0,0
"18",4570557,"010801020202",19.826445,0,0,"VT",0,0,0,0,0,0,1,0,0,0,0,0,0,0,0,0
"19",4570561,"010801020201",0.795485,0,0,"VT",0,0,0,0,0,0,1,0,0,0,0,0,0,0,0,0
"20",4570563,"010801020102",7.411339,0,0,"VT",0,0,0,0,0,0,1,0,0,0,0,0,0,0,0,0
"21",4570565,"010801020302",0.417109,0,0,"VT",0,0,0,0,0,0,1,0,0,0,0,0,0,0,0,0
"22",4570569,"010801020104",4.865615,0.071037979,1.46,"VT",0,0,0,0,1,17.553839800795,0,0,0,0,0,0,0,0,0,0
"23",4570571,"010801020102",11.320048,0.237721008,2.1,"VT",0,0,0,0,1,58.74204968184,0,0,0,0,0,0,0,0,0,0
"24",4570573,"010801020201",1.81004,0,0,"VT",0,0,0,0,0,0,1,0,0,0,0,0,0,0,0,0
"25",4570575,"010801020202",13.797472,0,0,"VT",0,0,0,0,0,0,1,0,0,0,0,0,0,0,0,0
"26",4570579,"010801020302",0.768911,0,0,"VT",0,0,0,0,0,0,1,0,0,0,0,0,0,0,0,0
"27",4570581,"010801020201",3.580925,0,0,"VT",0,0,0,0,0,0,1,0,0,0,0,0,0,0,0,0
"28",4570583,"010801020202",21.71349,0,0,"VT",0,0,0,0,0,0,1,0,0,0,0,0,0,0,0,0
"29",4570587,"010801020201",3.395791,0,0,"VT",0,0,0,0,0,0,1,0,0,0,0,0,0,0,0,0
"30",4570589,"010801020302",8.7189,0,0,"VT",0,0,0,0,0,0,1,0,0,0,0,0,0,0,0,0
"31",4570591,"010801020302",9.510877,0,0,"VT",0,0,0,0,0,0,1,0,0,0,0,0,0,0,0,0
"32",4570595,"010801020302",3.981552,0,0,"VT",0,0,0,0,0,0,1,0,0,0,0,0,0,0,0,0
"33",4570597,"010801020302",11.139301,0.178228816,1.6,"VT",0,0,0,0,0,0,0,0,1,44.04123157768,0,0,0,0,0,0
"34",4570599,"010801020302",0.663994,0,0,"VT",0,0,0,0,0,0,1,0,0,0,0,0,0,0,0,0
"35",4570655,"010801020102",20.601558,0,0,"VT",0,0,0,0,0,0,1,0,0,0,0,0,0,0,0,0
"36",4570657,"010801020101",15.068723,0,0,"VT",0,0,0,0,0,0,1,0,0,0,0,0,0,0,0,0
"37",4570659,"010801020102",22.263288,0,0,"VT",0,0,0,0,0,0,1,0,0,0,0,0,0,0,0,0
"38",4570661,"010801020201",9.104728,0,0,"VT",0,0,0,0,0,0,1,0,0,0,0,0,0,0,0,0
"39",4570665,"010801020201",9.23971,0,0,"VT",0,0,0,0,0,0,1,0,0,0,0,0,0,0,0,0
"40",4570671,"010801020202",12.467243,0,0,"VT",0,0,0,0,0,0,1,0,0,0,0,0,0,0,0,0
"41",4570675,"010801020203",15.217713,0,0,"VT",0,0,0,0,0,0,1,0,0,0,0,0,0,0,0,0
"42",4570691,"010801020101",15.556508,0,0,"VT",0,0,0,0,0,0,1,0,0,0,0,0,0,0,0,0
"43",4571071,"010801020104",0.50458,0,0,"VT",0,0,0,0,0,0,1,0,0,0,0,0,0,0,0,0
"44",4571075,"010801020104",0.153892,0,0,"VT",0,0,0,0,0,0,1,0,0,0,0,0,0,0,0,0
"45",4571077,"010801020104",3.821182,0,0,"VT",0,0,0,0,0,0,1,0,0,0,0,0,0,0,0,0
"46",4571081,"010801020104",0.615718,0,0,"VT",0,0,0,0,0,0,1,0,0,0,0,0,0,0,0,0
"47",4571083,"010801020104",10.649422,0.0191689596,0.18,"VT",0,0,0,0,1,4.736745761958,0,0,0,0,0,0,0,0,0,0
"48",4571085,"010801020103",4.450582,0,0,"VT",0,0,0,0,0,0,1,0,0,0,0,0,0,0,0,0
"49",4571087,"010801020103",7.925079,0,0,"VT",0,0,0,0,0,0,1,0,0,0,0,0,0,0,0,0
"50",4571089,"010801020104",15.697174,0.2150512838,1.37,"VT",0,0,0,0,1,53.140247483399,0,0,0,0,0,0,0,0,0,0
"51",4571091,"010801020301",7.406081,0,0,"VT",0,0,0,0,0,0,1,0,0,0,0,0,0,0,0,0
"52",4571093,"010801020301",7.486605,0,0,"VT",0,0,0,0,0,0,1,0,0,0,0,0,0,0,0,0
"53",4571095,"010801020301",0.355034,0,0,"VT",0,0,0,0,0,0,1,0,0,0,0,0,0,0,0,0
"54",4571097,"010801020301",6.582598,0,0,"VT",0,0,0,0,0,0,1,0,0,0,0,0,0,0,0,0
"55",4571099,"010801020301",7.3449,0,0,"VT",0,0,0,0,0,0,1,0,0,0,0,0,0,0,0,0
"56",4571101,"010801020301",9.884948,0,0,"VT",0,0,0,0,0,0,1,0,0,0,0,0,0,0,0,0
"57",4571103,"010801020103",35.328207,1.2647498106,3.58,"VT",0,0,0,0,1,312.526001948313,0,0,0,0,0,0,0,0,0,0
"58",4571105,"010801020301",2.990076,0,0,"VT",0,0,0,0,0,0,1,0,0,0,0,0,0,0,0,0
"59",4571107,"010801020301",0.907789,0,0,"VT",0,0,0,0,0,0,1,0,0,0,0,0,0,0,0,0
"60",4571109,"010801020301",3.024204,0,0,"VT",0,0,0,0,0,0,1,0,0,0,0,0,0,0,0,0
"61",4571111,"010801020301",2.490595,0,0,"VT",0,0,0,0,0,0,1,0,0,0,0,0,0,0,0,0
"62",4571113,"010801020301",7.104166,0,0,"VT",0,0,0,0,0,0,1,0,0,0,0,0,0,0,0,0
"63",4571115,"010801020301",16.107781,0.2158442654,1.34,"VT",0,0,0,0,0,0,0,0,1,53.336197201667,0,0,0,0,0,0
"64",4571117,"010801020103",3.911819,0,0,"VT",0,0,0,0,0,0,1,0,0,0,0,0,0,0,0,0
"65",4571119,"010801020301",8.240017,0,0,"VT",0,0,0,0,0,0,1,0,0,0,0,0,0,0,0,0
"66",4571121,"010801020302",2.910768,0.0154270704,0.53,"VT",0,0,0,0,0,0,1,3.812106231192,0,0,0,0,0,0,0,0
"67",4571123,"010801020301",7.024136,0,0,"VT",0,0,0,0,0,0,1,0,0,0,0,0,0,0,0,0
"68",4571125,"010801020301",4.472945,0.115401981,2.58,"VT",0,0,0,0,0,0,0,0,1,28.516406515005,0,0,0,0,0,0
"69",4571127,"010801020301",0.031191,0,0,"VT",0,0,0,0,0,0,1,0,0,0,0,0,0,0,0,0
"70",4571129,"010801020301",5.440768,0,0,"VT",0,0,0,0,0,0,1,0,0,0,0,0,0,0,0,0
"71",4571131,"010801020302",13.966145,0.122902076,0.88,"VT",0,0,0,0,0,0,0,0,1,30.36971748998,0,0,0,0,0,0
"72",4571133,"010801020302",1.062375,0,0,"VT",0,0,0,0,0,0,1,0,0,0,0,0,0,0,0,0
"73",4571135,"010801020302",0.577416,0,0,"VT",0,0,0,0,0,0,1,0,0,0,0,0,0,0,0,0
"74",4571137,"010801020302",1.673118,0,0,"VT",0,0,0,0,0,0,1,0,0,0,0,0,0,0,0,0
"75",4571139,"010801020302",7.752114,0.1876011588,2.42,"VT",0,0,0,0,0,0,0,0,1,46.357184345274,0,0,0,0,0,0
"76",4571141,"010801020302",0.457378,0,0,"VT",0,0,0,0,0,0,1,0,0,0,0,0,0,0,0,0
"77",4571143,"010801020302",19.187726,0,0,"VT",0,0,0,0,0,0,1,0,0,0,0,0,0,0,0,0
"78",4571145,"010801020302",0.675403,0,0,"VT",0,0,0,0,0,0,1,0,0,0,0,0,0,0,0,0
"79",4571147,"010801020302",2.638124,0,0,"VT",0,0,0,0,0,0,1,0,0,0,0,0,0,0,0,0
"80",4571149,"010801020302",4.23795,0,0,"VT",0,0,0,0,0,0,1,0,0,0,0,0,0,0,0,0
"81",4571151,"010801020302",4.349417,0,0,"VT",0,0,0,0,0,0,1,0,0,0,0,0,0,0,0,0
"82",4571153,"010801020302",0.521518,0,0,"VT",0,0,0,0,0,0,1,0,0,0,0,0,0,0,0,0
"83",4571155,"010801020302",8.023338,0,0,"VT",0,0,0,0,0,0,1,0,0,0,0,0,0,0,0,0
"84",4571157,"010801020401",10.687411,0.0897742524,0.84,"VT",0,0,0,0,1,22.183666639302,0,0,0,0,0,0,0,0,0,0
"85",4571159,"010801020302",10.923057,0,0,"VT",0,0,0,0,0,0,1,0,0,0,0,0,0,0,0,0
"86",4571161,"010801020401",1.025397,0,0,"VT",0,0,0,0,0,0,1,0,0,0,0,0,0,0,0,0
"87",4571189,"010801020104",5.416674,0,0,"VT",0,0,0,0,0,0,1,0,0,0,0,0,0,0,0,0
"88",4571191,"010801020302",6.166549,0,0,"VT",0,0,0,0,0,0,1,0,0,0,0,0,0,0,0,0
"89",4571201,"010801020302",0.87895,0,0,"VT",0,0,0,0,0,0,1,0,0,0,0,0,0,0,0,0
"90",4571203,"010801020302",4.215409,0,0,"VT",0,0,0,0,0,0,1,0,0,0,0,0,0,0,0,0
"91",4571687,"010801020203",1.356944,0,0,"VT",0,0,0,0,0,0,1,0,0,0,0,0,0,0,0,0
"92",4571697,"010801020302",1.940198,0,0,"VT",0,0,0,0,0,0,1,0,0,0,0,0,0,0,0,0
"93",4571699,"010801020302",1.075981,0,0,"VT",0,0,0,0,0,0,1,0,0,0,0,0,0,0,0,0
"94",4571703,"010801020203",3.133172,0,0,"VT",0,0,0,0,0,0,1,0,0,0,0,0,0,0,0,0
"95",4571705,"010801020203",10.056088,0,0,"VT",0,0,0,0,0,0,1,0,0,0,0,0,0,0,0,0
"96",4571709,"010801020203",17.779838,0.017779838,0.1,"VT",0,0,0,0,0,0,1,4.39348686899,0,0,0,0,0,0,0,0
"97",4571711,"010801020203",0.001477,0,0,"VT",0,0,0,0,0,0,1,0,0,0,0,0,0,0,0,0
"98",4571713,"010801020203",0.183916,0,0,"VT",0,0,0,0,0,0,1,0,0,0,0,0,0,0,0,0
"99",4571715,"010801020203",0.22242,0.008073846,3.63,"VT",0,0,0,0,1,1.99508771583,0,0,0,0,0,0,0,0,0,0
"100",4571719,"010801020203",22.350466,0,0,"VT",0,0,0,0,0,0,1,0,0,0,0,0,0,0,0,0
"101",4571723,"010801020203",5.982751,0.065810261,1.1,"VT",0,0,0,0,1,16.262044544405,0,0,0,0,0,0,0,0,0,0
"102",4571725,"010801020203",29.546012,0.0945472384,0.32,"VT",0,0,0,0,0,0,1,23.363095344832,0,0,0,0,0,0,0,0
"103",4571727,"010801020203",2.726952,0.0070900752,0.26,"VT",0,0,0,0,0,0,1,1.751993032296,0,0,0,0,0,0,0,0
"104",4571729,"010801020203",11.483013,0.0792327897,0.69,"VT",0,0,0,0,1,19.5788184988185,0,0,0,0,0,0,0,0,0,0
"105",4571733,"010801020203",9.396277,0,0,"VT",0,0,0,0,0,0,1,0,0,0,0,0,0,0,0,0
"106",4571735,"010801020403",2.909011,0,0,"VT",0,0,0,0,0,0,1,0,0,0,0,0,0,0,0,0
"107",4571737,"010801020403",2.756519,0,0,"VT",0,0,0,0,0,0,1,0,0,0,0,0,0,0,0,0
"108",4571801,"010801020203",1.904542,0,0,"VT",0,0,0,0,0,0,1,0,0,0,0,0,0,0,0,0
"109",4571811,"010801020203",4.548438,0,0,"VT",0,0,0,0,0,0,1,0,0,0,0,0,0,0,0,0
"110",4571813,"010801020203",0.791594,0,0,"VT",0,0,0,0,0,0,1,0,0,0,0,0,0,0,0,0
"111",4571815,"010801020302",0.110197,0,0,"VT",0,0,0,0,0,0,1,0,0,0,0,0,0,0,0,0
"112",4572269,"010801020401",1.767159,0.0811125981,4.59,"VT",0,0,0,0,1,20.0433285535005,0,0,0,0,0,0,0,0,0,0
"113",4572273,"010801020401",4.569865,0.1311551255,2.87,"VT",0,0,0,0,1,32.4090872866775,0,0,0,0,0,0,0,0,0,0
"114",4572275,"010801020401",4.151698,0.0502355458,1.21,"VT",0,0,0,0,1,12.413454544909,0,0,0,0,0,0,0,0,0,0
"115",4572279,"010801020402",6.864152,0,0,"VT",0,0,1,0,0,0,0,0,0,0,0,0,0,0,0,0
"116",4572281,"010801020302",19.875714,0.2504339964,1.26,"VT",0,0,0,0,0,0,0,0,1,61.883492680422,0,0,0,0,0,0
"117",4572283,"010801020302",8.137902,0.0317378178,0.39,"VT",0,0,0,0,0,0,1,7.842573467469,0,0,0,0,0,0,0,0
"118",4572285,"010801020401",1.667127,0.0746872896,4.48,"VT",0,0,0,0,1,18.455602696608,0,0,0,0,0,0,0,0,0,0
"119",4572287,"010801020302",2.725941,0.0008177823,0.03,"VT",0,0,0,0,0,0,1,0.2020780952415,0,0,0,0,0,0,0,0
"120",4572289,"010801020302",1.185393,0.018966288,1.6,"VT",0,0,0,0,0,0,0,0,1,4.68666459624,0,0,0,0,0,0
"121",4572291,"010801020401",6.018671,0,0,"VT",0,0,0,0,0,0,1,0,0,0,0,0,0,0,0,0
"122",4572293,"010801020401",0.389456,0,0,"VT",0,0,0,0,0,0,1,0,0,0,0,0,0,0,0,0
"123",4572295,"010801020401",6.405174,0,0,"VT",0,0,0,0,0,0,1,0,0,0,0,0,0,0,0,0
"124",4572297,"010801020401",2.714413,0,0,"VT",0,0,0,0,0,0,1,0,0,0,0,0,0,0,0,0
"125",4572299,"010801020402",4.751429,0,0,"VT",0,0,1,0,0,0,0,0,0,0,0,0,0,0,0,0
"126",4572301,"010801020302",8.883352,0.0763968272,0.86,"VT",0,0,0,0,0,0,0,0,1,18.878037985256,0,0,0,0,0,0
"127",4572303,"010801020203",1.022451,0,0,"VT",0,0,0,0,0,0,1,0,0,0,0,0,0,0,0,0
"128",4572307,"010801020401",15.781403,0.0426097881,0.27,"VT",0,0,0,0,0,0,1,10.5290916884505,0,0,0,0,0,0,0,0
"129",4572309,"010801020403",4.797554,0,0,"VT",0,0,0,0,0,0,1,0,0,0,0,0,0,0,0,0
"130",4572311,"010801020402",12.561501,0.0200984016,0.16,"VT",0,0,0,0,0,0,1,4.966415527368,0,0,0,0,0,0,0,0
"131",4572313,"010801020402",17.754898,0,0,"VT",0,0,1,0,0,0,0,0,0,0,0,0,0,0,0,0
"132",4572317,"010801020402",6.120947,0,0,"VT",0,0,1,0,0,0,0,0,0,0,0,0,0,0,0,0
"133",4572345,"010801020401",1.546311,0,0,"VT",0,0,0,0,0,0,1,0,0,0,0,0,0,0,0,0
"134",4572347,"010801020401",11.142861,0.1437429069,1.29,"VT",0,0,0,0,1,35.5195910095245,0,0,0,0,0,0,0,0,0,0
"135",4572349,"010801020401",5.959971,0.0423157941,0.71,"VT",0,0,0,0,1,10.4564443010805,0,0,0,0,0,0,0,0,0,0
"136",4572351,"010801020401",1.401448,0.060262264,4.3,"VT",0,0,0,0,1,14.89110674572,0,0,0,0,0,0,0,0,0,0
"137",4572353,"010801020401",12.948955,0,0,"VT",0,0,0,0,0,0,1,0,0,0,0,0,0,0,0,0
"138",4572355,"010801020401",13.595488,0,0,"VT",0,0,0,0,0,0,1,0,0,0,0,0,0,0,0,0
"139",4572357,"010801020402",11.268276,0,0,"VT",0,0,1,0,0,0,0,0,0,0,0,0,0,0,0,0
"140",4572359,"010801020401",7.764402,0.0520214934,0.67,"VT",0,0,0,0,1,12.854771126607,0,0,0,0,0,0,0,0,0,0
"141",4572361,"010801020402",3.933742,0,0,"VT",0,0,1,0,0,0,0,0,0,0,0,0,0,0,0,0
"142",4572363,"010801020403",18.82821,0.261712119,1.39,"VT",0,0,0,0,1,64.670373165495,0,0,0,0,0,0,0,0,0,0
"143",4572365,"010801020403",6.707089,0,0,"VT",0,0,0,0,0,0,1,0,0,0,0,0,0,0,0,0
"144",4572367,"010801020403",11.145202,0,0,"VT",0,0,0,0,0,0,1,0,0,0,0,0,0,0,0,0
"145",4572369,"010801020402",12.718129,0.012718129,0.1,"VT",0,0,0,0,0,0,1,3.142713266545,0,0,0,0,0,0,0,0
"146",4572371,"010801020402",15.465256,0.061861024,0.4,"VT",0,0,0,0,0,0,0,0,1,15.28616833552,0,0,0,0,0,0
"147",4572379,"010801020403",5.658203,0,0,"VT",0,0,0,0,0,0,1,0,0,0,0,0,0,0,0,0
"148",4572381,"010801020402",0.0027,0,0,"VT",0,0,1,0,0,0,0,0,0,0,0,0,0,0,0,0
"149",4572387,"010801020403",2.304024,0,0,"VT",0,0,0,0,0,0,1,0,0,0,0,0,0,0,0,0
"150",4572389,"010801020401",0.0036,0,0,"VT",0,0,0,0,0,0,1,0,0,0,0,0,0,0,0,0
"151",4572391,"010801020403",12.314258,0.2228880698,1.81,"VT",0,0,0,0,1,55.076756487929,0,0,0,0,0,0,0,0,0,0
"152",4572393,"010801020403",0.006013,0,0,"VT",0,0,1,0,0,0,0,0,0,0,0,0,0,0,0,0
"153",4572395,"010801020403",3.663452,0,0,"VT",0,0,0,0,0,0,1,0,0,0,0,0,0,0,0,0
"154",4572403,"010801020402",10.152064,0,0,"VT",0,0,1,0,0,0,0,0,0,0,0,0,0,0,0,0
"155",4572405,"010801020402",9.47981,0,0,"VT",0,0,1,0,0,0,0,0,0,0,0,0,0,0,0,0
"156",4572409,"010801020403",4.953327,0.0980758746,1.98,"NH",0,0,0,0,1,24.235038993033,0,0,0,0,0,0,0,0,0,0
"157",4573737,"010801030204",17.601055,0,0,"VT",0,0,0,0,0,0,1,0,0,0,0,0,0,0,0,0
"158",4573739,"010801030204",13.256556,0.0808649916,0.61,"VT",0,0,0,0,1,19.982143749318,0,0,0,0,0,0,0,0,0,0
"159",4573743,"010801030204",7.315441,0.1719128635,2.35,"VT",0,0,0,0,1,42.4805281351675,0,0,0,0,0,0,0,0,0,0
"160",4573745,"010801030204",6.18879,0,0,"VT",0,0,0,0,0,0,1,0,0,0,0,0,0,0,0,0
"161",4573747,"010801030204",15.260766,0.3311586222,2.17,"VT",0,0,0,0,1,81.830951338731,0,0,0,0,0,0,0,0,0,0
"162",4573749,"010801030204",0.115778,0,0,"VT",0,0,0,0,0,0,1,0,0,0,0,0,0,0,0,0
"163",4573751,"010801030204",0.291507,0,0,"VT",0,0,0,0,0,0,1,0,0,0,0,0,0,0,0,0
"164",4573753,"010801030204",1.668492,0,0,"VT",0,0,0,0,0,0,1,0,0,0,0,0,0,0,0,0
"165",4573755,"010801030204",3.850146,0,0,"VT",0,0,0,0,0,0,1,0,0,0,0,0,0,0,0,0
"166",4573757,"010801030204",6.00272,0,0,"VT",0,0,0,0,0,0,1,0,0,0,0,0,0,0,0,0
"167",4573759,"010801030601",1.477608,0,0,"VT",0,0,0,0,0,0,1,0,0,0,0,0,0,0,0,0
"168",4573761,"010801030601",13.864142,0,0,"VT",0,0,0,0,0,0,1,0,0,0,0,0,0,0,0,0
"169",4573763,"010801030601",8.988293,0,0,"VT",0,0,0,0,0,0,1,0,0,0,0,0,0,0,0,0
"170",4573765,"010801030601",6.31893,0,0,"VT",0,0,0,0,0,0,1,0,0,0,0,0,0,0,0,0
"171",4573767,"010801030601",5.237789,0,0,"VT",0,0,0,0,0,0,1,0,0,0,0,0,0,0,0,0
"172",4573769,"010801030602",4.904704,0,0,"VT",0,0,0,0,0,0,1,0,0,0,0,0,0,0,0,0
"173",4573771,"010801030602",0.576083,0,0,"VT",0,0,0,0,0,0,1,0,0,0,0,0,0,0,0,0
"174",4573773,"010801030601",2.716534,0,0,"VT",0,0,0,0,0,0,1,0,0,0,0,0,0,0,0,0
"175",4573775,"010801030602",5.165132,0,0,"VT",0,0,0,0,0,0,1,0,0,0,0,0,0,0,0,0
"176",4573777,"010801030602",0.297747,0,0,"VT",0,0,0,0,0,0,1,0,0,0,0,0,0,0,0,0
"177",4573779,"010801030602",7.449236,0,0,"VT",0,0,0,0,0,0,1,0,0,0,0,0,0,0,0,0
"178",4573781,"010801030602",6.604101,0,0,"VT",0,0,0,0,0,0,1,0,0,0,0,0,0,0,0,0
"179",4573783,"010801030602",0.135788,0,0,"VT",0,0,0,0,0,0,1,0,0,0,0,0,0,0,0,0
"180",4573785,"010801030601",14.52463,0,0,"VT",0,0,0,0,0,0,1,0,0,0,0,0,0,0,0,0
"181",4573787,"010801030601",6.499397,0,0,"VT",0,0,0,0,0,0,1,0,0,0,0,0,0,0,0,0
"182",4573789,"010801030602",6.92101,0,0,"VT",0,0,0,0,0,0,1,0,0,0,0,0,0,0,0,0
"183",4573791,"010801030602",5.07459,0.106058931,2.09,"VT",0,0,0,0,1,26.207692144755,0,0,0,0,0,0,0,0,0,0
"184",4573793,"010801030602",0.717431,0,0,"VT",0,0,0,0,0,0,1,0,0,0,0,0,0,0,0,0
"185",4573795,"010801030602",5.354945,0,0,"VT",0,0,0,0,0,0,1,0,0,0,0,0,0,0,0,0
"186",4573797,"010801030602",14.999125,0,0,"VT",0,0,0,0,0,0,1,0,0,0,0,0,0,0,0,0
"187",4573799,"010801030602",22.207017,0.0133242102,0.06,"VT",0,0,0,0,0,0,1,3.292478961471,0,0,0,0,0,0,0,0
"188",4573903,"010801030204",13.41562,0.06037029,0.45,"VT",0,0,0,0,0,0,1,14.91780051045,0,0,0,0,0,0,0,0
"189",4573905,"010801030204",5.884555,0.0335419635,0.57,"VT",0,0,0,0,0,0,1,8.2883868906675,0,0,0,0,0,0,0,0
"190",4573907,"010801030204",16.147867,0,0,"VT",0,0,0,0,0,0,1,0,0,0,0,0,0,0,0,0
"191",4573911,"010801030602",6.559481,0,0,"VT",0,0,0,0,0,0,1,0,0,0,0,0,0,0,0,0
"192",4573913,"010801030602",9.264416,0,0,"VT",0,0,0,0,0,0,1,0,0,0,0,0,0,0,0,0
"193",4573915,"010801030602",9.280948,0,0,"VT",0,0,0,0,0,0,1,0,0,0,0,0,0,0,0,0
"194",4573919,"010801030601",7.287458,0,0,"VT",0,0,0,0,0,0,1,0,0,0,0,0,0,0,0,0
"195",4573921,"010801030602",23.478661,0.0493051881,0.21,"VT",0,0,0,0,0,0,1,12.1835585054505,0,0,0,0,0,0,0,0
"196",4573923,"010801030602",6.952945,0,0,"VT",0,0,0,0,0,0,1,0,0,0,0,0,0,0,0,0
"197",4573925,"010801030602",3.596665,0,0,"VT",0,0,0,0,0,0,1,0,0,0,0,0,0,0,0,0
"198",4573927,"010801030602",4.837629,0.0304770627,0.63,"VT",0,0,0,0,1,7.5310345784835,0,0,0,0,0,0,0,0,0,0
"199",4573959,"010801030204",5.784084,0.0080977176,0.14,"VT",0,0,0,0,0,0,1,2.000986507548,0,0,0,0,0,0,0,0
"200",4573963,"010801030601",0.238855,0,0,"VT",0,0,0,0,0,0,1,0,0,0,0,0,0,0,0,0
"201",4573965,"010801030601",0.064373,0,0,"VT",0,0,0,0,0,0,1,0,0,0,0,0,0,0,0,0
"202",4573967,"010801030601",4.594542,0,0,"VT",0,0,0,0,0,0,1,0,0,0,0,0,0,0,0,0
"203",4573983,"010801030204",3.169409,0,0,"VT",0,0,0,0,0,0,1,0,0,0,0,0,0,0,0,0
"204",4573993,"010801030602",2.746964,0,0,"VT",0,0,0,0,0,0,1,0,0,0,0,0,0,0,0,0
"205",4574001,"010801030204",1.270209,0,0,"VT",0,0,0,0,0,0,1,0,0,0,0,0,0,0,0,0
"206",4592095,"010801010202",3.181901,0,0,"NH",0,0,0,0,0,0,1,0,0,0,0,0,0,0,0,0
"207",4592107,"010801010202",11.685544,0,0,"NH",0,0,0,0,0,0,1,0,0,0,0,0,0,0,0,0
"208",4592147,"010801010303",0.166872,0,0,"NH",0,0,1,0,0,0,0,0,0,0,0,0,0,0,0,0
"209",4592151,"010801010303",1.605917,0,0,"NH",0,0,1,0,0,0,0,0,0,0,0,0,0,0,0,0
"210",4592153,"010801010303",0.19742,0,0,"NH",0,0,1,0,0,0,0,0,0,0,0,0,0,0,0,0
"211",4592157,"010801010104",4.435075,0,0,"NH",0,0,0,0,0,0,1,0,0,0,0,0,0,0,0,0
"212",4592159,"010801010104",6.365304,0,0,"NH",0,0,0,0,0,0,1,0,0,0,0,0,0,0,0,0
"213",4592163,"010801010203",9.153175,0,0,"NH",0,0,0,0,0,0,1,0,0,0,0,0,0,0,0,0
"214",4592165,"010801010203",2.598322,0,0,"NH",0,0,0,0,0,0,1,0,0,0,0,0,0,0,0,0
"215",4592167,"010801010203",2.05959,0,0,"NH",0,0,0,0,0,0,1,0,0,0,0,0,0,0,0,0
"216",4592177,"010801010203",4.273386,0,0,"NH",0,0,0,0,0,0,1,0,0,0,0,0,0,0,0,0
"217",4592179,"010801010203",9.929054,0,0,"NH",0,0,0,0,0,0,1,0,0,0,0,0,0,0,0,0
"218",4592181,"010801010304",2.098406,0,0,"VT",0,0,1,0,0,0,0,0,0,0,0,0,0,0,0,0
"219",4592183,"010801010304",0.435905,0,0,"VT",0,0,1,0,0,0,0,0,0,0,0,0,0,0,0,0
"220",4592185,"010801010304",4.901752,0.0117642048,0.24,"VT",0,0,0,0,1,2.906993827104,0,0,0,0,0,0,0,0,0,0
"221",4592187,"010801010203",5.425934,0,0,"NH",0,0,0,0,0,0,1,0,0,0,0,0,0,0,0,0
"222",4592191,"010801010304",5.990955,0,0,"VT",0,0,1,0,0,0,0,0,0,0,0,0,0,0,0,0
"223",4592195,"010801010304",0.66403,0,0,"VT",0,0,1,0,0,0,0,0,0,0,0,0,0,0,0,0
"224",4592197,"010801010304",2.12931,0.032791374,1.54,"VT",0,0,0,0,1,8.10291247227,0,0,0,0,0,0,0,0,0,0
"225",4592199,"010801010305",3.147529,0,0,"NH",0,0,1,0,0,0,0,0,0,0,0,0,0,0,0,0
"226",4592201,"010801010305",4.320384,0,0,"NH",0,0,1,0,0,0,0,0,0,0,0,0,0,0,0,0
"227",4592205,"010801010301",1.651184,0,0,"NH",0,0,1,0,0,0,0,0,0,0,0,0,0,0,0,0
"228",4592207,"010801010301",1.3373,0,0,"NH",0,0,1,0,0,0,0,0,0,0,0,0,0,0,0,0
"229",4592209,"010801010301",2.457234,0,0,"NH",0,0,1,0,0,0,0,0,0,0,0,0,0,0,0,0
"230",4592217,"010801010104",15.196959,0,0,"NH",0,0,0,0,0,0,1,0,0,0,0,0,0,0,0,0
"231",4592277,"010801010202",2.770977,0,0,"NH",0,0,0,0,0,0,1,0,0,0,0,0,0,0,0,0
"232",4592303,"010801010202",12.158333,0,0,"NH",0,0,0,0,0,0,1,0,0,0,0,0,0,0,0,0
"233",4592305,"010801010203",20.781961,0,0,"NH",0,0,0,0,0,0,1,0,0,0,0,0,0,0,0,0
"234",4592307,"010801010103",5.058945,0,0,"NH",0,0,0,0,0,0,1,0,0,0,0,0,0,0,0,0
"235",4592311,"010801010103",5.177937,0,0,"NH",0,0,0,0,0,0,1,0,0,0,0,0,0,0,0,0
"236",4592313,"010801010303",2.614675,0,0,"NH",0,0,1,0,0,0,0,0,0,0,0,0,0,0,0,0
"237",4592315,"010801010203",1.007283,0,0,"NH",0,0,0,0,0,0,1,0,0,0,0,0,0,0,0,0
"238",4592317,"010801010203",6.615867,0,0,"NH",0,0,0,0,0,0,1,0,0,0,0,0,0,0,0,0
"239",4592323,"010801010104",9.595377,0,0,"NH",0,0,0,0,0,0,1,0,0,0,0,0,0,0,0,0
"240",4592325,"010801010305",8.761458,0.0753485388,0.86,"NH",0,0,0,0,1,18.619000680174,0,0,0,0,0,0,0,0,0,0
"241",4592327,"010801010305",2.047149,0,0,"NH",0,0,1,0,0,0,0,0,0,0,0,0,0,0,0,0
"242",4592333,"010801010201",1.309943,0,0,"NH",0,0,0,0,0,0,1,0,0,0,0,0,0,0,0,0
"243",4592379,"010801010102",2.591194,0,0,"NH",0,0,0,0,0,0,1,0,0,0,0,0,0,0,0,0
"244",4592383,"010801010102",10.33169,0,0,"NH",0,0,0,0,0,0,1,0,0,0,0,0,0,0,0,0
"245",4592385,"010801010104",7.029807,0,0,"NH",0,0,0,0,0,0,1,0,0,0,0,0,0,0,0,0
"246",4592387,"010801010104",9.211816,0,0,"NH",0,0,0,0,0,0,1,0,0,0,0,0,0,0,0,0
"247",4592391,"010801010104",7.668968,0,0,"NH",0,0,0,0,0,0,1,0,0,0,0,0,0,0,0,0
"248",4592401,"010801010203",5.943581,0,0,"NH",0,0,0,0,0,0,1,0,0,0,0,0,0,0,0,0
"249",4592403,"010801010301",0.994108,0,0,"NH",0,0,1,0,0,0,0,0,0,0,0,0,0,0,0,0
"250",4592407,"010801010303",0.474361,0,0,"NH",0,0,1,0,0,0,0,0,0,0,0,0,0,0,0,0
"251",4592409,"010801010303",0.236278,0,0,"NH",0,0,1,0,0,0,0,0,0,0,0,0,0,0,0,0
"252",4592411,"010801010303",0.050786,0,0,"NH",0,0,1,0,0,0,0,0,0,0,0,0,0,0,0,0
"253",4592413,"010801010303",1.297757,0,0,"NH",0,0,1,0,0,0,0,0,0,0,0,0,0,0,0,0
"254",4592763,"010801010301",0.010234,0,0,"NH",0,0,1,0,0,0,0,0,0,0,0,0,0,0,0,0
"255",4592765,"010801010301",1.224929,0,0,"NH",0,0,1,0,0,0,0,0,0,0,0,0,0,0,0,0
"256",4592771,"010801010301",0.884459,0,0,"NH",0,0,1,0,0,0,0,0,0,0,0,0,0,0,0,0
"257",4592773,"010801010301",0.723101,0,0,"NH",0,0,1,0,0,0,0,0,0,0,0,0,0,0,0,0
"258",4592777,"010801010301",6.43028,0,0,"NH",0,0,1,0,0,0,0,0,0,0,0,0,0,0,0,0
"259",4592779,"010801010305",2.502657,0.1281360384,5.12,"NH",0,0,0,0,1,31.663055768832,0,0,0,0,0,0,0,0,0,0
"260",4592781,"010801010304",1.406969,0.0458671894,3.26,"VT",0,0,0,0,1,11.334011836687,0,0,0,0,0,0,0,0,0,0
"261",4592787,"010801010305",0.889547,0.1622533728,18.24,"NH",0,0,0,0,1,40.093619685744,0,0,0,0,0,0,0,0,0,0
"262",4592789,"010801010305",6.523067,0.0339199484,0.52,"VT",0,0,0,0,1,8.381788849382,0,0,0,0,0,0,0,0,0,0
"263",4592793,"010801010305",2.382862,0,0,"VT",0,0,1,0,0,0,0,0,0,0,0,0,0,0,0,0
"264",4592795,"010801010301",8.565137,0,0,"NH",0,0,1,0,0,0,0,0,0,0,0,0,0,0,0,0
"265",4592797,"010801010301",12.985662,0,0,"NH",0,0,1,0,0,0,0,0,0,0,0,0,0,0,0,0
"266",4592801,"010801010104",11.0963,0,0,"NH",0,0,0,0,0,0,1,0,0,0,0,0,0,0,0,0
"267",4592803,"010801010305",11.192729,0,0,"VT",0,0,1,0,0,0,0,0,0,0,0,0,0,0,0,0
"268",4592805,"010801010305",5.990796,0,0,"VT",0,0,1,0,0,0,0,0,0,0,0,0,0,0,0,0
"269",4592807,"010801010104",30.795102,0,0,"NH",0,0,0,0,0,0,1,0,0,0,0,0,0,0,0,0
"270",4592809,"010801010301",18.502033,0,0,"NH",0,0,1,0,0,0,0,0,0,0,0,0,0,0,0,0
"271",4592811,"010801010305",28.243195,0.785160821,2.78,"NH",0,0,0,0,1,194.017164673205,0,0,0,0,0,0,0,0,0,0
"272",4592813,"010801010305",12.815158,0.0230672844,0.18,"VT",0,0,0,0,1,5.700041311662,0,0,0,0,0,0,0,0,0,0
"273",4592815,"010801010305",1.898901,0.1439366958,7.58,"NH",0,0,0,0,1,35.567477215659,0,0,0,0,0,0,0,0,0,0
"274",4592819,"010801010402",6.889664,0,0,"NH",0,0,1,0,0,0,0,0,0,0,0,0,0,0,0,0
"275",4592825,"010801010402",7.212228,0,0,"NH",0,0,1,0,0,0,0,0,0,0,0,0,0,0,0,0
"276",4592833,"010801010401",7.913249,0,0,"NH",0,0,1,0,0,0,0,0,0,0,0,0,0,0,0,0
"277",4592835,"010801010401",15.333713,0,0,"NH",0,0,1,0,0,0,0,0,0,0,0,0,0,0,0,0
"278",4592837,"010801010401",0.280479,0,0,"NH",0,0,1,0,0,0,0,0,0,0,0,0,0,0,0,0
"279",4592839,"010801010401",15.67799,0,0,"NH",0,0,1,0,0,0,0,0,0,0,0,0,0,0,0,0
"280",4592845,"010801010404",8.22175,0.142236275,1.73,"NH",0,0,0,0,0,0,0,0,1,35.147294733875,0,0,0,0,0,0
"281",4592851,"010801010401",1.647511,0,0,"NH",0,0,1,0,0,0,0,0,0,0,0,0,0,0,0,0
"282",4592853,"010801010402",52.381988,0.0104763976,0.02,"NH",0,0,0,0,0,0,0,0,0,0,0,0,1,2.588770228948,0,0
"283",4592859,"010801010401",5.206868,0,0,"NH",0,0,1,0,0,0,0,0,0,0,0,0,0,0,0,0
"284",4592861,"010801010401",11.375425,0,0,"NH",0,0,1,0,0,0,0,0,0,0,0,0,0,0,0,0
"285",4592865,"010801010401",2.516893,0,0,"NH",0,0,1,0,0,0,0,0,0,0,0,0,0,0,0,0
"286",4592867,"010801010404",8.851147,0.1301118609,1.47,"NH",0,0,0,0,0,0,0,0,1,32.1512913876945,0,0,0,0,0,0
"287",4592869,"010801010404",1.014863,0,0,"VT",0,0,1,0,0,0,0,0,0,0,0,0,0,0,0,0
"288",4592873,"010801010501",3.765464,0,0,"VT",0,0,0,0,0,0,1,0,0,0,0,0,0,0,0,0
"289",4592875,"010801010404",11.969418,0.3937938522,3.29,"NH",0,0,0,0,0,0,0,0,1,97.308429847881,0,0,0,0,0,0
"290",4592877,"010801010501",4.661617,0,0,"VT",0,0,0,0,0,0,1,0,0,0,0,0,0,0,0,0
"291",4592879,"010801010403",5.171411,0,0,"NH",0,0,1,0,0,0,0,0,0,0,0,0,0,0,0,0
"292",4592881,"010801010404",7.057812,0,0,"NH",0,0,1,0,0,0,0,0,0,0,0,0,0,0,0,0
"293",4592883,"010801010404",22.684683,0,0,"NH",0,0,1,0,0,0,0,0,0,0,0,0,0,0,0,0
"294",4592885,"010801010404",1.612344,0.0559483368,3.47,"NH",0,0,0,0,0,0,0,0,1,13.825113764964,0,0,0,0,0,0
"295",4592887,"010801010404",6.562949,0.0557850665,0.85,"NH",0,0,0,0,0,0,0,0,1,13.7847688574825,0,0,0,0,0,0
"296",4592889,"010801010403",19.916231,0,0,"NH",0,0,1,0,0,0,0,0,0,0,0,0,0,0,0,0
"297",4592891,"010801010501",0.55827,0,0,"VT",0,0,0,0,0,0,1,0,0,0,0,0,0,0,0,0
"298",4592895,"010801010403",12.818336,0,0,"NH",0,0,1,0,0,0,0,0,0,0,0,0,0,0,0,0
"299",4592899,"010801010404",13.449917,0.242098506,1.8,"NH",0,0,0,0,0,0,0,0,1,59.82375132513,0,0,0,0,0,0
"300",4592901,"010801010501",1.260208,0,0,"VT",0,0,0,0,0,0,1,0,0,0,0,0,0,0,0,0
"301",4592907,"010801010503",36.226091,0,0,"VT",0,0,0,0,0,0,1,0,0,0,0,0,0,0,0,0
"302",4592909,"010801010405",2.2569,0,0,"NH",0,0,1,0,0,0,0,0,0,0,0,0,0,0,0,0
"303",4592911,"010801010405",18.164603,0,0,"VT",0,0,1,0,0,0,0,0,0,0,0,0,0,0,0,0
"304",4592913,"010801010503",5.740846,0,0,"VT",0,0,0,0,0,0,1,0,0,0,0,0,0,0,0,0
"305",4592915,"010801010405",10.680286,0,0,"NH",0,0,1,0,0,0,0,0,0,0,0,0,0,0,0,0
"306",4592925,"010801010603",13.905229,0.1571290877,1.13,"NH",0,0,0,0,1,38.8273832161085,0,0,0,0,0,0,0,0,0,0
"307",4592931,"010801010603",3.357216,0,0,"NH",0,0,0,0,0,0,1,0,0,0,0,0,0,0,0,0
"308",4592933,"010801010603",13.052192,0,0,"VT",0,0,0,0,0,0,1,0,0,0,0,0,0,0,0,0
"309",4592937,"010801010603",3.50514,0.141257142,4.03,"NH",0,0,0,0,1,34.90534607391,0,0,0,0,0,0,0,0,0,0
"310",4592939,"010801010603",1.506919,0.0215489417,1.43,"VT",0,0,0,0,1,5.3248512387785,0,0,0,0,0,0,0,0,0,0
"311",4592949,"010801010706",14.75608,0,0,"NH",0,0,0,0,0,0,1,0,0,0,0,0,0,0,0,0
"312",4592953,"010801010603",8.611505,0,0,"NH",0,0,0,0,0,0,1,0,0,0,0,0,0,0,0,0
"313",4592957,"010801010706",4.978254,0,0,"NH",0,0,0,0,0,0,1,0,0,0,0,0,0,0,0,0
"314",4592961,"010801010603",9.042456,0.221540172,2.45,"NH",0,0,0,0,1,54.74368420206,0,0,0,0,0,0,0,0,0,0
"315",4592975,"010801010603",9.657737,0.0357336269,0.37,"NH",0,0,0,0,1,8.8299578751245,0,0,0,0,0,0,0,0,0,0
"316",4592977,"010801010603",11.936588,0,0,"VT",0,0,0,0,0,0,1,0,0,0,0,0,0,0,0,0
"317",4592981,"010801010602",30.737451,0.0122949804,0.04,"NH",0,0,0,0,1,3.038151131742,0,0,0,0,0,0,0,0,0,0
"318",4592983,"010801010601",11.352723,0,0,"VT",0,0,0,0,0,0,1,0,0,0,0,0,0,0,0,0
"319",4592985,"010801010602",4.982616,0,0,"NH",0,0,0,0,0,0,1,0,0,0,0,0,0,0,0,0
"320",4592987,"010801010603",16.793039,0.8094244798,4.82,"NH",0,0,0,0,1,200.012836080979,0,0,0,0,0,0,0,0,0,0
"321",4592989,"010801010601",3.681755,0,0,"VT",0,0,1,0,0,0,0,0,0,0,0,0,0,0,0,0
"322",4592993,"010801010704",10.236468,0,0,"NH",0,0,0,0,0,0,1,0,0,0,0,0,0,0,0,0
"323",4592995,"010801010704",13.485439,0,0,"NH",0,0,0,0,0,0,1,0,0,0,0,0,0,0,0,0
"324",4592999,"010801010603",13.701505,0.5466900495,3.99,"NH",0,0,0,0,1,135.089844681697,0,0,0,0,0,0,0,0,0,0
"325",4593003,"010801010706",29.788053,0,0,"NH",0,0,0,0,0,0,1,0,0,0,0,0,0,0,0,0
"326",4593005,"010801010707",6.964138,0,0,"NH",0,0,0,0,0,0,1,0,0,0,0,0,0,0,0,0
"327",4593007,"010801010706",1.91531,0,0,"NH",0,0,0,0,0,0,1,0,0,0,0,0,0,0,0,0
"328",4593009,"010801010707",0.287109,0,0,"NH",0,0,0,0,0,0,1,0,0,0,0,0,0,0,0,0
"329",4593011,"010801010901",5.545451,0,0,"VT",0,0,0,0,0,0,1,0,0,0,0,0,0,0,0,0
"330",4593013,"010801010707",10.628607,0,0,"NH",0,0,0,0,0,0,1,0,0,0,0,0,0,0,0,0
"331",4593015,"010801010707",14.194652,0,0,"NH",0,0,0,0,0,0,1,0,0,0,0,0,0,0,0,0
"332",4593017,"010801010704",8.292578,0,0,"NH",0,0,0,0,0,0,1,0,0,0,0,0,0,0,0,0
"333",4593019,"010801010704",16.359271,0,0,"NH",0,0,0,0,0,0,1,0,0,0,0,0,0,0,0,0
"334",4593021,"010801010601",13.865494,0,0,"VT",0,0,0,0,0,0,1,0,0,0,0,0,0,0,0,0
"335",4593023,"010801010707",6.443125,0,0,"NH",0,0,0,0,0,0,1,0,0,0,0,0,0,0,0,0
"336",4593027,"010801010707",18.732888,0,0,"NH",0,0,0,0,0,0,1,0,0,0,0,0,0,0,0,0
"337",4593029,"010801010707",1.716174,0,0,"NH",0,0,0,0,0,0,1,0,0,0,0,0,0,0,0,0
"338",4593033,"010801010703",8.37557,0,0,"NH",0,0,0,0,0,0,1,0,0,0,0,0,0,0,0,0
"339",4593035,"010801010707",0.035832,0,0,"NH",0,0,0,0,0,0,1,0,0,0,0,0,0,0,0,0
"340",4593037,"010801010902",7.613861,0.0433990077,0.57,"NH",0,0,0,0,1,10.7241117977085,0,0,0,0,0,0,0,0,0,0
"341",4593045,"010801010707",6.590562,0,0,"NH",0,0,0,0,0,0,1,0,0,0,0,0,0,0,0,0
"342",4593047,"010801010901",31.92872,0,0,"VT",0,0,0,0,0,0,1,0,0,0,0,0,0,0,0,0
"343",4593051,"010801010703",5.309731,0,0,"NH",0,0,0,0,0,0,1,0,0,0,0,0,0,0,0,0
"344",4593053,"010801010901",10.8315,0.02274615,0.21,"VT",0,0,0,0,1,5.62068739575,0,0,0,0,0,0,0,0,0,0
"345",4593055,"010801010901",15.783713,0.3140958887,1.99,"VT",0,0,0,0,1,77.6146645772135,0,0,0,0,0,0,0,0,0,0
"346",4593057,"010801010901",0.259452,0.0411490872,15.86,"VT",0,0,0,0,1,10.168145192556,0,0,0,0,0,0,0,0,0,0
"347",4593059,"010801010707",11.54786,0,0,"NH",0,0,0,0,0,0,1,0,0,0,0,0,0,0,0,0
"348",4593061,"010801010703",0.357958,0,0,"NH",0,0,0,0,0,0,1,0,0,0,0,0,0,0,0,0
"349",4593069,"010801010902",18.562954,0.1150903148,0.62,"VT",0,0,0,0,1,28.439392238654,0,0,0,0,0,0,0,0,0,0
"350",4593071,"010801010902",2.470675,0,0,"NH",0,0,0,0,0,0,1,0,0,0,0,0,0,0,0,0
"351",4593083,"010801010805",2.968783,0,0,"NH",0,0,0,0,0,0,1,0,0,0,0,0,0,0,0,0
"352",4593087,"010801010805",0.646276,0,0,"NH",0,0,0,0,0,0,1,0,0,0,0,0,0,0,0,0
"353",4593089,"010801010805",5.3163,0,0,"NH",0,0,0,0,0,0,1,0,0,0,0,0,0,0,0,0
"354",4593091,"010801010903",10.516826,0,0,"VT",0,0,0,0,0,0,1,0,0,0,0,0,0,0,0,0
"355",4593093,"010801010903",6.674051,0,0,"VT",0,0,0,0,0,0,1,0,0,0,0,0,0,0,0,0
"356",4593095,"010801010702",19.065266,0,0,"NH",0,0,0,0,0,0,1,0,0,0,0,0,0,0,0,0
"357",4593097,"010801010903",2.798656,0,0,"VT",0,0,0,0,0,0,1,0,0,0,0,0,0,0,0,0
"358",4593099,"010801010903",0.50184,0,0,"VT",0,0,0,0,0,0,1,0,0,0,0,0,0,0,0,0
"359",4593101,"010801010903",6.434991,0,0,"VT",0,0,0,0,0,0,1,0,0,0,0,0,0,0,0,0
"360",4593103,"010801010902",5.949462,0,0,"NH",0,0,0,0,0,0,1,0,0,0,0,0,0,0,0,0
"361",4593113,"010801010701",10.638792,0,0,"NH",0,0,0,0,0,0,1,0,0,0,0,0,0,0,0,0
"362",4593119,"010801010701",2.066186,0,0,"NH",0,0,0,0,0,0,1,0,0,0,0,0,0,0,0,0
"363",4593175,"010801010402",12.514882,0,0,"NH",0,0,1,0,0,0,0,0,0,0,0,0,0,0,0,0
"364",4593177,"010801010305",26.509725,0.1564073775,0.59,"NH",0,0,0,0,1,38.6490450171375,0,0,0,0,0,0,0,0,0,0
"365",4593179,"010801010404",11.957205,0.2235997335,1.87,"NH",0,0,0,0,0,0,0,0,1,55.2526121465175,0,0,0,0,0,0
"366",4593181,"010801010402",0.970865,0,0,"NH",0,0,1,0,0,0,0,0,0,0,0,0,0,0,0,0
"367",4593183,"010801010404",8.94188,0,0,"VT",0,0,1,0,0,0,0,0,0,0,0,0,0,0,0,0
"368",4593187,"010801010403",26.368489,0.0026368489,0.01,"NH",0,0,0,0,0,0,1,0.6515785474345,0,0,0,0,0,0,0,0
"369",4593191,"010801010503",26.491068,0,0,"VT",0,0,0,0,0,0,1,0,0,0,0,0,0,0,0,0
"370",4593193,"010801010503",6.62004,0,0,"VT",0,0,0,0,0,0,1,0,0,0,0,0,0,0,0,0
"371",4593197,"010801010403",22.210932,0,0,"NH",0,0,1,0,0,0,0,0,0,0,0,0,0,0,0,0
"372",4593199,"010801010501",6.207915,0,0,"VT",0,0,0,0,0,0,1,0,0,0,0,0,0,0,0,0
"373",4593201,"010801010503",27.303972,0,0,"VT",0,0,0,0,0,0,1,0,0,0,0,0,0,0,0,0
"374",4593203,"010801010404",18.740733,0.0037481466,0.02,"NH",0,0,0,0,0,0,0,0,1,0.926185765593,0,0,0,0,0,0
"375",4593205,"010801010501",3.359507,0,0,"VT",0,0,0,0,0,0,1,0,0,0,0,0,0,0,0,0
"376",4593207,"010801010501",9.767417,0,0,"VT",0,0,0,0,0,0,1,0,0,0,0,0,0,0,0,0
"377",4593209,"010801010501",27.505193,0,0,"VT",0,0,0,0,0,0,1,0,0,0,0,0,0,0,0,0
"378",4593213,"010801010501",19.057731,0,0,"VT",0,0,0,0,0,0,1,0,0,0,0,0,0,0,0,0
"379",4593215,"010801010501",13.748074,0,0,"VT",0,0,0,0,0,0,1,0,0,0,0,0,0,0,0,0
"380",4593223,"010801010603",2.130051,0.0432400353,2.03,"NH",0,0,0,0,1,10.6848289228065,0,0,0,0,0,0,0,0,0,0
"381",4593239,"010801010501",12.271656,0,0,"VT",0,0,0,0,0,0,1,0,0,0,0,0,0,0,0,0
"382",4593241,"010801010603",4.614688,0.0835258528,1.81,"NH",0,0,0,0,1,20.639655856144,0,0,0,0,0,0,0,0,0,0
"383",4593247,"010801010603",7.518907,0,0,"VT",0,0,0,0,0,0,1,0,0,0,0,0,0,0,0,0
"384",4593251,"010801010602",13.880018,0,0,"NH",0,0,0,0,0,0,1,0,0,0,0,0,0,0,0,0
"385",4593253,"010801010704",42.471461,0,0,"NH",0,0,0,0,0,0,1,0,0,0,0,0,0,0,0,0
"386",4593255,"010801010603",6.609979,0.4508005678,6.82,"NH",0,0,0,0,1,111.395074306219,0,0,0,0,0,0,0,0,0,0
"387",4593259,"010801010601",11.493881,0,0,"VT",0,0,0,0,0,0,1,0,0,0,0,0,0,0,0,0
"388",4593261,"010801010704",8.269122,0,0,"NH",0,0,0,0,0,0,1,0,0,0,0,0,0,0,0,0
"389",4593263,"010801010707",7.79969,0,0,"NH",0,0,0,0,0,0,1,0,0,0,0,0,0,0,0,0
"390",4593265,"010801010707",13.701058,0,0,"NH",0,0,0,0,0,0,1,0,0,0,0,0,0,0,0,0
"391",4593267,"010801010902",1.217334,0,0,"NH",0,0,0,0,0,0,1,0,0,0,0,0,0,0,0,0
"392",4593269,"010801010702",15.688583,0,0,"NH",0,0,0,0,0,0,1,0,0,0,0,0,0,0,0,0
"393",4593271,"010801010703",33.764004,0,0,"NH",0,0,0,0,0,0,1,0,0,0,0,0,0,0,0,0
"394",4593273,"010801010805",18.745554,0,0,"NH",0,0,0,0,0,0,1,0,0,0,0,0,0,0,0,0
"395",4593275,"010801010903",15.685963,0,0,"VT",0,0,0,0,0,0,1,0,0,0,0,0,0,0,0,0
"396",4593277,"010801010805",3.96301,0,0,"NH",0,0,0,0,0,0,1,0,0,0,0,0,0,0,0,0
"397",4593279,"010801010805",0.829316,0,0,"NH",0,0,0,0,0,0,1,0,0,0,0,0,0,0,0,0
"398",4593281,"010801010902",12.609843,0,0,"NH",0,0,0,0,0,0,1,0,0,0,0,0,0,0,0,0
"399",4593291,"010801010501",7.194437,0,0,"VT",0,0,0,0,0,0,1,0,0,0,0,0,0,0,0,0
"400",4593297,"010801010603",0.634848,0.039678,6.25,"NH",0,0,0,0,1,9.80463219,0,0,0,0,0,0,0,0,0,0
"401",4593301,"010801010603",0.445038,0,0,"NH",0,0,0,0,0,0,1,0,0,0,0,0,0,0,0,0
"402",4593303,"010801010603",7.247671,0,0,"VT",0,0,0,0,0,0,1,0,0,0,0,0,0,0,0,0
"403",4593317,"010801010707",4.260853,0,0,"NH",0,0,0,0,0,0,1,0,0,0,0,0,0,0,0,0
"404",4593321,"010801010703",1.931741,0,0,"NH",0,0,0,0,0,0,1,0,0,0,0,0,0,0,0,0
"405",4593329,"010801010707",3.556149,0,0,"NH",0,0,0,0,0,0,1,0,0,0,0,0,0,0,0,0
"406",4593337,"010801010707",1.403541,0,0,"NH",0,0,0,0,0,0,1,0,0,0,0,0,0,0,0,0
"407",4593339,"010801010707",0.037114,0,0,"NH",0,0,0,0,0,0,1,0,0,0,0,0,0,0,0,0
"408",4593345,"010801010603",4.972811,0.0755867272,1.52,"NH",0,0,0,0,1,18.677858224756,0,0,0,0,0,0,0,0,0,0
"409",4593347,"010801010603",0.033908,0,0,"NH",0,0,0,0,0,0,1,0,0,0,0,0,0,0,0,0
"410",4593349,"010801010603",7.373364,0.741023082,10.05,"NH",0,0,0,0,1,183.11050867761,0,0,0,0,0,0,0,0,0,0
"411",4593353,"010801010902",9.903547,0.4674474184,4.72,"NH",0,0,0,0,1,115.508594323732,0,0,0,0,0,0,0,0,0,0
"412",4593355,"010801010902",6.202589,0.2536858901,4.09,"NH",0,0,0,0,1,62.6870518731605,0,0,0,0,0,0,0,0,0,0
"413",4593359,"010801010902",0.278337,0.1053783882,37.86,"NH",0,0,0,0,1,26.039526616161,0,0,0,0,0,0,0,0,0,0
"414",4593365,"010801010902",0.415737,0,0,"NH",0,0,0,0,0,0,1,0,0,0,0,0,0,0,0,0
"415",4593369,"010801010902",0.55932,0.06544044,11.7,"NH",0,0,0,0,1,16.1706599262,0,0,0,0,0,0,0,0,0,0
"416",4593371,"010801010902",1.505045,0,0,"NH",0,0,0,0,0,0,1,0,0,0,0,0,0,0,0,0
"417",4593387,"010801010601",12.489755,0,0,"VT",0,0,0,0,0,0,1,0,0,0,0,0,0,0,0,0
"418",4593393,"010801010703",1.244923,0,0,"NH",0,0,0,0,0,0,1,0,0,0,0,0,0,0,0,0
"419",4593395,"010801010703",8.97355,0,0,"NH",0,0,0,0,0,0,1,0,0,0,0,0,0,0,0,0
"420",4593867,"010801010903",0.317286,0,0,"VT",0,0,0,0,0,0,1,0,0,0,0,0,0,0,0,0
"421",4593883,"010801010805",0.627907,0,0,"NH",0,0,0,0,0,0,1,0,0,0,0,0,0,0,0,0
"422",4593893,"010801010903",1.27123,0,0,"VT",0,0,0,0,0,0,1,0,0,0,0,0,0,0,0,0
"423",4593901,"010801010903",6.41295,0.49636233,7.74,"NH",0,0,0,0,1,122.65361355465,0,0,0,0,0,0,0,0,0,0
"424",4593905,"010801010804",5.306887,0,0,"NH",0,0,0,0,0,0,1,0,0,0,0,0,0,0,0,0
"425",4593907,"010801010903",8.118214,0.0681929976,0.84,"NH",0,0,0,0,1,16.850830671948,0,0,0,0,0,0,0,0,0,0
"426",4593909,"010801010903",8.643292,0.6931920184,8.02,"NH",1,171.291213706732,0,0,0,0,0,0,0,0,0,0,0,0,0,0
"427",4593911,"010801010806",8.024755,0,0,"NH",0,0,0,0,0,0,1,0,0,0,0,0,0,0,0,0
"428",4593913,"010801010804",0.058884,0,0,"NH",0,0,0,0,0,0,1,0,0,0,0,0,0,0,0,0
"429",4593917,"010801010903",4.879866,0,0,"NH",0,0,0,0,0,0,1,0,0,0,0,0,0,0,0,0
"430",4593921,"010801010804",1.249299,0,0,"NH",0,0,0,0,0,0,1,0,0,0,0,0,0,0,0,0
"431",4593923,"010801010804",2.957339,0,0,"NH",0,0,0,0,0,0,1,0,0,0,0,0,0,0,0,0
"432",4593937,"010801010804",12.781436,0,0,"NH",0,0,0,0,0,0,1,0,0,0,0,0,0,0,0,0
"433",4593943,"010801030201",9.32815,0,0,"VT",0,0,1,0,0,0,0,0,0,0,0,0,0,0,0,0
"434",4593947,"010801010804",3.521786,0,0,"NH",0,0,0,0,0,0,1,0,0,0,0,0,0,0,0,0
"435",4593953,"010801010806",12.610199,0.0479187562,0.38,"NH",0,0,0,0,1,11.840964250801,0,0,0,0,0,0,0,0,0,0
"436",4593957,"010801030201",1.171475,0,0,"VT",0,0,0,0,0,0,1,0,0,0,0,0,0,0,0,0
"437",4593961,"010801030201",23.56498,0,0,"VT",0,0,0,0,0,0,1,0,0,0,0,0,0,0,0,0
"438",4593963,"010801030201",0.205364,0,0,"VT",0,0,0,0,0,0,1,0,0,0,0,0,0,0,0,0
"439",4593965,"010801010804",6.644256,0,0,"NH",0,0,0,0,0,0,1,0,0,0,0,0,0,0,0,0
"440",4593967,"010801010903",5.931645,0.0492326535,0.83,"VT",0,0,0,0,1,12.1656348431175,0,0,0,0,0,0,0,0,0,0
"441",4593969,"010801010903",20.228931,0,0,"VT",0,0,0,0,0,0,1,0,0,0,0,0,0,0,0,0
"442",4593971,"010801010806",2.147072,0,0,"NH",0,0,0,0,0,0,1,0,0,0,0,0,0,0,0,0
"443",4593975,"010801010903",4.3794,0.2080215,4.75,"VT",0,0,0,0,1,51.4031527575,0,0,0,0,0,0,0,0,0,0
"444",4593979,"010801010903",0.468286,0.0054321176,1.16,"VT",0,0,0,0,1,1.342303419548,0,0,0,0,0,0,0,0,0,0
"445",4593981,"010801030102",2.91507,0,0,"NH",0,0,0,0,0,0,1,0,0,0,0,0,0,0,0,0
"446",4593983,"010801010806",4.485663,0,0,"NH",0,0,0,0,0,0,1,0,0,0,0,0,0,0,0,0
"447",4593985,"010801030201",4.447562,0,0,"VT",0,0,0,0,0,0,1,0,0,0,0,0,0,0,0,0
"448",4593991,"010801030102",1.571529,0,0,"NH",0,0,0,0,0,0,1,0,0,0,0,0,0,0,0,0
"449",4593993,"010801030102",4.045155,0,0,"NH",0,0,0,0,0,0,1,0,0,0,0,0,0,0,0,0
"450",4593995,"010801030102",8.718634,0,0,"NH",0,0,0,0,0,0,1,0,0,0,0,0,0,0,0,0
"451",4593997,"010801030102",0.41704,0,0,"NH",0,0,0,0,0,0,1,0,0,0,0,0,0,0,0,0
"452",4593999,"010801030201",9.654194,0,0,"NH",0,0,0,0,0,0,1,0,0,0,0,0,0,0,0,0
"453",4594003,"010801030201",1.790549,0,0,"VT",0,0,0,0,0,0,1,0,0,0,0,0,0,0,0,0
"454",4594005,"010801010806",15.726467,0,0,"NH",0,0,0,0,0,0,1,0,0,0,0,0,0,0,0,0
"455",4594009,"010801010806",4.616756,0,0,"NH",0,0,0,0,0,0,1,0,0,0,0,0,0,0,0,0
"456",4594011,"010801030202",19.079813,0,0,"VT",0,0,0,0,0,0,1,0,0,0,0,0,0,0,0,0
"457",4594017,"010801010806",7.617327,0,0,"NH",0,0,0,0,0,0,1,0,0,0,0,0,0,0,0,0
"458",4594021,"010801030203",4.564991,0,0,"VT",0,0,0,0,0,0,1,0,0,0,0,0,0,0,0,0
"459",4594027,"010801010806",1.028735,0,0,"NH",0,0,0,0,0,0,1,0,0,0,0,0,0,0,0,0
"460",4594029,"010801010806",8.812003,0,0,"NH",0,0,0,0,0,0,1,0,0,0,0,0,0,0,0,0
"461",4594031,"010801010806",1.237688,0,0,"NH",0,0,0,0,0,0,1,0,0,0,0,0,0,0,0,0
"462",4594035,"010801030102",16.88478,0,0,"NH",0,0,0,0,0,0,1,0,0,0,0,0,0,0,0,0
"463",4594037,"010801030202",4.954121,0,0,"NH",0,0,0,0,0,0,1,0,0,0,0,0,0,0,0,0
"464",4594039,"010801010806",11.860885,0,0,"NH",0,0,0,0,0,0,1,0,0,0,0,0,0,0,0,0
"465",4594043,"010801010806",0.901344,0,0,"NH",0,0,0,0,0,0,1,0,0,0,0,0,0,0,0,0
"466",4594045,"010801010806",2.929931,0,0,"NH",0,0,0,0,0,0,1,0,0,0,0,0,0,0,0,0
"467",4594047,"010801030201",23.694809,0,0,"NH",0,0,0,0,0,0,1,0,0,0,0,0,0,0,0,0
"468",4594049,"010801010803",10.034703,0,0,"NH",0,0,0,0,0,0,1,0,0,0,0,0,0,0,0,0
"469",4594051,"010801030101",0.327187,0,0,"NH",0,0,0,0,0,0,1,0,0,0,0,0,0,0,0,0
"470",4594053,"010801010803",4.128312,0,0,"NH",0,0,0,0,0,0,1,0,0,0,0,0,0,0,0,0
"471",4594055,"010801030101",13.269524,0,0,"NH",0,0,0,0,0,0,1,0,0,0,0,0,0,0,0,0
"472",4594057,"010801030203",5.933534,0.091969777,1.55,"VT",0,0,0,0,1,22.726191745585,0,0,0,0,0,0,0,0,0,0
"473",4594061,"010801030102",7.362142,0,0,"NH",0,0,0,0,0,0,1,0,0,0,0,0,0,0,0,0
"474",4594063,"010801030202",9.702333,0,0,"VT",0,0,0,0,0,0,1,0,0,0,0,0,0,0,0,0
"475",4594065,"010801030202",2.912575,0,0,"NH",0,0,0,0,0,0,1,0,0,0,0,0,0,0,0,0
"476",4594067,"010801030101",2.415449,0,0,"NH",0,0,0,0,0,0,1,0,0,0,0,0,0,0,0,0
"477",4594069,"010801030102",0.256177,0,0,"NH",0,0,0,0,0,0,1,0,0,0,0,0,0,0,0,0
"478",4594071,"010801010802",2.051836,0,0,"NH",0,0,0,0,0,0,1,0,0,0,0,0,0,0,0,0
"479",4594073,"010801030102",3.558135,0,0,"NH",0,0,0,0,0,0,1,0,0,0,0,0,0,0,0,0
"480",4594075,"010801030202",3.336635,0,0,"NH",0,0,0,0,0,0,1,0,0,0,0,0,0,0,0,0
"481",4594077,"010801010803",3.320736,0,0,"NH",0,0,0,0,0,0,1,0,0,0,0,0,0,0,0,0
"482",4594079,"010801010803",11.315252,0,0,"NH",0,0,0,0,0,0,1,0,0,0,0,0,0,0,0,0
"483",4594081,"010801030101",2.762087,0,0,"NH",0,0,0,0,0,0,1,0,0,0,0,0,0,0,0,0
"484",4594083,"010801030203",3.727449,0.1356791436,3.64,"VT",0,0,0,0,1,33.526994779278,0,0,0,0,0,0,0,0,0,0
"485",4594085,"010801010802",3.213548,0,0,"NH",0,0,0,0,0,0,1,0,0,0,0,0,0,0,0,0
"486",4594087,"010801030101",0.083756,0,0,"NH",0,0,0,0,0,0,1,0,0,0,0,0,0,0,0,0
"487",4594089,"010801030101",0.802024,0,0,"NH",0,0,0,0,0,0,1,0,0,0,0,0,0,0,0,0
"488",4594097,"010801010802",1.744994,0,0,"NH",0,0,0,0,0,0,1,0,0,0,0,0,0,0,0,0
"489",4594099,"010801010803",15.349373,0,0,"NH",0,0,0,0,0,0,1,0,0,0,0,0,0,0,0,0
"490",4594103,"010801030403",3.056311,0,0,"NH",0,0,0,0,0,0,1,0,0,0,0,0,0,0,0,0
"491",4594105,"010801030101",3.654841,0,0,"NH",0,0,0,0,0,0,1,0,0,0,0,0,0,0,0,0
"492",4594107,"010801030102",10.229935,0,0,"NH",0,0,0,0,0,0,1,0,0,0,0,0,0,0,0,0
"493",4594109,"010801010802",1.437808,0,0,"NH",0,0,0,0,0,0,1,0,0,0,0,0,0,0,0,0
"494",4594113,"010801030102",2.259265,0,0,"NH",0,0,0,0,0,0,1,0,0,0,0,0,0,0,0,0
"495",4594117,"010801030102",5.310006,0,0,"NH",0,0,0,0,0,0,1,0,0,0,0,0,0,0,0,0
"496",4594123,"010801030403",11.824979,0,0,"NH",0,0,0,0,0,0,1,0,0,0,0,0,0,0,0,0
"497",4594127,"010801030101",6.90011,0,0,"NH",0,0,0,0,0,0,1,0,0,0,0,0,0,0,0,0
"498",4594129,"010801030102",3.251037,0,0,"NH",0,0,0,0,0,0,1,0,0,0,0,0,0,0,0,0
"499",4594131,"010801030102",0.340828,0,0,"NH",0,0,0,0,0,0,1,0,0,0,0,0,0,0,0,0
"500",4594133,"010801030101",20.089045,0,0,"NH",0,0,0,0,0,0,1,0,0,0,0,0,0,0,0,0
"501",4594135,"010801030403",3.890797,0,0,"NH",0,0,0,0,0,0,1,0,0,0,0,0,0,0,0,0
"502",4594137,"010801030102",1.237146,0,0,"NH",0,0,0,0,0,0,1,0,0,0,0,0,0,0,0,0
"503",4594143,"010801030102",2.981726,0,0,"NH",0,0,0,0,0,0,1,0,0,0,0,0,0,0,0,0
"504",4594145,"010801030403",5.183293,0,0,"NH",0,0,0,0,0,0,1,0,0,0,0,0,0,0,0,0
"505",4594153,"010801030403",9.858967,0,0,"NH",0,0,0,0,0,0,1,0,0,0,0,0,0,0,0,0
"506",4594155,"010801030101",1.578239,0,0,"NH",0,0,0,0,0,0,1,0,0,0,0,0,0,0,0,0
"507",4594159,"010801030502",0.511152,0,0,"NH",0,0,0,0,0,0,1,0,0,0,0,0,0,0,0,0
"508",4594161,"010801030403",0.223639,0,0,"NH",0,0,0,0,0,0,1,0,0,0,0,0,0,0,0,0
"509",4594163,"010801030102",13.566652,0,0,"NH",0,0,0,0,0,0,1,0,0,0,0,0,0,0,0,0
"510",4594165,"010801030403",3.405273,0,0,"NH",0,0,0,0,0,0,1,0,0,0,0,0,0,0,0,0
"511",4594167,"010801030403",1.166745,0,0,"NH",0,0,0,0,0,0,1,0,0,0,0,0,0,0,0,0
"512",4594171,"010801030403",5.580816,0,0,"NH",0,0,0,0,0,0,1,0,0,0,0,0,0,0,0,0
"513",4594173,"010801030502",1.426733,0,0,"NH",0,0,0,0,0,0,1,0,0,0,0,0,0,0,0,0
"514",4594177,"010801030202",4.920414,0.0132851178,0.27,"NH",0,0,0,0,1,3.282819033969,0,0,0,0,0,0,0,0,0,0
"515",4594179,"010801030403",3.576317,0,0,"NH",0,0,0,0,0,0,1,0,0,0,0,0,0,0,0,0
"516",4594181,"010801030101",4.281604,0,0,"NH",0,0,0,0,0,0,1,0,0,0,0,0,0,0,0,0
"517",4594183,"010801030403",0.547542,0,0,"NH",0,0,0,0,0,0,1,0,0,0,0,0,0,0,0,0
"518",4594185,"010801030403",2.486749,0,0,"NH",0,0,0,0,0,0,1,0,0,0,0,0,0,0,0,0
"519",4594189,"010801010803",27.701988,0,0,"NH",0,0,0,0,0,0,1,0,0,0,0,0,0,0,0,0
"520",4594195,"010801030205",7.700272,0.0169405984,0.22,"NH",0,0,0,0,1,4.186106567632,0,0,0,0,0,0,0,0,0,0
"521",4594199,"010801030202",2.680503,0,0,"NH",0,0,0,0,0,0,1,0,0,0,0,0,0,0,0,0
"522",4594201,"010801030403",3.658743,0,0,"NH",0,0,0,0,0,0,1,0,0,0,0,0,0,0,0,0
"523",4594203,"010801030402",1.991874,0,0,"NH",0,0,0,0,0,0,1,0,0,0,0,0,0,0,0,0
"524",4594205,"010801030403",0.369198,0,0,"NH",0,0,0,0,0,0,1,0,0,0,0,0,0,0,0,0
"525",4594207,"010801030403",0.336885,0,0,"NH",0,0,0,0,0,0,1,0,0,0,0,0,0,0,0,0
"526",4594209,"010801030403",10.54887,0,0,"NH",0,0,0,0,0,0,1,0,0,0,0,0,0,0,0,0
"527",4594211,"010801030502",3.638822,0,0,"NH",0,0,0,0,0,0,1,0,0,0,0,0,0,0,0,0
"528",4594213,"010801030403",1.726645,0,0,"NH",0,0,0,0,0,0,1,0,0,0,0,0,0,0,0,0
"529",4594215,"010801030403",23.92961,0,0,"NH",0,0,0,0,0,0,1,0,0,0,0,0,0,0,0,0
"530",4594219,"010801030403",7.601811,0,0,"NH",0,0,0,0,0,0,1,0,0,0,0,0,0,0,0,0
"531",4594221,"010801030403",5.21172,0,0,"NH",0,0,0,0,0,0,1,0,0,0,0,0,0,0,0,0
"532",4594223,"010801030403",0.103548,0,0,"NH",0,0,0,0,0,0,1,0,0,0,0,0,0,0,0,0
"533",4594225,"010801030502",0.338467,0,0,"NH",0,0,0,0,0,0,1,0,0,0,0,0,0,0,0,0
"534",4594229,"010801030502",5.448497,0,0,"NH",0,0,0,0,0,0,1,0,0,0,0,0,0,0,0,0
"535",4594231,"010801030502",5.410221,0,0,"NH",0,0,0,0,0,0,1,0,0,0,0,0,0,0,0,0
"536",4594233,"010801030403",2.997534,0,0,"NH",0,0,0,0,0,0,1,0,0,0,0,0,0,0,0,0
"537",4594235,"010801030402",6.083182,0,0,"NH",0,0,0,0,0,0,1,0,0,0,0,0,0,0,0,0
"538",4594239,"010801030402",0.157284,0,0,"NH",0,0,0,0,0,0,1,0,0,0,0,0,0,0,0,0
"539",4594241,"010801030402",2.816852,0,0,"NH",0,0,0,0,0,0,1,0,0,0,0,0,0,0,0,0
"540",4594243,"010801030402",2.274932,0,0,"NH",0,0,0,0,0,0,1,0,0,0,0,0,0,0,0,0
"541",4594245,"010801030402",0.049468,0,0,"NH",0,0,0,0,0,0,1,0,0,0,0,0,0,0,0,0
"542",4594247,"010801030402",11.321644,0,0,"NH",0,0,0,0,0,0,1,0,0,0,0,0,0,0,0,0
"543",4594249,"010801030506",7.206144,0,0,"NH",0,0,0,0,0,0,1,0,0,0,0,0,0,0,0,0
"544",4594251,"010801030402",2.539717,0,0,"NH",0,0,0,0,0,0,1,0,0,0,0,0,0,0,0,0
"545",4594257,"010801030402",5.714949,0,0,"NH",0,0,0,0,0,0,1,0,0,0,0,0,0,0,0,0
"546",4594259,"010801030402",6.724925,0,0,"NH",0,0,0,0,0,0,1,0,0,0,0,0,0,0,0,0
"547",4594261,"010801030501",6.763509,0,0,"NH",0,0,0,0,0,0,1,0,0,0,0,0,0,0,0,0
"548",4594285,"010801030502",0.595334,0,0,"NH",0,0,0,0,0,0,1,0,0,0,0,0,0,0,0,0
"549",4594287,"010801030506",4.623516,0,0,"NH",0,0,0,0,0,0,1,0,0,0,0,0,0,0,0,0
"550",4594289,"010801030501",8.080308,0,0,"NH",0,0,0,0,0,0,1,0,0,0,0,0,0,0,0,0
"551",4594291,"010801030502",0.942681,0,0,"NH",0,0,0,0,0,0,1,0,0,0,0,0,0,0,0,0
"552",4594295,"010801030502",2.098531,0,0,"NH",0,0,0,0,0,0,1,0,0,0,0,0,0,0,0,0
"553",4594297,"010801030502",5.741512,0,0,"NH",0,0,0,0,0,0,1,0,0,0,0,0,0,0,0,0
"554",4594299,"010801030301",3.484778,0,0,"NH",0,0,0,0,0,0,1,0,0,0,0,0,0,0,0,0
"555",4594301,"010801030401",7.016587,0,0,"NH",0,0,0,0,0,0,1,0,0,0,0,0,0,0,0,0
"556",4594305,"010801030302",14.857086,0,0,"NH",0,0,0,0,0,0,1,0,0,0,0,0,0,0,0,0
"557",4594307,"010801030304",10.078252,0,0,"NH",0,0,0,0,0,0,1,0,0,0,0,0,0,0,0,0
"558",4594309,"010801030502",6.009064,0.069104236,1.15,"NH",0,0,0,0,0,0,0,0,1,17.07600223678,0,0,0,0,0,0
"559",4594311,"010801030503",0.663518,0,0,"NH",0,0,0,0,0,0,1,0,0,0,0,0,0,0,0,0
"560",4594315,"010801030503",0.819442,0,0,"NH",0,0,0,0,0,0,1,0,0,0,0,0,0,0,0,0
"561",4594317,"010801030503",0.268521,0,0,"NH",0,0,0,0,0,0,1,0,0,0,0,0,0,0,0,0
"562",4594319,"010801030304",3.679266,0,0,"NH",0,0,0,0,0,0,1,0,0,0,0,0,0,0,0,0
"563",4594323,"010801030304",0.516412,0,0,"NH",0,0,0,0,0,0,1,0,0,0,0,0,0,0,0,0
"564",4594327,"010801030302",0.613273,0,0,"NH",0,0,0,0,0,0,1,0,0,0,0,0,0,0,0,0
"565",4594333,"010801030503",7.02647,0,0,"NH",0,0,0,0,0,0,1,0,0,0,0,0,0,0,0,0
"566",4594335,"010801030302",9.270111,0,0,"NH",0,0,0,0,0,0,1,0,0,0,0,0,0,0,0,0
"567",4594337,"010801030503",0.058122,0,0,"NH",0,0,0,0,0,0,1,0,0,0,0,0,0,0,0,0
"568",4594339,"010801030503",0.030538,0,0,"NH",0,0,0,0,0,0,1,0,0,0,0,0,0,0,0,0
"569",4594341,"010801030503",4.588944,0.2556041808,5.57,"NH",0,0,0,0,0,0,0,0,1,63.161071096584,0,0,0,0,0,0
"570",4594343,"010801030506",14.803775,0,0,"NH",0,0,0,0,0,0,1,0,0,0,0,0,0,0,0,0
"571",4594345,"010801030506",0.191735,0,0,"NH",0,0,0,0,0,0,1,0,0,0,0,0,0,0,0,0
"572",4594347,"010801030506",0.095856,0,0,"NH",0,0,0,0,0,0,1,0,0,0,0,0,0,0,0,0
"573",4594349,"010801030506",0.097371,0,0,"NH",0,0,0,0,0,0,1,0,0,0,0,0,0,0,0,0
"574",4594351,"010801030304",12.730941,0,0,"NH",0,0,0,0,0,0,1,0,0,0,0,0,0,0,0,0
"575",4594355,"010801030302",5.03371,0,0,"NH",0,0,0,0,0,0,1,0,0,0,0,0,0,0,0,0
"576",4594359,"010801030501",29.562179,0,0,"NH",0,0,0,0,0,0,1,0,0,0,0,0,0,0,0,0
"577",4594361,"010801030506",5.720986,0,0,"NH",0,0,0,0,0,0,1,0,0,0,0,0,0,0,0,0
"578",4594363,"010801030506",1.004019,0,0,"NH",0,0,0,0,0,0,1,0,0,0,0,0,0,0,0,0
"579",4594367,"010801030303",2.410396,0,0,"NH",0,0,0,0,0,0,1,0,0,0,0,0,0,0,0,0
"580",4594369,"010801030503",8.701957,0,0,"NH",0,0,0,0,0,0,1,0,0,0,0,0,0,0,0,0
"581",4594371,"010801030506",8.162748,0.1330527924,1.63,"NH",0,0,0,0,0,0,0,0,1,32.878010266002,0,0,0,0,0,0
"582",4594375,"010801030506",0.157749,0,0,"NH",0,0,0,0,0,0,1,0,0,0,0,0,0,0,0,0
"583",4594377,"010801030506",1.60084,0,0,"NH",0,0,0,0,0,0,1,0,0,0,0,0,0,0,0,0
"584",4594381,"010801030506",0.474464,0,0,"NH",0,0,0,0,0,0,1,0,0,0,0,0,0,0,0,0
"585",4594383,"010801030506",0.661294,0,0,"NH",0,0,0,0,0,0,1,0,0,0,0,0,0,0,0,0
"586",4594387,"010801030506",0.190918,0,0,"NH",0,0,0,0,0,0,1,0,0,0,0,0,0,0,0,0
"587",4594389,"010801030503",20.603454,0.041206908,0.2,"NH",0,0,0,0,0,0,0,0,1,10.18243300134,0,0,0,0,0,0
"588",4594391,"010801030506",0.7719,0,0,"NH",0,0,0,0,0,0,1,0,0,0,0,0,0,0,0,0
"589",4594393,"010801030506",4.681116,0.0107665668,0.23,"NH",0,0,0,0,0,0,0,0,1,2.660472489114,0,0,0,0,0,0
"590",4594395,"010801030506",3.212445,0,0,"NH",0,0,0,0,0,0,1,0,0,0,0,0,0,0,0,0
"591",4594397,"010801030506",0.493867,0.0938841167,19.01,"NH",0,0,0,0,0,0,0,0,1,23.1992346571535,0,0,0,0,0,0
"592",4594399,"010801030503",15.015368,0,0,"NH",0,0,0,0,0,0,1,0,0,0,0,0,0,0,0,0
"593",4594401,"010801030506",0.060369,0,0,"NH",0,0,0,0,0,0,1,0,0,0,0,0,0,0,0,0
"594",4594405,"010801030505",1.262299,0,0,"NH",0,0,0,0,0,0,1,0,0,0,0,0,0,0,0,0
"595",4594407,"010801030303",29.495891,0,0,"NH",0,0,0,0,0,0,1,0,0,0,0,0,0,0,0,0
"596",4594411,"010801030303",2.541991,0,0,"NH",0,0,0,0,0,0,1,0,0,0,0,0,0,0,0,0
"597",4594413,"010801030506",6.09941,0.052454926,0.86,"NH",0,0,0,0,0,0,0,0,1,12.96187448923,0,0,0,0,0,0
"598",4594415,"010801030505",3.463944,0,0,"NH",0,0,0,0,0,0,1,0,0,0,0,0,0,0,0,0
"599",4594417,"010801030505",0.582402,0,0,"NH",0,0,0,0,0,0,1,0,0,0,0,0,0,0,0,0
"600",4594419,"010801030505",1.260083,0,0,"NH",0,0,0,0,0,0,1,0,0,0,0,0,0,0,0,0
"601",4594423,"010801030505",4.944215,0,0,"NH",0,0,0,0,0,0,1,0,0,0,0,0,0,0,0,0
"602",4594427,"010801030505",0.624662,0,0,"NH",0,0,0,0,0,0,1,0,0,0,0,0,0,0,0,0
"603",4594429,"010801030303",3.178301,0,0,"NH",0,0,0,0,0,0,1,0,0,0,0,0,0,0,0,0
"604",4594433,"010801030505",1.128664,0,0,"NH",0,0,0,0,0,0,1,0,0,0,0,0,0,0,0,0
"605",4594435,"010801030303",7.301815,0,0,"NH",0,0,0,0,0,0,1,0,0,0,0,0,0,0,0,0
"606",4594437,"010801030505",14.050343,0,0,"NH",0,0,0,0,0,0,1,0,0,0,0,0,0,0,0,0
"607",4594439,"010801030303",9.506351,0,0,"NH",0,0,0,0,0,0,1,0,0,0,0,0,0,0,0,0
"608",4594443,"010801030505",14.011787,0,0,"NH",0,0,0,0,0,0,1,0,0,0,0,0,0,0,0,0
"609",4594445,"010801030505",7.43625,0,0,"NH",0,0,0,0,0,0,1,0,0,0,0,0,0,0,0,0
"610",4594447,"010801030505",2.22659,0,0,"NH",0,0,0,0,0,0,1,0,0,0,0,0,0,0,0,0
"611",4594451,"010801030504",18.075112,0,0,"NH",0,0,0,0,0,0,1,0,0,0,0,0,0,0,0,0
"612",4594459,"010801030505",9.885016,0,0,"NH",0,0,0,0,0,0,1,0,0,0,0,0,0,0,0,0
"613",4594521,"010801010805",14.670733,0,0,"NH",0,0,0,0,0,0,1,0,0,0,0,0,0,0,0,0
"614",4594523,"010801030201",7.652388,0,0,"VT",0,0,0,0,0,0,1,0,0,0,0,0,0,0,0,0
"615",4594525,"010801010806",3.09762,0,0,"NH",0,0,0,0,0,0,1,0,0,0,0,0,0,0,0,0
"616",4594527,"010801010806",2.908415,0,0,"NH",0,0,0,0,0,0,1,0,0,0,0,0,0,0,0,0
"617",4594529,"010801030201",9.507602,0,0,"VT",0,0,0,0,0,0,1,0,0,0,0,0,0,0,0,0
"618",4594531,"010801010806",3.799689,0,0,"NH",0,0,0,0,0,0,1,0,0,0,0,0,0,0,0,0
"619",4594533,"010801010806",4.1013,0,0,"NH",0,0,0,0,0,0,1,0,0,0,0,0,0,0,0,0
"620",4594535,"010801030102",11.125352,0,0,"NH",0,0,0,0,0,0,1,0,0,0,0,0,0,0,0,0
"621",4594537,"010801030102",10.208522,0,0,"NH",0,0,0,0,0,0,1,0,0,0,0,0,0,0,0,0
"622",4594539,"010801030403",7.98497,0,0,"NH",0,0,0,0,0,0,1,0,0,0,0,0,0,0,0,0
"623",4594541,"010801030403",11.254535,0,0,"NH",0,0,0,0,0,0,1,0,0,0,0,0,0,0,0,0
"624",4594545,"010801030402",3.554928,0,0,"NH",0,0,0,0,0,0,1,0,0,0,0,0,0,0,0,0
"625",4594547,"010801030506",3.040497,0,0,"NH",0,0,0,0,0,0,1,0,0,0,0,0,0,0,0,0
"626",4594549,"010801030506",8.56177,0,0,"NH",0,0,0,0,0,0,1,0,0,0,0,0,0,0,0,0
"627",4594551,"010801030502",4.188666,0,0,"NH",0,0,0,0,0,0,1,0,0,0,0,0,0,0,0,0
"628",4594553,"010801030501",8.944226,0,0,"NH",0,0,0,0,0,0,1,0,0,0,0,0,0,0,0,0
"629",4594555,"010801030501",4.291348,0,0,"NH",0,0,0,0,0,0,1,0,0,0,0,0,0,0,0,0
"630",4594557,"010801030501",16.259409,0,0,"NH",0,0,0,0,0,0,1,0,0,0,0,0,0,0,0,0
"631",4594559,"010801030302",6.745325,0,0,"NH",0,0,0,0,0,0,1,0,0,0,0,0,0,0,0,0
"632",4594561,"010801030301",10.483993,0,0,"NH",0,0,0,0,0,0,1,0,0,0,0,0,0,0,0,0
"633",4594563,"010801030402",4.941203,0,0,"NH",0,0,0,0,0,0,1,0,0,0,0,0,0,0,0,0
"634",4594565,"010801030402",28.958112,0,0,"NH",0,0,0,0,0,0,1,0,0,0,0,0,0,0,0,0
"635",4594567,"010801030402",5.746162,0,0,"NH",0,0,0,0,0,0,1,0,0,0,0,0,0,0,0,0
"636",4594571,"010801030304",11.297963,0,0,"NH",0,0,0,0,0,0,1,0,0,0,0,0,0,0,0,0
"637",4594573,"010801030401",4.009319,0,0,"NH",0,0,0,0,0,0,1,0,0,0,0,0,0,0,0,0
"638",4594579,"010801030304",3.49098,0,0,"NH",0,0,0,0,0,0,1,0,0,0,0,0,0,0,0,0
"639",4594581,"010801030503",6.123714,0,0,"NH",0,0,0,0,0,0,1,0,0,0,0,0,0,0,0,0
"640",4594583,"010801030503",0.462895,0,0,"NH",0,0,0,0,0,0,1,0,0,0,0,0,0,0,0,0
"641",4594585,"010801030402",34.600361,0,0,"NH",0,0,0,0,0,0,1,0,0,0,0,0,0,0,0,0
"642",4594587,"010801030303",5.597843,0,0,"NH",0,0,0,0,0,0,1,0,0,0,0,0,0,0,0,0
"643",4594589,"010801030302",8.465456,0,0,"NH",0,0,0,0,0,0,1,0,0,0,0,0,0,0,0,0
"644",4594591,"010801030303",4.205822,0,0,"NH",0,0,0,0,0,0,1,0,0,0,0,0,0,0,0,0
"645",4594593,"010801030506",4.036881,0.0306802956,0.76,"NH",0,0,0,0,0,0,0,0,1,7.581254444238,0,0,0,0,0,0
"646",4594599,"010801030403",17.748357,0,0,"NH",0,0,0,0,0,0,1,0,0,0,0,0,0,0,0,0
"647",4594609,"010801010902",0.414867,0.0026966355,0.65,"NH",0,0,0,0,0,0,1,0.6663521152275,0,0,0,0,0,0,0,0
"648",4594611,"010801010902",1.093043,0.050279978,4.6,"NH",0,0,0,0,1,12.42443396369,0,0,0,0,0,0,0,0,0,0
"649",4594619,"010801010903",4.509385,0.7363825705,16.33,"NH",1,181.963815083402,0,0,0,0,0,0,0,0,0,0,0,0,0,0
"650",4594623,"010801010903",0.975935,0.1232605905,12.63,"NH",0,0,0,0,1,30.4583082155025,0,0,0,0,0,0,0,0,0,0
"651",4594625,"010801010903",0.50275,0.0852664,16.96,"NH",0,0,0,0,1,21.069753772,0,0,0,0,0,0,0,0,0,0
"652",4594627,"010801010903",0.006936,0,0,"NH",0,0,0,0,0,0,1,0,0,0,0,0,0,0,0,0
"653",4594629,"010801010903",5.851872,0.0772447104,1.32,"VT",1,19.087554163392,0,0,0,0,0,0,0,0,0,0,0,0,0,0
"654",4594631,"010801030102",0.877799,0,0,"NH",0,0,0,0,0,0,1,0,0,0,0,0,0,0,0,0
"655",4594633,"010801030102",1.404215,0,0,"NH",0,0,0,0,0,0,1,0,0,0,0,0,0,0,0,0
"656",4594635,"010801010903",19.43711,1.298398948,6.68,"NH",0.2155177179,69.1468925523007,0,0,0.7844822821,251.693979493239,0,0,0,0,0,0,0,0,0,0
"657",4594637,"010801010903",0.009518,0.0031723494,33.33,"NH",1,0.783903398487,0,0,0,0,0,0,0,0,0,0,0,0,0,0
"658",4594639,"010801010903",0.274131,0.0081142776,2.96,"NH",0,0,0,0,1,2.005078566348,0,0,0,0,0,0,0,0,0,0
"659",4594643,"010801030201",0.483994,0,0,"NH",0,0,0,0,0,0,1,0,0,0,0,0,0,0,0,0
"660",4594649,"010801030102",0.843658,0,0,"NH",0,0,0,0,0,0,1,0,0,0,0,0,0,0,0,0
"661",4594651,"010801030201",0.580989,0,0,"VT",0,0,0,0,0,0,1,0,0,0,0,0,0,0,0,0
"662",4594653,"010801030201",7.388513,0,0,"VT",0,0,0,0,0,0,1,0,0,0,0,0,0,0,0,0
"663",4594655,"010801030201",18.275299,0,0,"NH",0,0,0,0,0,0,1,0,0,0,0,0,0,0,0,0
"664",4594661,"010801030201",5.343012,0,0,"NH",0,0,0,0,0,0,1,0,0,0,0,0,0,0,0,0
"665",4594665,"010801030102",1.176533,0,0,"NH",0,0,0,0,0,0,1,0,0,0,0,0,0,0,0,0
"666",4594673,"010801030102",0.308682,0,0,"NH",0,0,0,0,0,0,1,0,0,0,0,0,0,0,0,0
"667",4594675,"010801030201",0.52264,0,0,"NH",0,0,0,0,0,0,1,0,0,0,0,0,0,0,0,0
"668",4594679,"010801030201",1.021788,0,0,"NH",0,0,0,0,0,0,1,0,0,0,0,0,0,0,0,0
"669",4594681,"010801030201",2.540604,0,0,"NH",0,0,0,0,0,0,1,0,0,0,0,0,0,0,0,0
"670",4594683,"010801030102",0.345795,0,0,"NH",0,0,0,0,0,0,1,0,0,0,0,0,0,0,0,0
"671",4594685,"010801030201",1.232708,0,0,"NH",0,0,0,0,0,0,1,0,0,0,0,0,0,0,0,0
"672",4594687,"010801030201",0.241767,0,0,"NH",0,0,0,0,0,0,1,0,0,0,0,0,0,0,0,0
"673",4594697,"010801030202",10.659033,0,0,"NH",0,0,0,0,0,0,1,0,0,0,0,0,0,0,0,0
"674",4594701,"010801030202",0.290771,0,0,"NH",0,0,0,0,0,0,1,0,0,0,0,0,0,0,0,0
"675",4594705,"010801030202",3.590326,0,0,"NH",0,0,0,0,0,0,1,0,0,0,0,0,0,0,0,0
"676",4594707,"010801030202",0.157398,0,0,"NH",0,0,1,0,0,0,1,0,0,0,0.1,0,1,0,1,0
"677",4594709,"010801030202",0.390826,0,0,"NH",0,0,0,0,0,0,1,0,0,0,0,0,0,0,0,0
"678",4594711,"010801030202",0.501633,0,0,"NH",0,0,0,0,0,0,1,0,0,0,0,0,0,0,0,0
"679",4594713,"010801030202",3.560027,0,0,"NH",0,0,0,0,0,0,1,0,0,0,0,0,0,0,0,0
"680",4594715,"010801030202",1.00238,0,0,"NH",0,0,0,0,0,0,1,0,0,0,0,0,0,0,0,0
"681",4594717,"010801030101",3.812367,0,0,"NH",0,0,0,0,0,0,1,0,0,0,0,0,0,0,0,0
"682",4594721,"010801030202",0.614784,0,0,"NH",0,0,0,0,0,0,1,0,0,0,0,0,0,0,0,0
"683",4594725,"010801030202",4.896575,0,0,"NH",0,0,0,0,0,0,1,0,0,0,0,0,0,0,0,0
"684",4594727,"010801030202",0.904176,0,0,"NH",0,0,0,0,0,0,1,0,0,0,0,0,0,0,0,0
"685",4594729,"010801030202",0.32798,0,0,"NH",0,0,0,0,0,0,1,0,0,0,0,0,0,0,0,0
"686",4594733,"010801030202",3.235887,0,0,"NH",0,0,0,0,0,0,1,0,0,0,0,0,0,0,0,0
"687",4594735,"010801030202",0.400878,0,0,"NH",0,0,0,0,0,0,1,0,0,0,0,0,0,0,0,0
"688",4594741,"010801030203",0.626364,0,0,"VT",0,0,0,0,0,0,1,0,0,0,0,0,0,0,0,0
"689",4594743,"010801030202",2.535794,0,0,"NH",0,0,0,0,0,0,1,0,0,0,0,0,0,0,0,0
"690",4594745,"010801030202",4.968579,0,0,"NH",0,0,0,0,0,0,1,0,0,0,0,0,0,0,0,0
"691",4594747,"010801030202",5.297677,0,0,"NH",0,0,0,0,0,0,1,0,0,0,0,0,0,0,0,0
"692",4594749,"010801030202",2.412575,0,0,"NH",0,0,0,0,0,0,1,0,0,0,0,0,0,0,0,0
"693",4594753,"010801030202",4.850906,0,0,"VT",0,0,0,0,0,0,1,0,0,0,0,0,0,0,0,0
"694",4594755,"010801030202",1.103538,0,0,"NH",0,0,0,0,0,0,1,0,0,0,0,0,0,0,0,0
"695",4594757,"010801030203",2.616152,0.0206676008,0.79,"VT",0,0,0,0,1,5.107067495684,0,0,0,0,0,0,0,0,0,0
"696",4594759,"010801030202",0.559364,0,0,"NH",0,0,0,0,0,0,1,0,0,0,0,0,0,0,0,0
"697",4594761,"010801030202",0.985568,0,0,"NH",0,0,0,0,0,0,1,0,0,0,0,0,0,0,0,0
"698",4594763,"010801030202",0.394191,0,0,"NH",0,0,0,0,0,0,1,0,0,0,0,0,0,0,0,0
"699",4594767,"010801030403",0.236925,0,0,"NH",0,0,0,0,0,0,1,0,0,0,0,0,0,0,0,0
"700",4594769,"010801030203",0.580273,0.0153772345,2.65,"VT",0,0,0,0,1,3.7997915311225,0,0,0,0,0,0,0,0,0,0
"701",4594771,"010801030203",43.982271,0.1715308569,0.39,"NH",0,0,0,0,0,0,1,42.3861323942745,0,0,0,0,0,0,0,0
"702",4594773,"010801030203",5.316459,0,0,"NH",0,0,0,0,0,0,1,0,0,0,0,0,0,0,0,0
"703",4594775,"010801030202",10.339904,0,0,"NH",0,0,0,0,0,0,1,0,0,0,0,0,0,0,0,0
"704",4594777,"010801030403",0.381859,0,0,"NH",0,0,0,0,0,0,1,0,0,0,0,0,0,0,0,0
"705",4594779,"010801030203",19.298227,0.2064910289,1.07,"NH",0,0,0,0,1,51.0249656963345,0,0,0,0,0,0,0,0,0,0
"706",4594783,"010801030202",0.485971,0,0,"NH",0,0,0,0,0,0,1,0,0,0,0,0,0,0,0,0
"707",4594785,"010801030502",0.674241,0,0,"NH",0,0,0,0,0,0,1,0,0,0,0,0,0,0,0,0
"708",4594793,"010801030502",3.843882,0,0,"NH",0,0,0,0,0,0,1,0,0,0,0,0,0,0,0,0
"709",4594795,"010801030502",3.2769,0,0,"NH",0,0,0,0,0,0,1,0,0,0,0,0,0,0,0,0
"710",4594797,"010801030502",0.28372,0,0,"NH",0,0,0,0,0,0,1,0,0,0,0,0,0,0,0,0
"711",4594799,"010801030502",5.29937,0,0,"NH",0,0,0,0,0,0,1,0,0,0,0,0,0,0,0,0
"712",4594803,"010801030506",0.149767,0,0,"NH",0,0,0,0,0,0,1,0,0,0,0,0,0,0,0,0
"713",4594805,"010801030502",2.170519,0,0,"NH",0,0,0,0,0,0,1,0,0,0,0,0,0,0,0,0
"714",4594807,"010801030503",6.253231,0,0,"NH",0,0,0,0,0,0,1,0,0,0,0,0,0,0,0,0
"715",4594809,"010801030503",1.090603,0,0,"NH",0,0,0,0,0,0,1,0,0,0,0,0,0,0,0,0
"716",4594813,"010801030505",1.396055,0,0,"NH",0,0,0,0,0,0,1,0,0,0,0,0,0,0,0,0
"717",4594817,"010801030102",4.281048,0,0,"NH",0,0,0,0,0,0,1,0,0,0,0,0,0,0,0,0
"718",4594819,"010801030102",2.076876,0,0,"NH",0,0,0,0,0,0,1,0,0,0,0,0,0,0,0,0
"719",4594821,"010801030202",6.728607,0,0,"VT",0,0,0,0,0,0,1,0,0,0,0,0,0,0,0,0
"720",4594823,"010801030502",3.521931,0,0,"NH",0,0,0,0,0,0,1,0,0,0,0,0,0,0,0,0
"721",4594825,"010801030304",2.568681,0,0,"NH",0,0,0,0,0,0,1,0,0,0,0,0,0,0,0,0
"722",4594969,"010801030205",3.680762,0,0,"VT",0,0,0,0,0,0,1,0,0,0,0,0,0,0,0,0
"723",4594973,"010801030205",0.523161,0,0,"VT",0,0,0,0,0,0,1,0,0,0,0,0,0,0,0,0
"724",4594975,"010801020403",0.954277,0,0,"NH",0,0,0,0,0,0,1,0,0,0,0,0,0,0,0,0
"725",4594977,"010801030205",3.658361,0,0,"NH",0,0,0,0,0,0,1,0,0,0,0,0,0,0,0,0
"726",4594979,"010801030205",2.574589,0,0,"NH",0,0,0,0,0,0,1,0,0,0,0,0,0,0,0,0
"727",4594981,"010801030205",0.277836,0,0,"NH",0,0,0,0,0,0,1,0,0,0,0,0,0,0,0,0
"728",4594983,"010801030205",4.280626,0,0,"NH",0,0,0,0,0,0,1,0,0,0,0,0,0,0,0,0
"729",4594985,"010801030205",5.220715,0,0,"NH",0,0,0,0,0,0,1,0,0,0,0,0,0,0,0,0
"730",4594987,"010801030206",7.058505,0.052232937,0.74,"NH",0,0,0,0,0,0,0,0,1,12.907019897385,0,0,0,0,0,0
"731",4594989,"010801030206",5.148774,0.20595096,4,"NH",0,0,0,0,0,0,0,0,1,50.8915119708,0,0,0,0,0,0
"732",4594991,"010801030206",10.844171,0.0986819561,0.91,"VT",0,0,0,0,0,0,0,0,1,24.3848047620905,0,0,0,0,0,0
"733",4594993,"010801030506",8.308109,0,0,"NH",0,0,0,0,0,0,1,0,0,0,0,0,0,0,0,0
"734",4594995,"010801030206",8.580229,0,0,"NH",0,0,0,0,0,0,1,0,0,0,0,0,0,0,0,0
"735",4594997,"010801030206",9.790126,0.0234963024,0.24,"NH",0,0,0,0,0,0,0,0,1,5.806053804552,0,0,0,0,0,0
"736",4594999,"010801030506",1.106167,0,0,"NH",0,0,0,0,0,0,1,0,0,0,0,0,0,0,0,0
"737",4595001,"010801030506",5.479363,0,0,"NH",0,0,0,0,0,0,1,0,0,0,0,0,0,0,0,0
"738",4595003,"010801030506",2.294327,0.2012124779,8.77,"NH",0,0,0,0,0,0,0,0,1,49.7206093514795,0,0,0,0,0,0
"739",4595005,"010801030506",1.313528,0,0,"NH",0,0,0,0,0,0,1,0,0,0,0,0,0,0,0,0
"740",4595007,"010801030506",0.248592,0,0,"NH",0,0,0,0,0,0,1,0,0,0,0,0,0,0,0,0
"741",4595009,"010801030506",3.94197,0.126931434,3.22,"NH",0,0,0,0,0,0,0,0,1,31.36539199857,0,0,0,0,0,0
"742",4595039,"010801030206",7.939907,0,0,"VT",0,0,0,0,0,0,1,0,0,0,0,0,0,0,0,0
"743",4595041,"010801030206",1.606228,0,0,"NH",0,0,0,0,0,0,1,0,0,0,0,0,0,0,0,0
"744",4595043,"010801030206",4.183826,0.033470608,0.8,"NH",0,0,0,0,0,0,0,0,1,8.27075458984,0,0,0,0,0,0
"745",4595049,"010801030205",0.792599,0,0,"VT",0,0,0,0,0,0,1,0,0,0,0,0,0,0,0,0
"746",4595051,"010801030205",0.627348,0,0,"VT",0,0,0,0,0,0,1,0,0,0,0,0,0,0,0,0
"747",4595053,"010801030205",0.167205,0,0,"NH",0,0,0,0,0,0,1,0,0,0,0,0,0,0,0,0
"748",4595055,"010801030206",0.998859,0,0,"VT",0,0,0,0,0,0,1,0,0,0,0,0,0,0,0,0
"749",4595059,"010801030206",2.976086,0.1913623298,6.43,"NH",0,0,0,0,0,0,0,0,1,47.286588505229,0,0,0,0,0,0
"750",4595061,"010801030206",0.021387,0.002673375,12.5,"NH",0,0,0,0,0,0,0,0,1,0.660604329375,0,0,0,0,0,0
"751",4595063,"010801030206",3.309802,0.1327230602,4.01,"NH",0,0,0,0,0,0,0,0,1,32.796531790721,0,0,0,0,0,0
"752",4595065,"010801030206",0.179603,0,0,"VT",0,0,0,0,0,0,1,0,0,0,0,0,0,0,0,0
"753",4595069,"010801030206",2.442699,0,0,"NH",0,0,0,0,0,0,1,0,0,0,0,0,0,0,0,0
"754",4595075,"010801030206",15.382576,0.0984484864,0.64,"NH",0,0,0,0,0,0,0,0,1,24.327113231872,0,0,0,0,0,0
"755",4595077,"010801030205",0.317087,0,0,"NH",0,0,0,0,0,0,1,0,0,0,0,0,0,0,0,0
"756",4595079,"010801030205",0.71071,0.004477473,0.63,"NH",0,0,0,0,0,0,1,1.106405965665,0,0,0,0,0,0,0,0
"757",4595083,"010801030206",22.048412,0.176387296,0.8,"NH",0,0,0,0,0,0,0,0,1,43.58618277808,0,0,0,0,0,0
"758",4595087,"010801030206",0.152705,0,0,"NH",0,0,0,0,0,0,1,0,0,0,0,0,0,0,0,0
"759",4595089,"010801030203",0.118275,0,0,"NH",0,0,0,0,0,0,1,0,0,0,0,0,0,0,0,0
"760",4595095,"010801030205",2.091867,0.0395362863,1.89,"NH",0,0,0,0,1,9.7696140261615,0,0,0,0,0,0,0,0,0,0
"761",4595099,"010801030205",0.060491,0,0,"NH",0,0,0,0,0,0,1,0,0,0,0,0,0,0,0,0
"762",4595101,"010801030205",3.30711,0.457704024,13.84,"NH",0,0,0,0,1,113.10095285052,0,0,0,0,0,0,0,0,0,0
"763",4595103,"010801030206",0.046843,0,0,"NH",0,0,0,0,0,0,1,0,0,0,0,0,0,0,0,0
"764",4595105,"010801030506",0.064712,0,0,"NH",0,0,0,0,0,0,1,0,0,0,0,0,0,0,0,0
"765",4596473,"010801010304",0.0009,0,0,"VT",0,0,1,0,0,0,0,0,0,0,0,0,0,0,0,0
"766",4596477,"010801010304",1.074711,0,0,"VT",0,0,1,0,0,0,0,0,0,0,0,0,0,0,0,0
"767",4596491,"010801030102",3.44247,0,0,"NH",0,0,0,0,0,0,1,0,0,0,0,0,0,0,0,0
"768",4596493,"010801010903",2.835454,0.351596296,12.4,"NH",1,86.88120272308,0,0,0,0,0,0,0,0,0,0,0,0,0,0
"769",9325926,"010801030703",0.04737,0,0,"NH",0,0,0,0,0,0,1,0,0,0,0,0,0,0,0,0
"770",9325930,"010801030703",6.782236,0,0,"NH",0,0,0,0,0,0,1,0,0,0,0,0,0,0,0,0
"771",9325932,"010801030703",1.461811,0.0125715746,0.86,"NH",0,0,0,0,0,0,0,0,1,3.106498941533,0,0,0,0,0,0
"772",9325936,"010801030703",4.431686,0.0385556682,0.87,"NH",0,0,0,0,0,0,0,0,1,9.527298390561,0,0,0,0,0,0
"773",9325938,"010801030703",1.366118,0,0,"NH",0,0,0,0,0,0,1,0,0,0,0,0,0,0,0,0
"774",9325940,"010801030703",1.944285,0,0,"NH",0,0,0,0,0,0,1,0,0,0,0,0,0,0,0,0
"775",9325960,"010801030701",26.927429,0,0,"NH",0,0,0,0,0,0,1,0,0,0,0,0,0,0,0,0
"776",9325962,"010801030701",8.810488,0,0,"NH",0,0,0,0,0,0,1,0,0,0,0,0,0,0,0,0
"777",9325974,"010801030701",1.482315,0,0,"NH",0,0,0,0,0,0,1,0,0,0,0,0,0,0,0,0
"778",9325980,"010801030701",11.633833,0,0,"NH",0,0,0,0,0,0,1,0,0,0,0,0,0,0,0,0
"779",9325986,"010801030701",0.425042,0,0,"NH",0,0,0,0,0,0,0,0,0,0,0,0,1,0,0,0
"780",9326020,"010801030703",1.605763,0,0,"NH",0,0,0,0,0,0,1,0,0,0,0,0,0,0,0,0
"781",9326024,"010801030701",4.621026,0,0,"NH",0,0,0,0,0,0,1,0,0,0,0,0,0,0,0,0
"782",9326028,"010801030703",3.550401,0,0,"NH",0,0,0,0,0,0,1,0,0,0,0,0,0,0,0,0
"783",9326114,"010801030702",3.069106,0,0,"VT",0,0,0,0,0,0,1,0,0,0,0,0,0,0,0,0
"784",9326116,"010801030703",9.750858,0.2398711068,2.46,"NH",0,0,0,0,0,0,0,0,1,59.273349845814,0,0,0,0,0,0
"785",9326118,"010801030702",1.150278,0,0,"VT",0,0,0,0,0,0,1,0,0,0,0,0,0,0,0,0
"786",9326120,"010801030702",3.57967,0,0,"VT",0,0,0,0,0,0,1,0,0,0,0,0,0,0,0,0
"787",9326122,"010801030703",7.817108,0.230604686,2.95,"NH",0,0,0,0,0,0,0,0,1,56.98357093403,0,0,0,0,0,0
"788",9326124,"010801030703",0.00539,0,0,"NH",0,0,1,0,0,0,0,0,0,0,0,0,0,0,0,0
"789",9326126,"010801030703",6.111837,0.0317815524,0.52,"VT",0,0,0,0,0,0,0,0,1,7.853380505802,0,0,0,0,0,0
"790",9326128,"010801030703",1.988699,0.1217083788,6.12,"NH",0,0,0,0,0,0,0,0,1,30.074748943374,0,0,0,0,0,0
"791",9326130,"010801030703",0.1292,0,0,"NH",0,0,0,0,0,0,1,0,0,0,0,0,0,0,0,0
"792",9326132,"010801030703",7.830512,0,0,"NH",0,0,0,0,0,0,1,0,0,0,0,0,0,0,0,0
"793",9326134,"010801030702",3.040893,0,0,"VT",0,0,0,0,0,0,1,0,0,0,0,0,0,0,0,0
"794",9326136,"010801030702",10.712896,0,0,"VT",0,0,0,0,0,0,1,0,0,0,0,0,0,0,0,0
"795",9326138,"010801030702",1.392429,0,0,"VT",0,0,0,0,0,0,1,0,0,0,0,0,0,0,0,0
"796",9326140,"010801030701",0.025915,0,0,"NH",0,0,0,0,0,0,1,0,0,0,0,0,0,0,0,0
"797",9326142,"010801030701",4.389637,0,0,"NH",0,0,0,0,0,0,1,0,0,0,0,0,0,0,0,0
"798",9326144,"010801030701",0.572067,0,0,"NH",0,0,0,0,0,0,1,0,0,0,0,0,0,0,0,0
"799",9326146,"010801030701",2.260008,0,0,"NH",0,0,0,0,0,0,1,0,0,0,0,0,0,0,0,0
"800",9326148,"010801030702",8.110124,0.421726448,5.2,"VT",0,0,0,0,1,104.21071393304,0,0,0,0,0,0,0,0,0,0
"801",9326150,"010801030702",0.583596,0,0,"VT",0,0,0,0,0,0,1,0,0,0,0,0,0,0,0,0
"802",9326152,"010801030701",0.409917,0,0,"NH",0,0,0,0,0,0,1,0,0,0,0,0,0,0,0,0
"803",9326156,"010801030701",6.564814,0,0,"NH",0,0,0,0,0,0,1,0,0,0,0,0,0,0,0,0
"804",9326158,"010801030703",8.000389,0.0944045902,1.18,"NH",0,0,0,0,0,0,0,0,1,23.327846261371,0,0,0,0,0,0
"805",9326188,"010801030702",2.858312,0,0,"VT",0,0,0,0,0,0,1,0,0,0,0,0,0,0,0,0
"806",9326190,"010801030702",15.632638,0.0343918036,0.22,"VT",0,0,0,0,1,8.498386628578,0,0,0,0,0,0,0,0,0,0
"807",9326192,"010801030702",2.707343,0,0,"VT",0,0,0,0,0,0,1,0,0,0,0,0,0,0,0,0
"808",9326194,"010801030702",8.388822,0.0536884608,0.64,"VT",0,0,0,0,1,13.266687105984,0,0,0,0,0,0,0,0,0,0
"809",9326196,"010801030703",8.994642,0.1466126646,1.63,"NH",0,0,0,0,0,0,1,36.228722485983,0,0,0,0,0,0,0,0
"810",9326198,"010801030702",11.639684,0,0,"VT",0,0,0,0,0,0,1,0,0,0,0,0,0,0,0,0
"811",9326202,"010801030703",0.012561,0.0044855331,35.71,"NH",0,0,0,0,0,0,0,0,1,1.1083976566755,0,0,0,0,0,0
"812",9326204,"010801030703",0.211936,0.0487028928,22.98,"NH",0,0,0,0,0,0,0,0,1,12.034728325344,0,0,0,0,0,0
"813",9326206,"010801030703",16.596647,2.3550642093,14.19,"NH",0,0,0,0,0,0,0,0,1,581.948141439076,0,0,0,0,0,0
"814",9326214,"010801030703",6.385464,1.3454172648,21.07,"NH",0,0,0,0,0,0,0,0,1,332.459333218404,0,0,0,0,0,0
"815",9326216,"010801030703",0.004054,0,0,"NH",0,0,0,0,0,0,1,0,0,0,0,0,0,0,0,0
"816",9326218,"010801030703",0.337808,0.1114090784,32.98,"NH",0,0,0,0,0,0,0,0,1,27.529740318032,0,0,0,0,0,0
"817",9326220,"010801030703",7.703106,0.8804650158,11.43,"NH",0,0,0,0,0,0,1,217.567307729259,0,0,0,0,0,0,0,0
"818",9326222,"010801030206",0.15851,0,0,"NH",0,0,0,0,0,0,1,0,0,0,0,0,0,0,0,0
"819",9326224,"010801030703",22.164504,4.4329008,20,"NH",0,0,0,0,0,0,0,0,1,1095.391952184,0,0,0,0,0,0
"820",9326228,"010801030703",0.978185,0.6359180685,65.01,"NH",0,0,0,0,0,0,0,0,1,157.138534316692,0,0,0,0,0,0
"821",9326234,"010801030702",0.75089,0,0,"VT",0,0,0,0,0,0,1,0,0,0,0,0,0,0,0,0
"822",9326236,"010801030703",6.175996,0,0,"VT",0,0,0,0,0,0,1,0,0,0,0,0,0,0,0,0
"823",9326238,"010801030702",1.011033,0,0,"VT",0,0,0,0,0,0,1,0,0,0,0,0,0,0,0,0
"824",9326240,"010801030702",0.99445,0,0,"VT",0,0,0,0,0,0,1,0,0,0,0,0,0,0,0,0
"825",9326242,"010801030702",3.223343,0,0,"VT",0,0,0,0,0,0,1,0,0,0,0,0,0,0,0,0
"826",9326304,"010801030701",0.21308,0,0,"NH",0,0,0,0,0,0,1,0,0,0,0,0,0,0,0,0
"827",9326306,"010801030701",0.141528,0,0,"NH",0,0,0,0,0,0,1,0,0,0,0,0,0,0,0,0
"828",9326308,"010801030701",0.035493,0,0,"NH",0,0,0,0,0,0,1,0,0,0,0,0,0,0,0,0
"829",9326314,"010801030701",2.827393,0,0,"NH",0,0,0,0,0,0,1,0,0,0,0,0,0,0,0,0
"830",9326430,"010801030701",6.642321,0,0,"NH",0,0,0,0,0,0,1,0,0,0,0,0,0,0,0,0
"831",9327640,"010801040205",0.42406,0.114114546,26.91,"NH",0,0,0,0,0,0,0,0,1,28.19827488933,0,0,0,0,0,0
"832",166157759,"010801010304",4.580237,0,0,"VT",0,0,1,0,0,0,0,0,0,0,0,0,0,0,0,0
"833",166157768,"010801010304",3.674132,0,0,"VT",0,0,1,0,0,0,0,0,0,0,0,0,0,0,0,0
"834",166157769,"010801010304",4.598793,0,0,"VT",0,0,1,0,0,0,0,0,0,0,0,0,0,0,0,0
"835",166157770,"010801010303",1.016153,0,0,"NH",0,0,1,0,0,0,0,0,0,0,0,0,0,0,0,0
"836",166157771,"010801010303",4.422264,0,0,"NH",0,0,1,0,0,0,0,0,0,0,0,0,0,0,0,0
"837",166157772,"010801010303",6.618888,0,0,"NH",0,0,1,0,0,0,0,0,0,0,0,0,0,0,0,0
"838",166157773,"010801010303",19.870073,0,0,"NH",0,0,1,0,0,0,0,0,0,0,0,0,0,0,0,0
"839",166157777,"010801010503",13.746836,0.1044759536,0.76,"VT",0,0,0,0,0,0,1,25.816530514328,0,0,0,0,0,0,0,0
"840",166174493,"010801030205",0.890844,0.069485832,7.8,"NH",0,0,0,0,0,0,1,17.17029651636,0,0,0,0,0,0,0,0
"841",166174494,"010801030205",3.800655,0,0,"NH",0,0,0,0,0,0,1,0,0,0,0,0,0,0,0,0
"842",166174495,"010801030205",0.177066,0,0,"NH",0,0,0,0,0,0,1,0,0,0,0,0,0,0,0,0
