"","COMID","HUC_12","IncAreaKm2","urban_km2","StateAbbrev","Enhanced_Biofiltration_w_ISR_FracImplement","Enhanced_Biofiltration_w_ISR_areaac","Gravel_Wetland_FracImplement","Gravel_Wetland_areaac","Infiltration_Basin_FracImplement","Infiltration_Basin_areaac","Infiltration_Chamber_FracImplement","Infiltration_Chamber_areaac","Infiltration_Trench_FracImplement","Infiltration_Trench_areaac","Porous_Pavement_w_subsurface_infiltration_FracImplement","Porous_Pavement_w_subsurface_infiltration_areaac","Porous_Pavement_w_underdrain_FracImplement","Porous_Pavement_w_underdrain_areaac"
"1",4574007,"010801040104",0.054147,0.0062160756,"VT",0,0,0,0,0.9,1.3824210250242,0,0,0,0,0.1,0.1536023361138,0,0
"2",4574703,"010801040303",0.007777,0.0008640247,"VT",0,0,0,0,0.9,0.19215434114415,0,0,0,0,0.1,0.02135048234935,0,0
"3",4574863,"010801040302",0.053762,0.0026881,"VT",0,0,0,0,0.9,0.59781865545,0,0,0,0,0.1,0.06642429505,0,0
"4",6082739,"010801050301",3.866105,0.006185768,"VT",0,0,0,0,1,1.52853420164,0,0,0,0,0,0,0,0
"5",6082741,"010801050201",7.239995,0.033303977,"VT",0,0,0,0,0,0,0,0,0.9,7.4066213129265,0.1,0.8229579236585,0,0
"6",6082763,"010801050201",12.225342,0.006112671,"VT",0,0,0,0,1,1.510471567455,0,0,0,0,0,0,0,0
"7",6082765,"010801050401",3.363786,0.0063911934,"VT",0,0,0,0,1,1.579295845107,0,0,0,0,0,0,0,0
"8",6082771,"010801050202",11.0521,0.02652504,"VT",0,0,0,0,1,6.5544700092,0,0,0,0,0,0,0,0
"9",6082773,"010801050202",6.366199,0.0235549363,"VT",0,0,0,0,1,5.8205425344115,0,0,0,0,0,0,0,0
"10",6082775,"010801050202",6.323385,0.0056910465,"VT",0,0,0,0,0,0,0,0,1,1.4062860453825,0,0,0,0
"11",6082779,"010801050201",1.685593,0.0224183869,"VT",0,0,0,0,1,5.5396954949245,0,0,0,0,0,0,0,0
"12",6082789,"010801050301",4.591006,0.2745421588,"VT",0,0,0,0,1,67.840740150274,0,0,0,0,0,0,0,0
"13",6082793,"010801050401",0.632959,0.0008861426,"VT",0,0,0,0,1,0.218970267173,0,0,0,0,0,0,0,0
"14",6082795,"010801050301",5.773895,0.1726394605,"VT",0,0,0,0,0,0,0,0,1,42.6600738868525,0,0,0,0
"15",6082797,"010801050202",2.646,0.0082026,"VT",0,0,0,0,0,0,1,2.026903473,0,0,0,0,0,0
"16",6082859,"010801050201",11.32303,0.007926121,"VT",0,0,0,0,0,0,0.9,1.7627257167345,0,0,0.1,0.1958584129705,0,0
"17",6082861,"010801050401",13.520913,0.0527315607,"VT",0,0,0,0,1,13.0302323067735,0,0,0,0,0,0,0,0
"18",6082867,"010801050401",6.954362,0.048680534,"VT",0,0,0,0,1,12.02920335407,0,0,0,0,0,0,0,0
"19",6082869,"010801050401",3.02387,0.015421737,"VT",0,0,0,0,1,3.810788321385,0,0,0,0,0,0,0,0
"20",6082891,"010801050301",0.789328,0.0396242656,"VT",0,0,0,0,0,0,0,0,1,9.791354151088,0,0,0,0
"21",6083327,"010801050202",0.152976,0.0026617824,"VT",0,0,0,0,0.9,0.5919657659568,0,0,0,0,0.1,0.0657739739952,0,0
"22",6083339,"010801050202",1.021953,0.0063361086,"VT",0,0,0,0,0,0,1,1.565684115603,0,0,0,0,0,0
"23",6083341,"010801050401",1.542715,0.055846283,"VT",0,0,0,0,1,13.799895760715,0,0,0,0,0,0,0,0
"24",6083351,"010801050201",0.47967,0.005372304,"VT",0,0,0,0,1,1.32752317992,0,0,0,0,0,0,0,0
"25",6083355,"010801050201",0.033601,0.0036322681,"VT",0,0,0,0,0,0,0,0,1,0.8975516088505,0,0,0,0
"26",6083365,"010801050201",3.648849,0.0007297698,"VT",0,0,0,0,1,0.180329766429,0,0,0,0,0,0,0,0
"27",6083373,"010801050101",3.388993,0.0244007496,"VT",0,0,0,0,1,6.029547229908,0,0,0,0,0,0,0,0
"28",6083381,"010801050201",2.271566,0.0036345056,"VT",0,0,0,0,1,0.898104506288,0,0,0,0,0,0,0,0
"29",6083403,"010801050301",3.470957,0.0791378196,"VT",0,0,0,0,0,0,0,0,0.9,17.5998158210322,0.1,1.9555350912258,0,0
"30",6083405,"010801050401",6.502687,0.0234096732,"VT",0,0,0,0,1,5.784647296086,0,0,0,0,0,0,0,0
"31",6083411,"010801050401",0.447377,0.0144502771,"VT",0,0,0,0,0,0,0,0,0.9,3.21366215051595,0.1,0.35707357227955,0,0
"32",6083419,"010801050301",0.476019,0.0044745786,"VT",0,0,0,0,1,1.105690744953,0,0,0,0,0,0,0,0
"33",6083429,"010801050401",5.103696,0.0096970224,"VT",0,0,0,0,1,2.396182720152,0,0,0,0,0,0,0,0
"34",6083435,"010801050201",0.231291,0.0018040698,"VT",0,0,0,0,1,0.445794667929,0,0,0,0,0,0,0,0
"35",6083437,"010801050401",5.878034,0.0135194782,"VT",0,0,0,0,1,3.340730660611,0,0,0,0,0,0,0,0
"36",6083443,"010801050202",2.399467,0.0333525913,"VT",0,0,0,0,0,0,0,0,1,8.2415920731865,0,0,0,0
"37",6083445,"010801050202",1.763835,0.0368641515,"VT",0,0,0,0,0,0,0,0,0.9,8.19838454076675,0.1,0.91093161564075,0,0
"38",6083467,"010801050202",1.321222,0.0890503628,"VT",0,0,0,0,1,22.004789899694,0,0,0,0,0,0,0,0
"39",6083469,"010801050401",1.33427,0.00533708,"VT",0,0,0,0,1,1.3188191534,0,0,0,0,0,0,0,0
"40",6083475,"010801050302",2.084868,0.0206401932,"VT",0,0,0,0,1,5.100294940686,0,0,0,0,0,0,0,0
"41",6083477,"010801050201",1.107626,0.0098578714,"VT",0,0,0,0,1,2.435929312297,0,0,0,0,0,0,0,0
"42",6083479,"010801050201",3.007162,0.100739927,"VT",0,0,0,0,1,24.893339661335,0,0,0,0,0,0,0,0
"43",6083483,"010801050401",1.35858,0.012634794,"VT",0,0,0,0,1,3.12212077137,0,0,0,0,0,0,0,0
"44",6083493,"010801050401",3.101309,0.0099241888,"VT",0,0,0,0,1,2.452316673424,0,0,0,0,0,0,0,0
"45",6083499,"010801050101",3.895089,0.0081796869,"VT",0,0,0,0,0,0,1,2.0212415314245,0,0,0,0,0,0
"46",6083507,"010801050202",2.605424,0.0125060352,"VT",0,0,0,0,0,0,0.9,2.7812734452864,0,0,0.1,0.3090303828096,0,0
"47",6083509,"010801050101",1.677075,0.00268332,"VT",0,0,0,0,1,0.6630617886,0,0,0,0,0,0,0,0
"48",6083523,"010801050201",0.04571,0.002587186,"VT",0,0,0,0,0.9,0.575375936877,0,0,0,0,0.1,0.063930659653,0,0
"49",6083539,"010801050401",2.958734,0.032546074,"VT",0,0,0,0,1,8.04229761577,0,0,0,0,0,0,0,0
"50",6083541,"010801050402",0.047329,0.0026788214,"VT",0,0,0,0,1,0.661950162047,0,0,0,0,0,0,0,0
"51",6083543,"010801050302",1.7804,0.01531144,"VT",0,0,0,0,0,0,0.9,3.40518004308,0,0,0.1,0.37835333812,0,0
"52",6083547,"010801050202",4.304934,0.245381238,"VT",0,0,0,0,1,60.63493081599,0,0,0,0,0,0,0,0
"53",6083557,"010801050202",0.147319,0.0098851049,"VT",0,0,0,0,1,2.4426588463145,0,0,0,0,0,0,0,0
"54",6083561,"010801050101",2.981924,0.0196806984,"VT",0,0,0,0,1,4.863198978132,0,0,0,0,0,0,0,0
"55",6083563,"010801050201",2.38512,0.358483536,"VT",0,0,0,0,1,88.58307416328,0,0,0,0,0,0,0,0
"56",6083565,"010801050101",1.374535,0.0081097565,"VT",0,0,0,0,1,2.0039613799325,0,0,0,0,0,0,0,0
"57",6083571,"010801050101",4.685977,0.0070289655,"VT",0,0,0,0,1,1.7368925198775,0,0,0,0,0,0,0,0
"58",6083573,"010801050103",2.813256,0.0118156752,"VT",0,0,0,0,0,0,1,2.919712420296,0,0,0,0,0,0
"59",6083597,"010801050101",10.118774,0.020237548,"VT",0,0,0,0,1,5.00079929854,0,0,0,0,0,0,0,0
"60",6083603,"010801050402",1.535286,0.031473363,"VT",0,0,0,0,1,7.777225364115,0,0,0,0,0,0,0,0
"61",6083607,"010801050201",1.932488,0.1234859832,"VT",0,0,0,0,1,30.514003878636,0,0,0,0,0,0,0,0
"62",6083611,"010801050203",2.518051,0.0181299672,"VT",0,0,0,0,1,4.480005544956,0,0,0,0,0,0,0,0
"63",6083613,"010801050203",0.099096,0.0017738184,"VT",0,0,0,0,0.9,0.3944874561588,0,0,0,0,0.1,0.0438319395732,0,0
"64",6083619,"010801050203",0.201945,0.005371737,"VT",0,0,0,0,0.9,1.1946447642465,0,0,0,0,0.1,0.1327383071385,0,0
"65",6083621,"010801050103",1.328089,0.0163354947,"VT",0,0,0,0,1,4.0365824178435,0,0,0,0,0,0,0,0
"66",6083627,"010801050302",1.674787,0.0053593184,"VT",0,0,0,0,1,1.324314373232,0,0,0,0,0,0,0,0
"67",6083629,"010801050302",5.965518,0.35793108,"VT",0,0,0,0,1,88.4465595234,0,0,0,0,0,0,0,0
"68",6083635,"010801050302",0.908287,0.0377847392,"VT",0,0,0,0,1,9.336797980016,0,0,0,0,0,0,0,0
"69",6083637,"010801050302",2.754128,0.1368801616,"VT",0,0,0,0,0,0,1,33.823772332168,0,0,0,0,0,0
"70",6083655,"010801050103",0.096736,0.0008802976,"VT",0,0,0,0,0.9,0.1957733446032,0,0,0,0,0.1,0.0217525938448,0,0
"71",6083659,"010801050302",3.252809,0.0143123596,"VT",0,0,0,0,1,3.536655618958,0,0,0,0,0,0,0,0
"72",6083661,"010801050302",0.79964,0.017032332,"VT",0,0,0,0,1,4.20877439886,0,0,0,0,0,0,0,0
"73",6083669,"010801050402",0.476971,0.0423073277,"VT",0,0,0,0,1,10.4543522113085,0,0,0,0,0,0,0,0
"74",6083691,"010801050302",3.165771,0.0088641588,"VT",0,0,0,0,0,0,1,2.190377960274,0,0,0,0,0,0
"75",6083693,"010801050302",2.218112,0.062107136,"VT",0,0,0,0,0,0,1,15.34698384128,0,0,0,0,0,0
"76",6083699,"010801050402",5.876708,0.0152794408,"VT",0,0,0,0,1,3.775626218884,0,0,0,0,0,0,0,0
"77",6083701,"010801050302",1.505491,0.0144527136,"VT",0,0,0,0,1,3.571337794128,0,0,0,0,0,0,0,0
"78",6083731,"010801050103",0.1026,0.0115938,"VT",0,0,0,0,1,2.864885949,0,0,0,0,0,0,0,0
"79",6083735,"010801050302",2.459812,0.0071334548,"VT",0,0,0,0,0,0,1,1.762712348354,0,0,0,0,0,0
"80",6083739,"010801050402",0.68775,0.026891025,"VT",0,0,0,0,1,6.644906732625,0,0,0,0,0,0,0,0
"81",6083749,"010801050302",0.301597,0.0099225413,"VT",0,0,0,0,1,2.4519095679365,0,0,0,0,0,0,0,0
"82",6083753,"010801050402",3.223752,0.0528695328,"VT",0,0,0,0,1,13.064325902544,0,0,0,0,0,0,0,0
"83",6083755,"010801050302",0.416875,0.006253125,"VT",0,0,0,0,0,0,1,1.545178453125,0,0,0,0,0,0
"84",6083757,"010801050302",5.209529,0.0604305364,"VT",0,0,0,0,0,0,0.9,13.4394189274098,0,0,0.1,1.4932687697122,0,0
"85",6083763,"010801050203",2.679925,0.10076518,"VT",0,0,0,0,1,24.8995798039,0,0,0,0,0,0,0,0
"86",6083787,"010801050302",1.824826,0.0215329468,"VT",0,0,0,0,1,5.320898819014,0,0,0,0,0,0,0,0
"87",6083795,"010801050103",3.495823,0.0125849628,"VT",0,0,0,0,1,3.109807232694,0,0,0,0,0,0,0,0
"88",6083799,"010801050302",0.580584,0.000870876,"VT",0,0,0,0,0,0,0.9,0.193678032582,0,0,0.1,0.021519781398,0,0
"89",6083803,"010801050102",3.509227,0.0133350626,"VT",0,0,0,0,1,3.295160643773,0,0,0,0,0,0,0,0
"90",6083819,"010801050502",0.270828,0.0018145476,"VT",0,0,0,0,1,0.448383784698,0,0,0,0,0,0,0,0
"91",6083821,"010801050102",0.30737,0.006301085,"VT",0,0,0,0,1,1.557029608925,0,0,0,0,0,0,0,0
"92",6083829,"010801050502",6.446528,0.0264307648,"VT",0,0,0,0,1,6.531174135904,0,0,0,0,0,0,0,0
"93",6083851,"010801050402",2.421197,0.0728780297,"VT",0,0,0,0,1,18.0085255290185,0,0,0,0,0,0,0,0
"94",6083853,"010801050501",1.510976,0.0054395136,"VT",0,0,0,0,1,1.344131008128,0,0,0,0,0,0,0,0
"95",6083859,"010801050103",8.637555,0.321317046,"VT",0,0,0,0,1,79.39904865183,0,0,0,0,0,0,0,0
"96",6083861,"010801050103",10.184549,0.0091660941,"VT",0,0,0,0,1,2.2649876825805,0,0,0,0,0,0,0,0
"97",6083881,"010801050501",3.564603,0.0089115075,"VT",0,0,0,0,0,0,0.9,1.98187025470875,0,0,0.1,0.22020780607875,0,0
"98",6083883,"010801050103",3.339044,0.0036729484,"VT",0,0,0,0,0,0,0.9,0.8168435229438,0,0,0.1,0.0907603914382,0,0
"99",6083885,"010801050103",4.331133,0.047642463,"VT",0,0,0,0,1,11.772690819615,0,0,0,0,0,0,0,0
"100",6083891,"010801050106",1.879198,0.0090201504,"VT",0,0,0,0,1,2.228924264592,0,0,0,0,0,0,0,0
"101",6083893,"010801050501",3.34156,0.06850198,"VT",0,0,0,0,1,16.9271817679,0,0,0,0,0,0,0,0
"102",6083915,"010801050501",8.390084,0.071315714,"VT",0,0,0,0,1,17.62246950797,0,0,0,0,0,0,0,0
"103",6083917,"010801050502",15.038807,0.1368531437,"VT",0,0,0,0,1,33.8170960739885,0,0,0,0,0,0,0,0
"104",6083927,"010801050502",3.49154,0.067386722,"VT",0,0,0,0,1,16.65159593981,0,0,0,0,0,0,0,0
"105",6083945,"010801050106",2.362153,0.0179523628,"VT",0,0,0,0,0,0,1,4.436118609694,0,0,0,0,0,0
"106",6083947,"010801050502",9.603218,0.0211270796,"VT",0,0,0,0,1,5.220607004558,0,0,0,0,0,0,0,0
"107",6083979,"010801050104",0.598309,0.0026923905,"VT",0,0,0,0,1,0.6653031545025,0,0,0,0,0,0,0,0
"108",6083981,"010801050106",5.448903,0.0659317263,"VT",0,0,0,0,1,16.2920592273615,0,0,0,0,0,0,0,0
"109",6083987,"010801050106",0.566727,0.0206855355,"VT",0,0,0,0,1,5.1114992497275,0,0,0,0,0,0,0,0
"110",6083989,"010801050502",0.119815,0.002683856,"VT",0,0,0,0,1,0.66319423688,0,0,0,0,0,0,0,0
"111",6083995,"010801050106",0.214521,0.003646857,"VT",0,0,0,0,1,0.901156598985,0,0,0,0,0,0,0,0
"112",6084005,"010801050105",0.626808,0.0035728056,"VT",0,0,0,0,0,0,1,0.882858127788,0,0,0,0,0,0
"113",6084009,"010801050105",2.451718,0.0044130924,"VT",0,0,0,0,0,0,1,1.090497197502,0,0,0,0,0,0
"114",6084013,"010801050105",0.261804,0.0053931624,"VT",0,0,0,0,1,1.332677394852,0,0,0,0,0,0,0,0
"115",6084019,"010801050502",3.108289,0.0018649734,"VT",0,0,0,0,1,0.460844252007,0,0,0,0,0,0,0,0
"116",6084043,"010801050502",3.282892,0.026263136,"VT",0,0,0,0,1,6.48975222128,0,0,0,0,0,0,0,0
"117",6084055,"010801050106",0.097768,0.00268862,"VT",0,0,0,0,1,0.6643714451,0,0,0,0,0,0,0,0
"118",6084069,"010801050104",3.318959,0.0262197761,"VT",0,0,0,0,1,6.4790377731905,0,0,0,0,0,0,0,0
"119",6084075,"010801050502",2.468516,0.0027153676,"VT",0,0,0,0,1,0.670980910798,0,0,0,0,0,0,0,0
"120",6084077,"010801050502",1.315513,0.0009208591,"VT",0,0,0,0,0,0,0,0,1,0.2275488879055,0,0,0,0
"121",6084085,"010801050104",0.215585,0.001810914,"VT",0,0,0,0,1,0.44748590397,0,0,0,0,0,0,0,0
"122",6084107,"010801050106",0.860002,0.0071380166,"VT",0,0,0,0,0,0,0,0,0.9,1.5874556327487,0.1,0.1763839591943,0,0
"123",6084115,"010801050502",2.373495,0.007120485,"VT",0,0,0,0,0,0,1,1.759507445925,0,0,0,0,0,0
"124",6084119,"010801050105",2.328734,0.0053560882,"VT",0,0,0,0,1,1.323516174661,0,0,0,0,0,0,0,0
"125",6084133,"010801050104",8.161524,0.0032646096,"VT",0,0,0,0,1,0.806701355208,0,0,0,0,0,0,0,0
"126",6084147,"010801050106",0.469741,0.0008925079,"VT",0,0,0,0,1,0.2205431646295,0,0,0,0,0,0,0,0
"127",6084181,"010801050503",2.270572,0.0018164576,"VT",0,0,0,0,1,0.448855755248,0,0,0,0,0,0,0,0
"128",6084187,"010801050503",2.343603,0.0342166038,"VT",0,0,0,0,1,8.455093881999,0,0,0,0,0,0,0,0
"129",6084203,"010801050503",2.112229,0.0530169479,"VT",0,0,0,0,1,13.1007529108295,0,0,0,0,0,0,0,0
"130",6084235,"010801050401",2.792293,0.0008376879,"VT",0,0,0,0,1,0.2069968685295,0,0,0,0,0,0,0,0
"131",6084243,"010801050401",2.304609,0.0071442879,"VT",0,0,0,0,0,0,0.9,1.58885033537655,0,0,0.1,0.17653892615295,0,0
"132",6084245,"010801050201",2.04492,0.094475304,"VT",0,0,0,0,1,23.34531999492,0,0,0,0,0,0,0,0
"133",6084247,"010801050401",2.999415,0.0206959635,"VT",0,0,0,0,0,0,1,5.1140760606675,0,0,0,0,0,0
"134",6084251,"010801050201",4.105756,0.0016423024,"VT",0,0,0,0,1,0.405821134552,0,0,0,0,0,0,0,0
"135",6084261,"010801050202",2.297407,0.2207808127,"VT",0,0,0,0,0,0,0.9,49.1004384500102,0,0,0.1,5.45560427222335,0,0
"136",6084265,"010801050203",0.97605,0.00448983,"VT",0,0,0,0,0,0,0,0,1,1.10945944215,0,0,0,0
"137",6084267,"010801050101",1.93549,0.009870999,"VT",0,0,0,0,1,2.439173207895,0,0,0,0,0,0,0,0
"138",6084269,"010801050201",14.180342,0.0581394022,"VT",0,0,0,0,1,14.366536980631,0,0,0,0,0,0,0,0
"139",6084299,"010801050102",7.330852,0.0124624484,"VT",0,0,0,0,1,3.079533311882,0,0,0,0,0,0,0,0
"140",6084307,"010801050402",0.921825,0.0054387675,"VT",0,0,0,0,1,1.3439466430875,0,0,0,0,0,0,0,0
"141",6084309,"010801050402",4.396497,0.0070343952,"VT",0,0,0,0,1,1.738234225896,0,0,0,0,0,0,0,0
"142",6084311,"010801050103",1.1812,0.01169388,"VT",0,0,0,0,1,2.8896162174,0,0,0,0,0,0,0,0
"143",6084315,"010801050103",0.597088,0.025077696,"VT",0,0,0,0,1,6.19682407008,0,0,0,0,0,0,0,0
"144",6084319,"010801050501",0.12768,0.001800288,"VT",0,0,0,0,0.9,0.400374149616,0,0,0,0,0.1,0.044486016624,0,0
"145",6084325,"010801050103",5.679637,0.0141990925,"VT",0,0,0,0,1,3.5086667522125,0,0,0,0,0,0,0,0
"146",6084329,"010801050501",7.744566,0.0627309846,"VT",0,0,0,0,1,15.501139949583,0,0,0,0,0,0,0,0
"147",6084331,"010801050103",1.654707,0.0829008207,"VT",0,0,0,0,1,20.4852072990735,0,0,0,0,0,0,0,0
"148",6084339,"010801050106",9.711563,0.0806059729,"VT",0,0,0,0,1,19.9181389334545,0,0,0,0,0,0,0,0
"149",6084341,"010801050105",2.35015,0.007285465,"VT",0,0,0,0,0,0,1,1.800274828825,0,0,0,0,0,0
"150",6084363,"010801050502",6.504762,0.0091066668,"VT",0,0,0,0,1,2.250302899614,0,0,0,0,0,0,0,0
"151",6084365,"010801050106",1.049075,0.0017834275,"VT",0,0,0,0,0,0,0.9,0.39662446714875,0,0,0.1,0.04406938523875,0,0
"152",6084371,"010801050104",7.630132,0.0083931452,"VT",0,0,0,0,1,2.073988144646,0,0,0,0,0,0,0,0
"153",6084393,"010801050503",7.2333,0.0361665,"VT",0,0,0,0,0,0,1,8.9369229825,0,0,0,0,0,0
"154",6084395,"010801050502",3.879514,0.0062072224,"VT",0,0,0,0,1,1.533835691152,0,0,0,0,0,0,0,0
"155",6084407,"010801050501",0.002391,0.0015940797,"VT",0,0,1,0.3939050642685,0,0,0,0,0,0,0,0,0,0
"156",6084417,"010801050501",0.01145,0.000880505,"VT",0,0,0,0,0.9,0.1958194692225,0,0,0,0,0.1,0.0217577188025,0,0
"157",6084427,"010801050501",4.05577,0.135057141,"VT",0,0,0,0,1,33.373294826805,0,0,0,0,0,0,0,0
"158",6084429,"010801050501",2.016084,0.0485876244,"VT",0,0,0,0,1,12.006244927362,0,0,0,0,0,0,0,0
"159",6084435,"010801050501",0.302189,0.021455419,"VT",0,0,0,0,1,5.301741311995,0,0,0,0,0,0,0,0
"160",6084439,"010801050501",0.874745,0.021518727,"VT",0,0,0,0,1,5.317385035335,0,0,0,0,0,0,0,0
"161",6084453,"010801050502",1.500519,0.0865799463,"VT",0,0,0,0,1,21.3943376304615,0,0,0,0,0,0,0,0
"162",6084457,"010801050106",1.431036,0.126646686,"VT",0,0,0,0,1,31.29502934403,0,0,0,0,0,0,0,0
"163",6084461,"010801050106",2.350464,0.0216242688,"VT",0,0,0,0,1,5.343464941824,0,0,0,0,0,0,0,0
"164",6084467,"010801050106",0.977899,0.0072364526,"VT",0,0,0,0,1,1.788163619723,0,0,0,0,0,0,0,0
"165",6084475,"010801050106",0.146764,0.0027004576,"VT",0,0,0,0,0.9,0.6005669177232,0,0,0,0,0.1,0.0667296575248,0,0
"166",6084491,"010801050502",1.617633,0.0999697194,"VT",0,0,0,0,0,0,0,0,0.9,22.2327157611033,0.1,2.4703017512337,0,0
"167",6084495,"010801050502",0.0018,0.0009,"VT",0,0,0,0,0.9,0.20015505,0,0,0,0,0.1,0.02223945,0,0
"168",6084499,"010801050106",0.322983,0.0099155781,"VT",0,0,0,0,1,2.4501889264005,0,0,0,0,0,0,0,0
"169",6084501,"010801050502",0.001477,0.0007385,"VT",0,0,0,0,0,0,1,0.1824870425,0,0,0,0,0,0
"170",6084503,"010801050502",0.157106,0.0071797442,"VT",0,0,0,0,1,1.774150690541,0,0,0,0,0,0,0,0
"171",6084517,"010801050503",0.92789,0.050198849,"VT",0,0,0,0,1,12.404386582145,0,0,0,0,0,0,0,0
"172",6084523,"010801050503",0.107474,0.01880795,"VT",0,0,0,0,1,4.64753848475,0,0,0,0,0,0,0,0
"173",6084533,"010801050503",0.011258,0.0034640866,"VT",0,0,0,0,1,0.855993119293,0,0,0,0,0,0,0,0
"174",6084535,"010801050503",0.045026,0.00180104,"VT",0,0,0,0,0.9,0.40054139028,0,0,0,0,0.1,0.04450459892,0,0
"175",6084563,"010801050202",3.365362,0.001682681,"VT",0,0,0,0,0,0,1,0.415798888505,0,0,0,0,0,0
"176",6084565,"010801050302",0.101997,0.0008771742,"VT",0,0,0,0,0,0,1,0.216754130691,0,0,0,0,0,0
"177",6084595,"010801050501",0.009129,0.0008298261,"VT",0,0,0,0,1,0.2050541784405,0,0,0,0,0,0,0,0
"178",6084605,"010801050106",0.035171,0.023740425,"VT",0,0,0,0,0.9,5.2797399476625,0,0,0,0,0.1,0.5866377719625,0,0
"179",6084611,"010801050501",0.049349,0.0044858241,"VT",0,0,0,0,0.9,0.99762260780745,0,0,0,0,0.1,0.11084695642305,0,0
"180",6084621,"010801050502",0.105381,0.0044681544,"VT",0,0,0,0,1,1.104103293012,0,0,0,0,0,0,0,0
"181",6084631,"010801050502",1.477407,0.0341281017,"VT",0,0,0,0,1,8.4332245705785,0,0,0,0,0,0,0,0
"182",6084639,"010801050503",0.016538,0.0017414514,"VT",0,0,0,0,0.9,0.3872892133773,0,0,0,0,0.1,0.0430321348197,0,0
"183",6084641,"010801050503",0.001477,0.0007385,"VT",0,0,0,0,0.9,0.16423833825,0,0,0,0,0.1,0.01824870425,0,0
"184",6088659,"010801060206",0.369681,0.0035859057,"VT",0,0,0,0,1,0.8860952279985,0,0,0,0,0,0,0,0
"185",6088661,"010801060206",1.26713,0.001773982,"VT",0,0,0,0,0,0,1,0.43835982211,0,0,0,0,0,0
"186",6088663,"010801060206",12.97962,0.023363316,"VT",0,0,0,0,0,0,0,0,1,5.77319220018,0,0,0,0
"187",6088667,"010801060206",4.106661,0.0045173271,"VT",0,0,0,0,0,0,0,0,1,1.1162541130455,0,0,0,0
"188",6088677,"010801060206",1.277189,0.0017880646,"VT",0,0,0,0,0,0,0,0,1,0.441839702983,0,0,0,0
"189",6088681,"010801060201",3.692392,0.0125541328,"VT",0,0,0,0,1,3.102188985544,0,0,0,0,0,0,0,0
"190",6088685,"010801060201",0.935939,0.0152558057,"VT",0,0,0,0,1,3.7697858674985,0,0,0,0,0,0,0,0
"191",6088715,"010801060207",1.074857,0.0117159413,"VT",0,0,0,0,1,2.8950676749365,0,0,0,0,0,0,0,0
"192",6088717,"010801060207",2.133488,0.011734184,"VT",0,0,0,0,1,2.89957553732,0,0,0,0,0,0,0,0
"193",6088727,"010801060207",2.385112,0.0090634256,"VT",0,0,0,0,1,2.239617782888,0,0,0,0,0,0,0,0
"194",6088741,"010801060207",0.968709,0.0413638743,"VT",0,0,0,0,1,10.2212201589015,0,0,0,0,0,0,0,0
"195",6088749,"010801060207",1.735134,0.0027762144,"VT",0,0,0,0,1,0.686016459312,0,0,0,0,0,0,0,0
"196",6088755,"010801060201",6.418077,0.109107309,"VT",0,0,0,0,0,0,0.9,24.2648654314005,0,0,0.1,2.6960961590445,0,0
"197",6088779,"010801060206",8.33168,0.009164848,"VT",0,0,0,0,0,0,1,2.26467976504,0,0,0,0,0,0
"198",6088781,"010801060207",4.07581,0.098227021,"VT",0,0,0,0,1,24.272388024205,0,0,0,0,0,0,0,0
"199",6088789,"010801060207",0.611034,0.034217904,"VT",0,0,0,0,1,8.45541516792,0,0,0,0,0,0,0,0
"200",6088791,"010801060205",3.083261,0.243577619,"VT",0,0,0,0,1,60.189247542995,0,0,0,0,0,0,0,0
"201",6088813,"010801060202",0.754374,0.0009052488,"VT",0,0,0,0,1,0.223691504724,0,0,0,0,0,0,0,0
"202",6088815,"010801060202",0.082391,0.0018290802,"VT",0,0,0,0,0.9,0.4067773765389,0,0,0,0,0.1,0.0451974862821,0,0
"203",6088819,"010801060207",0.276871,0.0053989845,"VT",0,0,0,0,1,1.3341160648725,0,0,0,0,0,0,0,0
"204",6088821,"010801060202",0.968787,0.0008719083,"VT",0,0,0,0,1,0.2154529004715,0,0,0,0,0,0,0,0
"205",6088833,"010801060205",0.156113,0.019514125,"VT",0,0,0,0,0.9,4.3398340723125,0,0,0,0,0.1,0.4822037858125,0,0
"206",6088837,"010801060205",0.189376,0.015244768,"VT",0,0,0,0,0.9,3.390352556976,0,0,0,0,0.1,0.376705839664,0,0
"207",6088839,"010801060302",0.119405,0.045111209,"VT",0,0,0,0,0.9,10.0324847699505,0,0,0,0,0.1,1.1147205299945,0,0
"208",6088843,"010801060201",10.287053,0.0627510233,"VT",0,0,0,0,1,15.5060916125465,0,0,0,0,0,0,0,0
"209",6088845,"010801060205",13.192336,0.1477541632,"VT",0,0,0,0,1,36.510792497536,0,0,0,0,0,0,0,0
"210",6088851,"010801060205",9.125956,0.0848713908,"VT",0,0,0,0,1,20.972145023634,0,0,0,0,0,0,0,0
"211",6088853,"010801060205",0.13083,0.006319089,"VT",0,0,0,0,0,0,0.9,1.4053306386105,0,0,0.1,0.1561478487345,0,0
"212",6088855,"010801060205",4.369039,0.0152916365,"VT",0,0,0,0,1,3.7786398373325,0,0,0,0,0,0,0,0
"213",6088857,"010801060205",0.004082,0.0032656,"VT",0,0,0,0,0.9,0.7262514792,0,0,0,0,0.1,0.0806946088,0,0
"214",6088859,"010801060205",0.301044,0.0044855556,"VT",0,0,0,0,0,0,1,1.108403216538,0,0,0,0,0,0
"215",6088873,"010801060201",2.702007,0.0072954189,"VT",0,0,0,0,1,1.8027344872845,0,0,0,0,0,0,0,0
"216",6088877,"010801060205",6.691278,0.0053530224,"VT",0,0,0,0,1,1.322758600152,0,0,0,0,0,0,0,0
"217",6088885,"010801060204",12.651364,0.0619916836,"VT",0,0,0,0,1,15.318454975978,0,0,0,0,0,0,0,0
"218",6088907,"010801060203",1.411001,0.0008466006,"VT",0,0,0,0,1,0.209199241263,0,0,0,0,0,0,0,0
"219",6088915,"010801060205",9.752954,0.0058517724,"VT",0,0,0,0,1,1.446002218902,0,0,0,0,0,0,0,0
"220",6088917,"010801060204",2.069014,0.0018621126,"VT",0,0,0,0,0,0,1,0.460137334023,0,0,0,0,0,0
"221",6088933,"010801060501",0.110394,0.0044930358,"VT",0,0,0,0,1,1.110251611359,0,0,0,0,0,0,0,0
"222",6088939,"010801060203",5.031568,0,"VT",0,0,0,0,1,0,0,0,0,0,0,0,0,0
"223",6088997,"010801060207",1.752592,0.0063093312,"VT",0,0,0,0,1,1.559067286176,0,0,0,0,0,0,0,0
"224",6089001,"010801060207",3.188046,0.0809763684,"VT",0,0,0,0,1,20.009665513482,0,0,0,0,0,0,0,0
"225",6089003,"010801060207",12.343885,0.064188202,"VT",0,0,0,0,1,15.86122565521,0,0,0,0,0,0,0,0
"226",6089005,"010801060207",9.398827,0.0319560118,"VT",0,0,0,0,0,0,1,7.896490295839,0,0,0,0,0,0
"227",6089011,"010801060207",4.108211,0.0127354541,"VT",0,0,0,0,1,3.1469943853805,0,0,0,0,0,0,0,0
"228",6089013,"010801060205",5.378727,0.1000443222,"VT",0,0,0,0,1,24.721452237231,0,0,0,0,0,0,0,0
"229",6089035,"010801060207",0.860092,0.0639048356,"VT",0,0,0,0,1,15.791204400938,0,0,0,0,0,0,0,0
"230",6089037,"010801060207",2.515423,0.0052823883,"VT",0,0,0,0,0,0,1,1.3053045608715,0,0,0,0,0,0
"231",6089043,"010801060205",3.985717,0.0928672061,"VT",0,0,0,0,1,22.9479509633405,0,0,0,0,0,0,0,0
"232",6089045,"010801060501",9.596759,0.0441450914,"VT",0,0,0,0,1,10.908472810397,0,0,0,0,0,0,0,0
"233",6089047,"010801060501",5.570961,0.0206125557,"VT",0,0,0,0,1,5.0934655762485,0,0,0,0,0,0,0,0
"234",6089061,"010801060207",0.922653,0.0117176931,"VT",0,0,0,0,0,0,0.9,2.60595049812795,0,0,0.1,0.28955005534755,0,0
"235",6089075,"010801060207",0.477009,0.0035775675,"VT",0,0,0,0,1,0.8840348170875,0,0,0,0,0,0,0,0
"236",6089077,"010801060201",0.890748,0.0089965548,"VT",0,0,0,0,0,0,1,2.223093673854,0,0,0,0,0,0
"237",6089101,"010801060207",1.831872,0.0216160896,"VT",0,0,0,0,1,5.341443820608,0,0,0,0,0,0,0,0
"238",6089107,"010801060207",0.019147,0.0034809246,"VT",0,0,0,0,1,0.860153873283,0,0,0,0,0,0,0,0
"239",6089109,"010801060207",0.779949,0.0251143578,"VT",0,0,0,0,1,6.205883384169,0,0,0,0,0,0,0,0
"240",6089115,"010801060207",2.26066,0.010851168,"VT",0,0,0,0,0,0,0.9,2.413240081776,0,0,0.1,0.268137786864,0,0
"241",6089611,"010801060504",1.623558,0.0063318762,"VT",0,0,0,0,1,1.564638268401,0,0,0,0,0,0,0,0
"242",6089613,"010801060504",0.197572,0.0062630324,"VT",0,0,0,0,1,1.547626621202,0,0,0,0,0,0,0,0
"243",6089621,"010801060501",2.270454,0.0018163632,"VT",0,0,0,0,1,0.448832428536,0,0,0,0,0,0,0,0
"244",6089627,"010801060504",0.97791,0.002738148,"VT",0,0,0,0,1,0.67661006154,0,0,0,0,0,0,0,0
"245",6089641,"010801060501",3.155651,0.0145159946,"VT",0,0,0,0,1,3.586974845633,0,0,0,0,0,0,0,0
"246",6089645,"010801060501",0.137139,0.0063632496,"VT",0,0,0,0,1,1.572390792408,0,0,0,0,0,0,0,0
"247",6089653,"010801060501",1.148087,0.0018369392,"VT",0,0,0,0,1,0.453916861016,0,0,0,0,0,0,0,0
"248",6089675,"010801060504",1.258618,0.0008810326,"VT",0,0,0,0,1,0.217707560623,0,0,0,0,0,0,0,0
"249",6089677,"010801060504",1.838748,0.0242714736,"VT",0,0,0,0,1,5.997602483928,0,0,0,0,0,0,0,0
"250",6089689,"010801060501",0.015681,0.0008718636,"VT",0,0,0,0,0.9,0.1938976693902,0,0,0,0,0.1,0.0215441854878,0,0
"251",6089701,"010801060503",1.202003,0.0026444066,"VT",0,0,0,0,0,0,0,0,0.9,0.5881014836037,0.1,0.0653446092893,0,0
"252",6089717,"010801060504",3.99883,0.012796256,"VT",0,0,0,0,1,3.16201883888,0,0,0,0,0,0,0,0
"253",6089739,"010801060503",0.455567,0.0054212473,"VT",0,0,0,0,1,1.3396173140665,0,0,0,0,0,0,0,0
"254",6089751,"010801060504",1.022079,0.0035772765,"VT",0,0,0,0,0,0,0.9,0.79556661857925,0,0,0.1,0.08839629095325,0,0
"255",6089755,"010801060504",0.475296,0.0053708448,"VT",0,0,0,0,0,0,1,1.327162604304,0,0,0,0,0,0
"256",6089765,"010801060503",3.17287,0.008249462,"VT",0,0,0,0,1,2.03848330751,0,0,0,0,0,0,0,0
"257",6089773,"010801060504",2.568551,0.0053939571,"VT",0,0,0,0,0,0,0.9,1.19958639227595,0,0,0.1,0.13328737691955,0,0
"258",6089783,"010801060501",0.11025,0.000915075,"VT",0,0,0,0,0.9,0.2035076470875,0,0,0,0,0.1,0.0226119607875,0,0
"259",6089803,"010801060504",0.585674,0.0045096898,"VT",0,0,0,0,1,1.114366898029,0,0,0,0,0,0,0,0
"260",6089805,"010801060502",1.092576,0.0324495072,"VT",0,0,0,0,1,8.018435476656,0,0,0,0,0,0,0,0
"261",6089811,"010801060504",3.012236,0.0063256956,"VT",0,0,0,0,0,0,0.9,1.4067999101142,0,0,0.1,0.1563111011238,0,0
"262",6089815,"010801060503",2.180193,0.0017441544,"VT",0,0,0,0,0,0,1,0.430989273012,0,0,0,0,0,0
"263",6089819,"010801060503",0.536452,0.00268226,"VT",0,0,0,0,0,0,0.9,0.59651987157,0,0,0.1,0.06627998573,0,0
"264",6089821,"010801060503",0.119885,0.005370848,"VT",0,0,0,0,0.9,1.194447055536,0,0,0,0,0.1,0.132716339504,0,0
"265",6089825,"010801060503",0.020025,0.0008710875,"VT",0,0,0,0,0.9,0.19372506901875,0,0,0,0,0.1,0.02152500766875,0,0
"266",6089829,"010801060503",0.747649,0.0135324469,"VT",0,0,0,0,1,3.3439352912245,0,0,0,0,0,0,0,0
"267",6089833,"010801060503",1.496735,0.001796082,"VT",0,0,0,0,0,0,1,0.44382084261,0,0,0,0,0,0
"268",6089835,"010801060503",0.416135,0.005409755,"VT",0,0,0,0,1,1.336777509275,0,0,0,0,0,0,0,0
"269",6089837,"010801060503",1.601928,0.0027232776,"VT",0,0,0,0,0,0,1,0.672935511348,0,0,0,0,0,0
"270",6089845,"010801060503",1.492844,0.0207505316,"VT",0,0,0,0,1,5.127560111018,0,0,0,0,0,0,0,0
"271",6089853,"010801060503",0.203158,0.0008938952,"VT",0,0,0,0,0.9,0.1987973760564,0,0,0,0,0.1,0.0220885973396,0,0
"272",6089857,"010801060502",0.161801,0.0009060856,"VT",0,0,0,0,0.9,0.2015084539692,0,0,0,0,0.1,0.0223898282188,0,0
"273",6089867,"010801060502",0.145684,0.017991974,"VT",0,0,0,0,1,4.44590673527,0,0,0,0,0,0,0,0
"274",6089871,"010801060503",0.15006,0.001785714,"VT",0,0,0,0,0.9,0.397132972173,0,0,0,0,0.1,0.044125885797,0,0
"275",6089875,"010801060503",9.219834,0.0728366886,"VT",0,0,0,0,1,17.998309936503,0,0,0,0,0,0,0,0
"276",6089877,"010801060502",18.197688,0.027296532,"VT",0,0,0,0,0,0,1,6.74510953986,0,0,0,0,0,0
"277",6089879,"010801060503",0.796412,0.0277947788,"VT",0,0,0,0,1,6.868228815374,0,0,0,0,0,0,0,0
"278",6089883,"010801060702",3.308038,0.0370500256,"VT",0,0,0,0,1,9.155246575888,0,0,0,0,0,0,0,0
"279",6089897,"010801060502",0.249783,0.0188586165,"VT",0,0,0,0,1,4.6600584302325,0,0,0,0,0,0,0,0
"280",6089903,"010801060502",0.106395,0.0128418765,"VT",0,0,0,0,0,0,0,0,0,0,0.1,0.31732918925325,0,0
"281",6089907,"010801060504",1.115953,0.0008927624,"VT",0,0,0,0,0,0,0.9,0.1985454475668,0,0,0.1,0.0220606052852,0,0
"282",6089911,"010801060502",0.120487,0.0036266587,"VT",0,0,0,0,0.9,0.80654894825715,0,0,0,0,0.1,0.08961654980635,0,0
"283",6089925,"010801060503",0.120606,0.0026774532,"VT",0,0,0,0,0.9,0.5954508656874,0,0,0,0,0.1,0.0661612072986,0,0
"284",6089931,"010801060503",1.304449,0.0170882819,"VT",0,0,0,0,1,4.2225998988995,0,0,0,0,0,0,0,0
"285",6089933,"010801060502",0.530292,0.0044544528,"VT",0,0,0,0,1,1.100717559144,0,0,0,0,0,0,0,0
"286",6089939,"010801060503",1.886101,0.0081102343,"VT",0,0,0,0,0,0,0.9,1.80367150203135,0,0,0.1,0.20040794467015,0,0
"287",6089947,"010801060502",1.584325,0.005386705,"VT",0,0,0,0,0,0,1,1.331081739025,0,0,0,0,0,0
"288",6089971,"010801060502",1.715084,0.0135491636,"VT",0,0,0,0,1,3.348066071378,0,0,0,0,0,0,0,0
"289",6089995,"010801060505",1.319907,0.0125391165,"VT",0,0,0,0,1,3.0984783827325,0,0,0,0,0,0,0,0
"290",6089997,"010801060505",1.242059,0.0539053606,"VT",0,0,0,0,1,13.320284131063,0,0,0,0,0,0,0,0
"291",6090003,"010801060505",0.804451,0.195481593,"VT",0,0,0,0,1,48.304479038265,0,0,0,0,0,0,0,0
"292",6090005,"010801060505",1.284519,0.2897874864,"VT",0,0,0,0,1,71.607936826872,0,0,0,0,0,0,0,0
"293",6090021,"010801060505",1.935594,0.0404539146,"VT",0,0,0,0,0,0,0.9,8.9967281105097,0,0,0.1,0.9996364567233,0,0
"294",6090025,"010801060505",1.113044,0.0664487268,"VT",0,0,0,0,1,16.419812635914,0,0,0,0,0,0,0,0
"295",6090029,"010801060505",1.966723,0.0072768751,"VT",0,0,0,0,1,1.7981522215855,0,0,0,0,0,0,0,0
"296",6090035,"010801060505",0.864598,0.0026802538,"VT",0,0,0,0,0,0,1,0.662304115249,0,0,0,0,0,0
"297",6090037,"010801060505",0.761086,0.0465784632,"VT",0,0,0,0,1,11.509771149036,0,0,0,0,0,0,0,0
"298",6090045,"010801060505",0.01701,0.0042525,"VT",0,0,0,0,0,0,0,0,0,0,0.1,0.10508140125,0,0
"299",6090059,"010801060505",1.589847,0.2901470775,"VT",0,0,0,0,1,71.6967935856375,0,0,0,0,0,0,0,0
"300",6090061,"010801060505",0.793032,0.1049974368,"VT",0,0,0,0,1,25.945391620464,0,0,0,0,0,0,0,0
"301",6090065,"010801060505",0.026381,0.0105524,"VT",0,0,0,0,0.9,2.3467957218,0,0,0,0,0.1,0.2607550802,0,0
"302",6090067,"010801060505",0.097249,0.0347956922,"VT",0,0,0,0,1,8.598189521081,0,0,0,0,0,0,0,0
"303",6090069,"010801060505",1.225183,0.013477013,"VT",0,0,0,0,1,3.330237297365,0,0,0,0,0,0,0,0
"304",6090071,"010801060505",1.195224,0.0027490152,"VT",0,0,0,0,1,0.679295400996,0,0,0,0,0,0,0,0
"305",6090075,"010801060505",0.209998,0.0218187922,"VT",0,0,0,0,1,5.391532646581,0,0,0,0,0,0,0,0
"306",6090077,"010801060505",0.037344,0.0043431072,"VT",0,0,0,0,0.9,0.9658831541904,0,0,0,0,0.1,0.1073203504656,0,0
"307",6090085,"010801060505",1.516998,0.0063713916,"VT",0,0,0,0,1,1.574402721318,0,0,0,0,0,0,0,0
"308",6090091,"010801060505",0.109522,0.038606505,"VT",0,0,0,0,0,0,1,9.539860418025,0,0,0,0,0,0
"309",6090093,"010801060505",1.649552,0.009897312,"VT",0,0,0,0,1,2.44567528176,0,0,0,0,0,0,0,0
"310",6090099,"010801060505",2.015114,0.0036272052,"VT",0,0,0,0,0,0,1,0.896300540946,0,0,0,0,0,0
"311",6090101,"010801060505",0.496358,0.0360852266,"VT",0,0,0,0,1,8.916839918993,0,0,0,0,0,0,0,0
"312",6090107,"010801060505",0.017445,0.003489,"VT",0,0,0,0,0.9,0.7759344105,0,0,0,0,0.1,0.0862149345,0,0
"313",6090117,"010801060505",0.055114,0.0009038696,"VT",0,0,0,0,0.9,0.2010156277572,0,0,0,0,0.1,0.0223350697508,0,0
"314",6090123,"010801060505",0.488616,0.0072315168,"VT",0,0,0,0,1,1.786943958864,0,0,0,0,0,0,0,0
"315",6090125,"010801060505",0.497373,0.0045260943,"VT",0,0,0,0,1,1.1184205320015,0,0,0,0,0,0,0,0
"316",6090133,"010801060703",0.518234,0.0008809978,"VT",0,0,0,0,1,0.217698961369,0,0,0,0,0,0,0,0
"317",6090155,"010801060502",1.145633,0.0162679886,"VT",0,0,0,0,1,4.019901323003,0,0,0,0,0,0,0,0
"318",6090157,"010801060502",2.377129,0.007131387,"VT",0,0,0,0,1,1.762201384635,0,0,0,0,0,0,0,0
"319",6090163,"010801060503",3.221867,0.0115987212,"VT",0,0,0,0,1,2.866102002126,0,0,0,0,0,0,0,0
"320",6090187,"010801060502",1.649004,0.0125324304,"VT",0,0,0,0,0,0,0.9,2.7871435925928,0,0,0.1,0.3096826213992,0,0
"321",6090189,"010801060502",2.460787,0.0125500137,"VT",0,0,0,0,1,3.1011711353385,0,0,0,0,0,0,0,0
"322",6090195,"010801060505",0.433035,0.0054129375,"VT",0,0,0,0,1,1.3375639209375,0,0,0,0,0,0,0,0
"323",6090197,"010801060502",1.925634,0.0071248458,"VT",0,0,0,0,0,0,0.9,1.5845265192681,0,0,0.1,0.1760585021409,0,0
"324",6090199,"010801060505",2.386212,0.0116924388,"VT",0,0,0,0,1,2.889260089674,0,0,0,0,0,0,0,0
"325",6090203,"010801060505",0.945891,0.0512672922,"VT",0,0,0,0,1,12.668404239081,0,0,0,0,0,0,0,0
"326",6090213,"010801060505",1.205996,0.001808994,"VT",0,0,0,0,1,0.44701146237,0,0,0,0,0,0,0,0
"327",6090221,"010801060501",2.150447,0.0341921073,"VT",0,0,0,0,1,8.4490406743665,0,0,0,0,0,0,0,0
"328",6090235,"010801060501",0.015977,0.0008883212,"VT",0,0,1,0.219508610126,0,0,0,0,0,0,0,0,0,0
"329",6090251,"010801060504",0.337201,0,"VT",0,0,0,0,1,0,0,0,0,0,0,0,0,0
"330",6090253,"010801060505",0.994772,0.0017905896,"VT",0,0,0,0,0,0,1,0.442463643108,0,0,0,0,0,0
"331",6090255,"010801060502",0.125672,0.0026893808,"VT",0,0,0,0,0.9,0.5981034983256,0,0,0,0,0.1,0.0664559442584,0,0
"332",6090265,"010801060505",0.053195,0.0018033105,"VT",0,0,0,0,0.9,0.40104633699225,0,0,0,0,0.1,0.04456070411025,0,0
"333",6090267,"010801060505",1.18422,0.02072385,"VT",0,0,0,0,1,5.12096695425,0,0,0,0,0,0,0,0
"334",6090273,"010801060505",0.213497,0.0035867496,"VT",0,0,0,0,0,0,0,0,0,0,0.1,0.0886303759908,0,0
"335",6090275,"010801060505",0.094584,0.0027051024,"VT",0,0,1,0.668444328552,0,0,0,0,0,0,0,0,0,0
"336",6090285,"010801060502",0.586829,0.0080982402,"VT",0,0,0,0,1,2.001115644621,0,0,0,0,0,0,0,0
"337",6090291,"010801060503",1.321948,0.0071385192,"VT",0,0,0,0,0,0,1,1.763963786916,0,0,0,0,0,0
"338",6776475,"010801070203",1.854479,0.0044507496,"NH",0,0,0,0,0,0,1,1.099802479908,0,0,0,0,0,0
"339",6777143,"010801070203",0.172051,0.0008946652,"NH",0,0,0,0,0.9,0.1989686198214,0,0,0,0,0.1,0.0221076244246,0,0
"340",9326348,"010801060102",1.452553,0.0098773604,"NH",0,0,0,0,1,2.440745141642,0,0,0,0,0,0,0,0
"341",9326772,"010801040205",0.397271,0.0678538868,"VT",0,0,0,0,1,16.767034697714,0,0,0,0,0,0,0,0
"342",9326836,"010801040205",0.902384,0.0621742576,"VT",0,0,0,0,1,15.363569924248,0,0,0,0,0,0,0,0
"343",9326924,"010801040402",4.895337,0.0034267359,"VT",0,0,0,0,0,0,0.9,0.76208721711255,0,0,0.1,0.08467635745695,0,0
"344",9326948,"010801040402",0.022138,0.0042571374,"NH",0,0,0,0,0.9,0.9467639435043,0,0,0,0,0.1,0.1051959937227,0,0
"345",9326964,"010801040402",2.750635,0.0107274765,"VT",0,0,0,0,0,0,0.9,2.38573177247925,0,0,0.1,0.26508130805325,0,0
"346",9326988,"010801060101",0.225915,0.00090366,"NH",0,0,0,0,1,0.2232989043,0,0,0,0,0,0,0,0
"347",9327028,"010801040401",1.504525,0.2983473075,"NH",0,0,0,0,1,73.7231114197875,0,0,0,0,0,0,0,0
"348",9327052,"010801040401",6.121056,0.009181584,"NH",0,0,0,0,0,0,0,0,1,2.26881531432,0,0,0,0
"349",9327092,"010801060105",6.703556,0.003351778,"NH",0,0,0,0,1,0.82824110269,0,0,0,0,0,0,0,0
"350",9327116,"010801060102",5.923757,0.1605338147,"NH",0,0,0,0,1,39.6687082814435,0,0,0,0,0,0,0,0
"351",9327126,"010801060106",0.029946,0.0145178208,"NH",0,0,0,0,0.9,3.2286834979056,0,0,0,0,0.1,0.3587426108784,0,0
"352",9327142,"010801060105",0.07759,0.002707891,"NH",0,0,0,0,0.9,0.6022200649995,0,0,0,0,0.1,0.0669133405555,0,0
"353",9327156,"010801060106",6.281912,0.059678164,"NH",0,0,0,0,1,14.74677271522,0,0,0,0,0,0,0,0
"354",9327180,"010801060302",2.065327,0.1410618341,"VT",0,0,0,0,0,0,1,34.8570845152805,0,0,0,0,0,0
"355",9327244,"010801060301",2.56524,0.001026096,"NH",0,0,0,0,1,0.25355345208,0,0,0,0,0,0,0,0
"356",9327284,"010801060301",6.398319,0.0147161337,"NH",0,0,0,0,1,3.6364302179385,0,0,0,0,0,0,0,0
"357",9327348,"010801060302",0.487934,0.0062455552,"VT",0,0,0,0,1,1.543307917696,0,0,0,0,0,0,0,0
"358",9327412,"010801060401",5.069437,0.1252150939,"NH",0,0,0,0,1,30.9412757781595,0,0,0,0,0,0,0,0
"359",9327436,"010801060401",2.062005,0.0323734785,"NH",0,0,0,0,1,7.9996484047425,0,0,0,0,0,0,0,0
"360",9327604,"010801060106",8.647319,0.2326128811,"NH",0,0,0,0,1,57.4798059842155,0,0,0,0,0,0,0,0
"361",9327628,"010801060302",2.640801,0.0036971214,"VT",0,0,0,0,1,0.913577183547,0,0,0,0,0,0,0,0
"362",9327682,"010801040205",0.074611,0.0044915822,"VT",0,0,0,0,0.9,0.9989031775779,0,0,0,0,0.1,0.1109892419531,0,0
"363",9327692,"010801040205",0.396262,0.0278175924,"NH",0,0,0,0,1,6.873866170002,0,0,0,0,0,0,0,0
"364",9327740,"010801040402",0.011167,0.0008587423,"NH",0,0,0,0,0.9,0.19097956443735,0,0,0,0,0.1,0.02121995160415,0,0
"365",9327756,"010801040402",1.273299,0.045838764,"NH",0,0,0,0,1,11.32698777822,0,0,0,0,0,0,0,0
"366",9327758,"010801040402",0.035346,0.0035346,"NH",0,0,0,0,0.9,0.7860755997,0,0,0,0,0.1,0.0873417333,0,0
"367",9327764,"010801040402",0.185835,0.0090129975,"NH",0,0,0,0,0,0,0,0,0,0,0.1,0.22271567472375,0,0
"368",9327766,"010801040402",0.076702,0.0027075806,"NH",0,0,0,0,0.9,0.6021510337467,0,0,0,0,0.1,0.0669056704163,0,0
"369",9327768,"010801040402",0.007304,0.0024344232,"NH",0,0,0,0,0.9,0.5414023303524,0,0,0,0,0.1,0.0601558144836,0,0
"370",9327774,"010801040402",0.137984,0.0027044864,"NH",0,0,0,0,0,0,0,0,0,0,0.1,0.0668292111872,0,0
"371",9327820,"010801040402",1.052453,0.0017891701,"NH",0,0,0,0,1,0.4421128775605,0,0,0,0,0,0,0,0
"372",9327828,"010801060105",0.138123,0.0071271468,"NH",0,0,0,0,0,0,0,0,0,0,0.1,0.1761153610014,0,0
"373",9327830,"010801060105",0.010712,0.0009737208,"NH",0,0,0,0,0.9,0.2165501504556,0,0,0,0,0.1,0.0240611278284,0,0
"374",9327850,"010801060106",0.042796,0.00085592,"NH",0,0,0,0,0.9,0.19035190044,0,0,0,0,0.1,0.02115021116,0,0
"375",9327878,"010801060302",0.00941,0.001568647,"NH",0,0,0,0,0.9,0.3488584652415,0,0,0,0,0.1,0.0387620516935,0,0
"376",9327884,"010801060104",0.112746,0.003495126,"NH",0,0,0,0,1,0.86366311023,0,0,0,0,0,0,0,0
"377",9327888,"010801060302",0.008757,0.0017514,"NH",0,0,0,0,0.9,0.3895017273,0,0,0,0,0.1,0.0432779697,0,0
"378",9327908,"010801060302",0.028501,0.0008892312,"NH",0,0,0,0,0.9,0.1977601281084,0,0,0,0,0.1,0.0219733475676,0,0
"379",9327914,"010801060302",0.024344,0.0017381616,"NH",0,0,0,0,0.9,0.3865575799512,0,0,0,0,0.1,0.0429508422168,0,0
"380",9327948,"010801060302",0.552045,0.030693702,"NH",0,0,0,0,1,7.58456723271,0,0,0,0,0,0,0,0
"381",9327988,"010801060101",0.084236,0.0008929016,"NH",0,0,0,0,1,0.220640449868,0,0,0,0,0,0,0,0
"382",9328014,"010801060106",0.0045,0.0009,"NH",0,0,0,0,0.9,0.20015505,0,0,0,0,0.1,0.02223945,0,0
"383",9328628,"010801060303",0.019418,0,"NH",0,0,0,0,1,0,0,0,0,0,0,0,0,0
"384",9328646,"010801060401",0.012197,0.0026138171,"NH",0,0,0,0,0.9,0.58129854704595,0,0,0,0,0.1,0.06458872744955,0,0
"385",9328692,"010801060303",1.366314,0.0017762082,"NH",0,0,0,0,1,0.438909927261,0,0,0,0,0,0,0,0
"386",9328756,"010801060404",4.891266,0.0151629246,"NH",0,0,0,0,1,3.746834483283,0,0,0,0,0,0,0,0
"387",9328760,"010801060404",0.005091,0.0008486697,"NH",0,0,0,0,0.9,0.18873947359665,0,0,0,0,0.1,0.02097105262185,0,0
"388",9328780,"010801060304",1.400254,0.0081214732,"VT",0,0,0,0,0,0,1,2.006856635086,0,0,0,0,0,0
"389",9328794,"010801060304",0.117755,0.001789876,"VT",0,0,0,0,0.9,0.398058578082,0,0,0,0,0.1,0.044228730898,0,0
"390",9328844,"010801060404",3.117004,0.0009351012,"NH",0,0,0,0,1,0.231068182026,0,0,0,0,0,0,0,0
"391",9328948,"010801060402",2.318219,0.0350051069,"NH",0,0,0,0,1,8.6499369405245,0,0,0,0,0,0,0,0
"392",9328972,"010801060304",0.83662,0.011629018,"VT",0,0,0,0,0,0,1,2.87358849289,0,0,0,0,0,0
"393",9328994,"010801060305",0.038387,0.0008944171,"NH",0,0,0,0,0.9,0.19891344374595,0,0,0,0,0.1,0.02210149374955,0,0
"394",9329012,"010801060404",0.217345,0.0027168125,"NH",0,0,0,0,1,0.6713379528125,0,0,0,0,0,0,0,0
"395",9329036,"010801060305",0.332294,0.0008971938,"NH",0,0,0,0,1,0.221701073949,0,0,0,0,0,0,0,0
"396",9329048,"010801060404",0.156507,0.0017998305,"NH",0,0,0,0,0,0,0,0,0,0,0.1,0.04447471157025,0,0
"397",9329076,"010801060402",1.776859,0.0108388399,"NH",0,0,0,0,1,2.6783315334895,0,0,0,0,0,0,0,0
"398",9329100,"010801060402",0.413753,0.0117092099,"NH",0,0,0,0,0,0,1,2.8934043123395,0,0,0,0,0,0
"399",9329204,"010801060407",0.885451,0.0036303491,"NH",0,0,0,0,1,0.8970774143555,0,0,0,0,0,0,0,0
"400",9329264,"010801060404",0.054564,0.004474248,"NH",0,0,0,0,0.9,0.995048146836,0,0,0,0,0.1,0.110560905204,0,0
"401",9329268,"010801060402",1.797113,0.0765570138,"NH",0,0,0,0,0,0,1,18.917620895049,0,0,0,0,0,0
"402",9329288,"010801060702",0.012238,0.0017488102,"VT",0,0,0,0,0.9,0.3889257700239,0,0,0,0,0.1,0.0432139744471,0,0
"403",9329296,"010801060702",0.00732,0.000813252,"VT",0,0,1,0.20095863546,0,0,0,0,0,0,0,0,0,0
"404",9329332,"010801060402",1.442731,0.0467444844,"NH",0,0,0,0,1,11.550795817662,0,0,0,0,0,0,0,0
"405",9329356,"010801060405",1.978874,0.0053429598,"NH",0,0,0,0,1,1.320272081379,0,0,0,0,0,0,0,0
"406",9329396,"010801060407",2.266968,0.0233497704,"NH",0,0,0,0,1,5.769845014692,0,0,0,0,0,0,0,0
"407",9329400,"010801060404",0.072404,0.00090505,"NH",0,0,0,0,0.9,0.201278142225,0,0,0,0,0.1,0.022364238025,0,0
"408",9329460,"010801060407",0.767503,0.062935246,"NH",0,0,0,0,1,15.55161396283,0,0,0,0,0,0,0,0
"409",9329502,"010801060405",0.157225,0.0117447075,"NH",0,0,0,0,0.9,2.61195835210875,0,0,0,0,0.1,0.29021759467875,0,0
"410",9329538,"010801060407",0.007358,0.00091975,"NH",0,0,0,0,0.9,0.204547341375,0,0,0,0,0.1,0.022727482375,0,0
"411",9329540,"010801060407",0.018858,0.0068567688,"NH",0,0,0,0,0.9,1.5249076688916,0,0,0,0,0.1,0.1694341854324,0,0
"412",9329548,"010801060402",1.390793,0.015298723,"NH",0,0,0,0,1,3.780390946915,0,0,0,0,0,0,0,0
"413",9329558,"010801060406",0.016871,0.01096615,"NH",0,0,0,0,0.9,2.438811446175,0,0,0,0,0.1,0.270979049575,0,0
"414",9329588,"010801060406",0.042226,0.00527825,"NH",0,0,0,0,1,1.30428196625,0,0,0,0,0,0,0,0
"415",9329590,"010801060406",0.048965,0.021368326,"NH",0,0,0,0,0.9,4.752198176607,0,0,0,0,0.1,0.528022019623,0,0
"416",9329596,"010801060406",0.078448,0.024632672,"NH",0,0,0,0,0.9,5.478170773104,0,0,0,0,0.1,0.608685641456,0,0
"417",9329604,"010801060406",0.089043,0.0044966715,"NH",0,0,0,0,0.9,1.00003500990675,0,0,0,0,0.1,0.11111500110075,0,0
"418",9329606,"010801060406",0.157035,0.050533863,"NH",0,0,0,0,0.9,11.2384531949535,0,0,0,0,0.1,1.2487170216615,0,0
"419",9329624,"010801060406",0.024739,0.0008831823,"NH",0,0,0,0,0.9,0.19641488601735,0,0,0,0,0.1,0.02182387622415,0,0
"420",9329628,"010801060406",0.219828,0.051549666,"NH",0,0,0,0,0,0,0,0,0,0,0.1,1.273818021693,0,0
"421",9329636,"010801060406",0.017987,0.00089935,"NH",0,0,0,0,0.9,0.200010493575,0,0,0,0,0.1,0.022223388175,0,0
"422",9329676,"010801060406",0.115943,0.0206726369,"NH",0,0,0,0,1,5.1083119411745,0,0,0,0,0,0,0,0
"423",9329678,"010801060406",0.08675,0.006133225,"NH",0,0,0,0,0.9,1.3639955072625,0,0,0,0,0.1,0.1515550563625,0,0
"424",9329680,"010801060702",0.017191,0.00085955,"NH",0,0,0,0,0.9,0.191159192475,0,0,0,0,0.1,0.021239910275,0,0
"425",9329682,"010801060406",0.042119,0.0170244998,"NH",0,0,0,0,0.9,3.7861551207711,0,0,0,0,0.1,0.4206839023079,0,0
"426",9329844,"010801060702",1.868738,0.1072655612,"NH",0,0,0,0,0,0,0,0,1,26.505856500326,0,0,0,0
"427",9329932,"010801060403",0.065042,0.0062375278,"NH",0,0,0,0,1,1.541324307019,0,0,0,0,0,0,0,0
"428",9329960,"010801060403",0.029602,0.0008702988,"NH",0,0,0,0,0.9,0.1935496664766,0,0,0,0,0.1,0.0215055184974,0,0
"429",9329972,"010801060702",1.980241,0.0071288676,"VT",0,0,0,0,0,0,0.9,1.5854209454682,0,0,0.1,0.1761578828298,0,0
"430",9330036,"010801060702",1.31309,0.160459598,"NH",0,0,0,0,1,39.65036896379,0,0,0,0,0,0,0,0
"431",9330060,"010801060403",1.292168,0.025197276,"NH",0,0,0,0,1,6.22637288598,0,0,0,0,0,0,0,0
"432",9330100,"010801060701",2.341341,0.0044485479,"NH",0,0,0,0,1,1.0992584288295,0,0,0,0,0,0,0,0
"433",9330164,"010801070201",0.422769,0.0053691663,"NH",0,0,0,0,1,1.3267478385615,0,0,0,0,0,0,0,0
"434",9330228,"010801060403",0.214735,0.0044020675,"NH",0,0,0,0,1,1.0877728895875,0,0,0,0,0,0,0,0
"435",9330292,"010801060403",0.947254,0.0081463844,"NH",0,0,0,0,1,2.013012317162,0,0,0,0,0,0,0,0
"436",9330334,"010801060703",0.172212,0.0008955024,"NH",0,0,0,0,0,0,0,0,0,0,0.1,0.0221283120552,0,0
"437",9330420,"010801070203",1.504308,0.004512924,"NH",0,0,0,0,1,1.11516608502,0,0,0,0,0,0,0,0
"438",9330696,"010801060703",0.050977,0.0008768044,"VT",0,0,0,0,0.9,0.1949964761358,0,0,0,0,0.1,0.0216662751262,0,0
"439",9330700,"010801070203",0.881283,0.0189475845,"NH",0,0,0,0,1,4.6820428678725,0,0,0,0,0,0,0,0
"440",9330740,"010801070203",3.112005,0.054771288,"NH",0,0,0,0,0,0,0.9,12.180833209116,0,0,0.1,1.353425912124,0,0
"441",9330764,"010801070501",0.99491,0.000895419,"NH",0,0,0,0,0,0,1,0.221262511995,0,0,0,0,0,0
"442",9330778,"010801070502",0.178232,0.0008733368,"VT",0,0,0,0,0,0,0,0,0,0,0.1,0.0215805889964,0,0
"443",9330804,"010801070501",3.848943,0.3202320576,"NH",0,0,0,0,1,79.130942593248,0,0,0,0,0,0,0,0
"444",9330828,"010801070504",1.489077,0.0053606772,"VT",0,0,0,0,1,1.324650139506,0,0,0,0,0,0,0,0
"445",9330836,"010801070504",0.141101,0.0018202029,"VT",0,0,0,0,0.9,0.40480311384405,0,0,0,0,0.1,0.04497812376045,0,0
"446",9330868,"010801060305",0.678455,0.04477803,"NH",0,0,0,0,1,11.06487510315,0,0,0,0,0,0,0,0
"447",9330932,"010801060406",0.696895,0.008083982,"NH",0,0,0,0,0,0,0,0,0.9,1.797833134899,0.1,0.199759237211,0,0
"448",9330956,"010801060406",1.309258,0.028803676,"NH",0,0,0,0,1,7.11753235798,0,0,0,0,0,0,0,0
"449",9330996,"010801060701",1.242415,0.0736752095,"NH",0,0,0,0,1,18.2055126434975,0,0,0,0,0,0,0,0
"450",9331060,"010801070202",0.374569,0.0017979312,"NH",0,0,0,0,1,0.444277789176,0,0,0,0,0,0,0,0
"451",9331084,"010801070203",1.69748,0.164825308,"NH",0,0,0,0,1,40.72915773334,0,0,0,0,0,0,0,0
"452",9331124,"010801060303",0.344361,0.0080580474,"NH",0,0,0,0,1,1.991183802777,0,0,0,0,0,0,0,0
"453",9331148,"010801060305",0.212482,0.0542466546,"NH",0.9,12.0641576264397,0,0,0,0,0,0,0,0,0,0,0.1,1.3404619584933
"454",9331156,"010801060402",0.003291,0.00082275,"NH",0,0,0,0,0.9,0.182975074875,0,0,0,0,0.1,0.020330563875,0,0
"455",9331166,"010801060305",0.027543,0.0053295705,"NH",0,0,1,1.3169635184025,0,0,0,0,0,0,0,0,0,0
"456",9331206,"010801060305",0.008445,0.0008445,"NH",0,0,0,0,0.9,0.18781215525,0,0,0,0,0.1,0.02086801725,0,0
"457",9331212,"010801060304",0.058018,0.0026804316,"VT",0.9,0.5961132454662,0,0,0,0,0,0,0,0,0,0,0.1,0.0662348050518
"458",9331316,"010801060402",0.81656,0.033397304,"NH",0,0,0,0,1,8.25264080492,0,0,0,0,0,0,0,0
"459",9331340,"010801060402",0.22,0.00539,"NH",0,0,0,0,1,1.33189595,0,0,0,0,0,0,0,0
"460",9331344,"010801060407",0.020478,0.0017058174,"NH",0,0,0,0,0.9,0.3793644077643,0,0,0,0,0.1,0.0421516008627,0,0
"461",9331372,"010801060702",0.021432,0.00171456,"NH",0,0,0,0,0.9,0.38130871392,0,0,0,0,0.1,0.04236763488,0,0
"462",9331388,"010801060702",0.293827,0.047599974,"NH",0,0,0,0,0,0,0,0,0,0,0.1,1.176219157527,0,0
"463",9331404,"010801060702",0.833223,0.0525763713,"NH",0,0,0,0,1,12.9918842300865,0,0,0,0,0,0,0,0
"464",9331468,"010801060403",0.541835,0.0009211195,"NH",0,0,0,0,1,0.2276132340475,0,0,0,0,0,0,0,0
"465",9331512,"010801060702",0.008295,0.0027647235,"NH",0,0,0,0,0.9,0.61485930042075,0,0,0,0,0.1,0.06831770004675,0,0
"466",9331524,"010801060703",0.312488,0.0009062152,"NH",0,0,0,0,0.9,0.2015372762964,0,0,0,0,0.1,0.0223930306996,0,0
"467",9331532,"010801060703",3.928164,0.742422996,"NH",0,0,0,0,1,183.45643442658,0,0,0,0,0,0,0,0
"468",9331534,"010801060703",0.414861,0.0107448999,"NH",0,0,0,0,0,0,0,0,0,0,0.1,0.26551184897895,0,0
"469",9331562,"010801070501",0.267816,0.0358337808,"NH",0,0,0,0,0.9,7.9692357641256,0,0,0,0,0.1,0.8854706404584,0,0
"470",9331566,"010801070501",0.092526,0.0108810576,"NH",0,0,0,0,0.9,2.4198873644232,0,0,0,0,0.1,0.2688763738248,0,0
"471",9331572,"010801070501",1.739701,0.7527686227,"NH",0,0,0,0,1,186.012890512283,0,0,0,0,0,0,0,0
"472",9331596,"010801070501",1.411032,0.5817684936,"NH",0,0,0,0,1,143.757903611028,0,0,0,0,0,0,0,0
"473",9331628,"010801060405",0.027111,0.0009678627,"NH",0,0,0,0,0.9,0.21524734123515,0,0,0,0,0.1,0.02391637124835,0,0
"474",9331634,"010801070501",0.012007,0.0060035,"NH",0,0,0,0,0.9,1.33514538075,0,0,0,0,0.1,0.14834948675,0,0
"475",9331692,"010801060703",0.227039,0.002724468,"NH",0,0,0,0,0.9,0.605906698626,0,0,0,0,0.1,0.067322966514,0,0
"476",9331700,"010801070202",0.277726,0.001805219,"NH",0,0,0,0,1,0.446078640995,0,0,0,0,0,0,0,0
"477",9331712,"010801060303",0.027066,0.000933777,"NH",0,0,0,0,0.9,0.2076668690265,0,0,0,0,0.1,0.0230740965585,0,0
"478",9331724,"010801060402",2.972328,0.0496378776,"NH",0,0,0,0,0,0,1,12.265767744348,0,0,0,0,0,0
"479",9332148,"010801070504",0.031624,0.0027101768,"VT",0.9,0.6027284143476,0,0,0,0,0,0,0,0,0,0,0.1,0.0669698238164
"480",9332172,"010801070504",2.592586,0.014259223,"VT",0,0,0,0,1,3.523525299415,0,0,0,0,0,0,0,0
"481",9332212,"010801070503",0.678295,0.0035949635,"NH",0,0,0,0,0,0,0.9,0.79950011010075,0,0,0.1,0.08883334556675,0,0
"482",9332236,"010801070505",0.341124,0.0008869224,"NH",0,0,0,0,1,0.219162959652,0,0,0,0,0,0,0,0
"483",9332300,"010801070506",1.661915,0.114672135,"VT",0,0,0,0,1,28.336057919175,0,0,0,0,0,0,0,0
"484",9332306,"010801070506",0.233108,0.0009091212,"VT",0,0,0,0,0.9,0.2021835547134,0,0,0,0,0.1,0.0224648394126,0,0
"485",9332322,"010801070507",0.005579,0.0007972391,"NH",0,0,0,0,0.9,0.17730159102495,0,0,0,0,0.1,0.01970017678055,0,0
"486",9332356,"010801070507",0.043666,0.0008383872,"VT",0,0,0,0,0.9,0.1864527021504,0,0,0,0,0.1,0.0207169669056,0,0
"487",9332364,"010801070507",1.553171,0.0054360985,"VT",0,0,0,0,1,1.3432871198425,0,0,0,0,0,0,0,0
"488",9332482,"010801070502",0.037925,0.0070578425,"NH",0,0,1,1.7440281709625,0,0,0,0,0,0,0,0,0,0
"489",9332528,"010801070505",0.264863,0.0036286231,"NH",0,0,0,0,0.9,0.80698582001295,0,0,0,0,0.1,0.08966509111255,0,0
"490",9332532,"010801070505",1.062324,0.0333569736,"NH",0,0,0,0,1,8.242674961428,0,0,0,0,0,0,0,0
"491",9332542,"010801070507",0.075839,0.0089186664,"NH",0,0,0,0,0.9,1.9834623546948,0,0,0,0,0.1,0.2203847060772,0,0
"492",9332580,"010801070507",0.018574,0.0061907142,"NH",0,0,0,0,0.9,1.3767807891519,0,0,0,0,0.1,0.1529756432391,0,0
"493",9336430,"010801060702",0.12451,0.047139486,"NH",0,0,0,0,0.9,10.483562419227,0,0,0,0,0.1,1.164840268803,0,0
"494",9336440,"010801040203",0.129473,0.0027318803,"NH",0,0,0,0,0,0,0,0,0,0,0.1,0.06750612815315,0,0
"495",10102068,"010801060601",2.494525,0.050389405,"VT",0,0,0,0,1,12.451473922525,0,0,0,0,0,0,0,0
"496",10102132,"010801070301",6.828474,0.0177540324,"VT",0,0,0,0,0,0,0.9,3.9483991585818,0,0,0.1,0.4387110176202,0,0
"497",10102156,"010801060602",1.027745,0.007194215,"VT",0,0,0,0,1,1.777726497575,0,0,0,0,0,0,0,0
"498",10102166,"010801060602",1.588545,0.000953127,"VT",0,0,0,0,1,0.235522447335,0,0,0,0,0,0,0,0
"499",10102186,"010801060602",3.843873,0.0134535555,"VT",0,0,0,0,1,3.3244408318275,0,0,0,0,0,0,0,0
"500",10102190,"010801060602",0.043839,0.0053658936,"VT",0,0,0,0,1,1.325939138028,0,0,0,0,0,0,0,0
"501",10102196,"010801070302",0.19338,0.001798434,"VT",0,0,0,0,0,0,1,0.44440203357,0,0,0,0,0,0
"502",10102220,"010801070302",1.891148,0.0090775104,"VT",0,0,0,0,1,2.243098207392,0,0,0,0,0,0,0,0
"503",10102226,"010801060602",0.673835,0.0062666655,"VT",0,0,0,0,1,1.5485243783775,0,0,0,0,0,0,0,0
"504",10102240,"010801070303",0.149621,0.0036058661,"VT",0,0,0,0,1,0.8910275426405,0,0,0,0,0,0,0,0
"505",10102268,"010801060603",1.939776,0.000969888,"VT",0,0,0,0,1,0.23966417424,0,0,0,0,0,0,0,0
"506",10102304,"010801060603",2.27754,0.000911016,"VT",0,0,0,0,1,0.22511660868,0,0,0,0,0,0,0,0
"507",10102314,"010801070303",3.02459,0.00907377,"VT",0,0,0,0,0,0,1,2.24217393585,0,0,0,0,0,0
"508",10102324,"010801060603",6.645321,0.0431945865,"VT",0,0,0,0,1,10.6735982970825,0,0,0,0,0,0,0,0
"509",10102348,"010801060603",1.351529,0.0305445554,"VT",0,0,0,0,1,7.547712362117,0,0,0,0,0,0,0,0
"510",10102354,"010801060603",0.734012,0.0151940484,"VT",0,0,0,0,1,3.754525329882,0,0,0,0,0,0,0,0
"511",10102388,"010801070101",1.087948,0.0485224808,"VT",0,0,0,0,1,11.990147618084,0,0,0,0,0,0,0,0
"512",10102404,"010801070101",4.51894,0.00903788,"VT",0,0,0,0,1,2.2333053374,0,0,0,0,0,0,0,0
"513",10102412,"010801070101",3.355898,0.0144303614,"VT",0,0,0,0,1,3.565814453747,0,0,0,0,0,0,0,0
"514",10102422,"010801070102",1.827736,0.0135252464,"VT",0,0,0,0,1,3.342156011672,0,0,0,0,0,0,0,0
"515",10102432,"010801070102",1.387836,0.09714852,"VT",0,0,0,0,1,24.0058850346,0,0,0,0,0,0,0,0
"516",10102442,"010801070102",3.023901,0.0154218951,"VT",0,0,0,0,1,3.8108273886855,0,0,0,0,0,0,0,0
"517",10102446,"010801070102",3.002197,0.0252184548,"VT",0,0,0,0,1,6.231606273354,0,0,0,0,0,0,0,0
"518",10102452,"010801070102",0.844964,0.0872002848,"VT",0,0,0,0,1,21.547626375504,0,0,0,0,0,0,0,0
"519",10102476,"010801070102",1.243478,0.0008704346,"VT",0,0,0,0,0,0,0.9,0.1935798676497,0,0,0.1,0.0215088741833,0,0
"520",10102482,"010801070102",0.717804,0.0384742944,"VT",0,0,0,0,1,9.507190517712,0,0,0,0,0,0,0,0
"521",10102486,"010801070307",0.336584,0.0017838952,"VT",0,0,0,0,1,0.440809423396,0,0,0,0,0,0,0,0
"522",10102506,"010801070102",0.726493,0.0071922807,"VT",0,0,0,0,1,1.7772485223735,0,0,0,0,0,0,0,0
"523",10102516,"010801070102",1.996142,0.0035930556,"VT",0,0,0,0,1,0.887862004038,0,0,0,0,0,0,0,0
"524",10102532,"010801070306",3.663255,0.00732651,"VT",0,0,0,0,1,1.81041725355,0,0,0,0,0,0,0,0
"525",10102540,"010801070102",5.663626,0.0090618016,"VT",0,0,0,0,1,2.239216484368,0,0,0,0,0,0,0,0
"526",10102550,"010801070102",5.492213,0.0082383195,"VT",0,0,0,0,1,2.0357299400475,0,0,0,0,0,0,0,0
"527",10102570,"010801070402",3.84003,0.007296057,"VT",0,0,0,0,1,1.802892164985,0,0,0,0,0,0,0,0
"528",10102574,"010801070307",2.05643,0.009048292,"VT",0,0,0,0,1,2.23587819466,0,0,0,0,0,0,0,0
"529",10102604,"010801070402",3.352836,0.0154230456,"VT",0,0,0,0,1,3.811111682988,0,0,0,0,0,0,0,0
"530",10102614,"010801070402",0.213021,0.0143789175,"VT",0,0,0,0,1,3.5531024088375,0,0,0,0,0,0,0,0
"531",10102620,"010801070402",0.143607,0.0009047241,"VT",0,0,0,0,0.9,0.20120566385745,0,0,0,0,0.1,0.02235618487305,0,0
"532",10102634,"010801070402",0.014785,0.0046203125,"VT",0,0,0,0,1,1.1417023203125,0,0,0,0,0,0,0,0
"533",10102644,"010801070403",4.111788,0.0037006092,"VT",0,0,0,0,1,0.914439036366,0,0,0,0,0,0,0,0
"534",10102652,"010801070402",2.341575,0.02341575,"VT",0,0,0,0,1,5.78614890375,0,0,0,0,0,0,0,0
"535",10102654,"010801070402",0.198502,0.003573036,"VT",0,0,0,0,0.9,0.794623554702,0,0,0,0,0.1,0.088291506078,0,0
"536",10102660,"010801070402",0.067552,0.0018036384,"VT",0,0,0,0,1,0.445688066832,0,0,0,0,0,0,0,0
"537",10102672,"010801070402",0.063198,0.0051948756,"VT",0,0,0,0,0.9,1.1553117616242,0,0,0,0,0.1,0.1283679735138,0,0
"538",10102678,"010801070401",3.278756,0.0252464212,"VT",0,0,0,0,1,6.238516910626,0,0,0,0,0,0,0,0
"539",10102680,"010801070402",0.148853,0.0009080033,"VT",0,0,0,0,0.9,0.20193493990185,0,0,0,0,0.1,0.02243721554465,0,0
"540",10102688,"010801070401",0.446164,0.0027216004,"VT",0,0,0,0,1,0.672521066842,0,0,0,0,0,0,0,0
"541",10102702,"010801070402",1.37093,0.000959651,"VT",0,0,0,0,1,0.237134560355,0,0,0,0,0,0,0,0
"542",10102708,"010801070403",2.922415,0.009936211,"VT",0,0,0,0,1,2.455287419155,0,0,0,0,0,0,0,0
"543",10102732,"010801070402",0.138694,0.027184024,"VT",0,0,0,0,1,6.71730825052,0,0,0,0,0,0,0,0
"544",10102762,"010801070301",10.210026,0.0449241144,"VT",0,0,0,0,1,11.100973288812,0,0,0,0,0,0,0,0
"545",10102772,"010801060602",5.707985,0.1455536175,"VT",0,0,0,0,1,35.9670266523375,0,0,0,0,0,0,0,0
"546",10102780,"010801060602",4.320335,0.171949333,"VT",0,0,0,0,1,42.489539930965,0,0,0,0,0,0,0,0
"547",10102788,"010801060602",3.681503,0.003681503,"VT",0,0,0,0,0,0,1,0.909717798815,0,0,0,0,0,0
"548",10102796,"010801070301",2.361776,0.0422757904,"VT",0,0,0,0,1,10.446559186792,0,0,0,0,0,0,0,0
"549",10102806,"010801070303",7.582754,0.0735527138,"VT",0,0,0,0,0,0,1,18.175243343549,0,0,0,0,0,0
"550",10102816,"010801060603",1.866647,0.0341596401,"VT",0,0,0,0,1,8.4410178669105,0,0,0,0,0,0,0,0
"551",10102826,"010801070101",2.503155,0.004505679,"VT",0,0,0,0,1,1.113375809295,0,0,0,0,0,0,0,0
"552",10102830,"010801070304",8.599908,0.0163398252,"VT",0,0,0,0,0,0,0.9,3.6338872554414,0,0,0.1,0.4037652506046,0,0
"553",10102836,"010801070304",31.432504,0.2546032824,"VT",0,0,0,0,1,62.913744097452,0,0,0,0,0,0,0,0
"554",10102848,"010801070102",0.087413,0.008916126,"VT",0,0,0,0,0,0,0,0,0,0,0.1,0.220321931523,0,0
"555",10102866,"010801070307",1.952245,0.006247184,"VT",0,0,0,0,1,1.54371040232,0,0,0,0,0,0,0,0
"556",10102870,"010801070305",8.833595,0.0150171115,"VT",0,0,0,0,1,3.7108033372075,0,0,0,0,0,0,0,0
"557",10102890,"010801070307",7.332142,0.0425264236,"VT",0,0,0,0,1,10.508491903678,0,0,0,0,0,0,0,0
"558",10102900,"010801070402",5.842461,0.0917266377,"VT",0,0,0,0,1,22.6661108088585,0,0,0,0,0,0,0,0
"559",10102908,"010801070403",2.90698,0.003488376,"VT",0,0,0,0,1,0.86199515148,0,0,0,0,0,0,0,0
"560",10102924,"010801070101",0.541792,0.0107816608,"VT",0,0,0,0,1,2.664202291984,0,0,0,0,0,0,0,0
"561",10102926,"010801070501",0.0036,0.0009,"NH",0,0,0,0,0.9,0.20015505,0,0,0,0,0.1,0.02223945,0,0
"562",10102934,"010801070402",0.915845,0.0044876405,"VT",0,0,0,0,1,1.1089184057525,0,0,0,0,0,0,0,0
"563",10102936,"010801070402",0.066593,0.0008990055,"VT",0,0,0,0,0.9,0.19993387866975,0,0,0,0,0.1,0.02221487540775,0,0
"564",10102944,"010801070303",2.159649,0.0233242092,"VT",0,0,0,0,1,5.763528714366,0,0,0,0,0,0,0,0
"565",10102952,"010801070306",0.043892,0.0008602832,"VT",0,0,0,0,0.9,0.1913222521224,0,0,0,0,0.1,0.0212580280136,0,0
"566",10103636,"010801070402",0.220818,0.000883272,"VT",0,0,0,0,0.9,0.196434834804,0,0,0,0,0.1,0.021826092756,0,0
"567",10103646,"010801070402",0.126412,0.0017950504,"VT",0,0,0,0,0.9,0.3992093361828,0,0,0,0,0.1,0.0443565929092,0,0
"568",10103650,"010801070402",0.15727,0.053015717,"VT",0,0,0,0,0.9,11.7904038743565,0,0,0,0,0.1,1.3100448749285,0,0
"569",10103668,"010801070404",1.306986,0.0504496596,"VT",0,0,0,0,1,12.466363135458,0,0,0,0,0,0,0,0
"570",10103676,"010801070405",1.548339,0.0009290034,"VT",0,0,0,0,1,0.229561385157,0,0,0,0,0,0,0,0
"571",10103692,"010801070404",2.534755,0.0063368875,"VT",0,0,0,0,1,1.5658765856875,0,0,0,0,0,0,0,0
"572",10103712,"010801070405",5.194723,0.0025973615,"VT",0,0,0,0,1,0.6418210134575,0,0,0,0,0,0,0,0
"573",10103726,"010801070406",0.697412,0.0036265424,"VT",0,0,0,0,1,0.896136759752,0,0,0,0,0,0,0,0
"574",10103732,"010801070405",0.382835,0.0017993245,"VT",0,0,0,0,1,0.4446220805725,0,0,0,0,0,0,0,0
"575",10103744,"010801070406",0.126131,0.009838218,"VT",0,0,0,0,0.9,2.187965573001,0,0,0,0,0.1,0.243107285889,0,0
"576",10103756,"010801070405",0.445048,0.002670288,"VT",0,0,0,0,1,0.65984151624,0,0,0,0,0,0,0,0
"577",10103762,"010801070405",2.209639,0.0017677112,"VT",0,0,0,0,1,0.436810276076,0,0,0,0,0,0,0,0
"578",10103772,"010801070406",0.157397,0.0071615635,"VT",0,0,0,0,0.9,1.59269233380075,0,0,0,0,0.1,0.17696581486675,0,0
"579",10103774,"010801070406",0.044441,0.0009243728,"VT",0,0,0,0,0.9,0.2055754266696,0,0,0,0,0.1,0.0228417140744,0,0
"580",10103776,"010801070406",2.780456,0.0052828664,"VT",0,0,0,0,1,1.305422701772,0,0,0,0,0,0,0,0
"581",10103804,"010801070405",1.96626,0.007275162,"VT",0,0,0,0,1,1.79772890601,0,0,0,0,0,0,0,0
"582",10103812,"010801070406",0.539164,0.057690548,"VT",0,0,0,0,1,14.25562286354,0,0,0,0,0,0,0,0
"583",10103894,"010801070405",8.980926,0.0700512228,"VT",0,0,0,0,1,17.310007409994,0,0,0,0,0,0,0,0
"584",10103910,"010801070404",0.194054,0.0026585398,"VT",0,0,0,0,0,0,0,0,0,0,0.1,0.0656938477279,0,0
"585",10103914,"010801070406",0.462759,0.0107360088,"VT",0,0,0,0,1,2.652921454524,0,0,0,0,0,0,0,0
"586",10103920,"010801070406",0.004191,0.0006986397,"VT",0,0,0,0,0.9,0.15537362676165,0,0,0,0,0.1,0.01726373630685,0,0
"587",10103930,"010801070406",0.180034,0.0081375368,"VT",0,0,0,0,0,0,0,0,0,0,0.1,0.2010826030964,0,0
"588",10103934,"010801070406",0.10957,0.003561025,"VT",0,0,0,0,0.9,0.7919523743625,0,0,0,0,0.1,0.0879947082625,0,0
"589",10103940,"010801070406",0.642877,0.0315652607,"VT",0,0,0,0,1,7.7999337452735,0,0,0,0,0,0,0,0
"590",10103952,"010801070507",0.012985,0.0024346875,"NH",0,0,0,0,0.9,0.54146110921875,0,0,0,0,0.1,0.06016234546875,0,0
"591",10103968,"010801070406",0.185163,0.0045364935,"VT",0,0,0,0,1,1.1209902263175,0,0,0,0,0,0,0,0
"592",166161613,"010801070506",0.244487,0.0494352714,"VT",0,0,0,0,1,12.215702739297,0,0,0,0,0,0,0,0
"593",166161614,"010801070506",12.208002,0.2002112328,"VT",0,0,0,0,1,49.473196681044,0,0,0,0,0,0,0,0
"594",166161616,"010801070502",28.437206,0.1933730008,"NH",0,0,0,0,1,47.783435362684,0,0,0,0,0,0,0,0
"595",166161618,"010801070507",0.484049,0.0009196931,"VT",0,0,0,0,0.9,0.20453468712795,0,0,0,0,0.1,0.02272607634755,0,0
"596",166161620,"010801070203",1.672993,0.2293673403,"NH",0,0,0,0,1,56.6778166248315,0,0,0,0,0,0,0,0
"597",166161623,"010801070201",0.250341,0.0017774211,"NH",0,0,0,0,0.9,0.39528867682395,0,0,0,0,0.1,0.04392096409155,0,0
"598",166174528,"010801060504",1.3554,0.0054216,"VT",0,0,0,0,1,1.339704468,0,0,0,0,0,0,0,0
"599",166174529,"010801060504",0.158836,0.0035896936,"VT",0,0,0,0,0.9,0.7983281133252,0,0,0,0,0.1,0.0887031237028,0,0
"600",166174533,"010801060402",1.197923,0.0684014033,"NH",0,0,0,0,1,16.9023287624465,0,0,0,0,0,0,0,0
"601",166174535,"010801060401",1.475547,0.0234611973,"NH",0,0,0,0,1,5.7973791588165,0,0,0,0,0,0,0,0
"602",166174536,"010801060401",0.185238,0.0044271882,"NH",0,0,0,0,0.9,0.9845823061449,0,0,0,0,0.1,0.1093980340161,0,0
"603",166174542,"010801060303",2.338093,0.0053776139,"NH",0,0,0,0,1,1.3288352827595,0,0,0,0,0,0,0,0
"604",166174543,"010801060105",1.392204,0.0602824332,"NH",0,0,0,0,1,14.896090655886,0,0,0,0,0,0,0,0
"605",166174544,"010801060105",8.889272,0.1493397696,"NH",0,0,0,0,1,36.902603767008,0,0,0,0,0,0,0,0
"606",166174546,"010801060105",3.491027,0.0666786157,"NH",0,0,0,0,0,0,0,0,0.9,14.8289573992937,0.1,1.64766193325485,0,0
"607",166174551,"010801060105",1.751983,0.0117382861,"NH",0,0,0,0,1,2.9005891867405,0,0,0,0,0,0,0,0
"608",166174556,"010801060402",0.198215,0.002695724,"NH",0,0,0,0,0,0,0,0,1,0.66612687902,0,0,0,0
"609",166174558,"010801060402",0.295217,0.0352193881,"NH",0,0,0,0,1,8.7028868964505,0,0,0,0,0,0,0,0
"610",166443365,"010801060105",1.764944,0.0880707056,"NH",0,0,0,0,1,21.762711707288,0,0,0,0,0,0,0,0
