"","COMID","HUC_12","IncAreaKm2","StateAbbrev","totalbanklength_ft","Forested_Buffer_LengthImplemented_ft","Grassed_Buffer_LengthImplemented_ft","Forested_Buffer_banklengthft","Grassed_Buffer_banklengthft","riverreachlength_ft"
"1",6174436,11000040103,2.394068,"CT",10826.7716535433,0,1196.538016,0,1196.538016,5413.38582677165
"2",6174438,11000040103,0.019863,"CT",590.551181102362,0,493.6759874,0,493.6759874,295.275590551181
"3",6174444,11000040103,6.694866,"CT",15111.5485564304,0,14433.4222,0,14433.4222,7555.7742782152
"4",6174452,11000040103,3.064767,"CT",20925.1968503937,0,16372.63432,0,16372.63432,10462.5984251968
"5",6174454,11000040103,13.715673,"CT",40124.6719160105,0,6186.48201,0,6186.48201,20062.3359580052
"6",6174458,11000040103,5.797165,"CT",29461.9422572178,0,3500.58039,0,3500.58039,14730.9711286089
"7",6174466,11000040103,0.703491,"CT",8405.51181102362,0,3310.077479,0,3310.077479,4202.75590551181
"8",6174468,11000040103,0.648497,"CT",5157.48031496063,0,1525.018572,0,1525.018572,2578.74015748031
"9",6174474,11000040105,5.029731,"CT",21496.062992126,0,5212.146631,0,5212.146631,10748.031496063
"10",6174616,11000040103,5.25369,"CT",30505.249343832,0,11368.04088,0,11368.04088,15252.624671916
"11",6174630,11000040103,0.127217,"CT",1725.7217847769,0,912.935738,0,912.935738,862.86089238845
"12",6174634,11000040103,0.152972,"CT",1437.00787401575,0,1437.007874,0,1437.007874,718.503937007875
"13",6174640,11000040103,0.378588,"CT",3451.44356955381,0,3257.693182,0,3257.693182,1725.7217847769
"14",6174642,11000040103,0.836018,"CT",5354.33070866142,0,3998.077996,0,3998.077996,2677.16535433071
"15",6174656,11000040103,2.878172,"CT",2696.85039370079,0,2696.850394,0,2696.850394,1348.42519685039
"16",6174662,11000040103,0.946378,"CT",4652.23097112861,0,4652.230971,0,4652.230971,2326.1154855643
"17",6176916,11000040105,0.028944,"CT",748.031496062992,0,748.0314961,0,748.0314961,374.015748031496
"18",6176918,11000040105,4.12689,"CT",5656.16797900262,0,1878.035423,0,1878.035423,2828.08398950131
"19",6176920,11000040103,0.470356,"CT",787.40157480315,0,787.4015748,0,787.4015748,393.700787401575
"20",6176922,11000040105,0.899322,"CT",10551.1811023622,110.3039565,9582.429165,110.3039565,9582.429165,5275.5905511811
"21",6176930,11000040105,1.911151,"CT",2500,0,2015.624031,0,2015.624031,1250
"22",6176938,11000040105,0.608656,"CT",6417.32283464567,0,5932.946866,0,5932.946866,3208.66141732283
"23",6176946,11000040105,0.897617,"CT",4442.25721784777,0,4248.50683,0,4248.50683,2221.12860892389
"24",6176948,11000040105,0.447883,"CT",3366.14173228346,0,3366.141732,0,3366.141732,1683.07086614173
"25",6176956,11000040105,3.528097,"CT",21489.501312336,0,12576.98349,0,12576.98349,10744.750656168
"26",6176970,11000040105,0.83229,"CT",12191.6010498688,0,2761.33259,0,2761.33259,6095.8005249344
"27",6176980,11000040105,5.32579,"CT",17467.1916010499,0,3921.185664,0,3921.185664,8733.59580052495
"28",6176998,11000040105,0.056992,"CT",1213.91076115486,0,1117.035567,0,1117.035567,606.95538057743
"29",6177002,11000040105,3.241288,"CT",13156.1679790026,0,1732.303202,0,1732.303202,6578.0839895013
"30",6177020,11000040105,1.96663,"CT",12985.5643044619,0,3196.036502,0,3196.036502,6492.78215223095
"31",6177040,11000040105,3.083379,"CT",20334.6456692913,0,9289.567556,0,9289.567556,10167.3228346457
"32",6177054,11000040105,3.595346,"CT",16627.2965879265,0,10949.87608,0,10949.87608,8313.64829396325
"33",6177068,11000040105,3.31837,"CT",24855.6430446194,0,5123.886098,0,5123.886098,12427.8215223097
"34",6177076,11000040105,0.874643,"CT",11804.4619422572,0,3503.721185,0,3503.721185,5902.2309711286
"35",6177096,11000040105,3.163318,"CT",19914.6981627297,0,4766.543123,0,4766.543123,9957.34908136485
"36",6177120,11000040105,4.968059,"CT",25623.3595800525,0,1454.12174,0,1454.12174,12811.6797900262
"37",6177188,11000040105,1.847271,"CT",17696.8503937008,0,3862.85617,0,3862.85617,8848.4251968504
"38",6177230,11000040105,4.1162,"CT",32696.8503937008,0,8525.976729,0,8525.976729,16348.4251968504
"39",6177232,11000040105,0.085647,"CT",1830.70866141732,0,1830.708661,0,1830.708661,915.35433070866
"40",6177234,11000040105,2.869122,"CT",17270.3412073491,0,15042.21175,0,15042.21175,8635.17060367455
"41",6177254,11000040105,2.433267,"CT",12729.6587926509,0,5184.661906,0,5184.661906,6364.82939632545
"42",6177266,11000040105,0.412331,"CT",4481.62729658793,0,3125.374584,0,3125.374584,2240.81364829396
"43",6177308,11000040104,0.586195,"CT",8018.37270341207,96.87519375,5208.992085,96.87519375,5208.992085,4009.18635170604
"44",6177340,11000040301,0.075859,"CT",964.566929133858,0,964.5669291,0,964.5669291,482.283464566929
"45",6177352,11000040104,6.124196,"CT",31325.4593175853,0,6978.051425,0,6978.051425,15662.7296587927
"46",6177372,11000040302,3.93194,"CT",33359.5800524934,0,4585.492742,0,4585.492742,16679.7900262467
"47",6177374,11000040302,0.950568,"CT",11902.8871391076,0,4086.379889,0,4086.379889,5951.4435695538
"48",6177378,11000040301,0.177954,"CT",649.606299212598,0,455.8559117,0,455.8559117,324.803149606299
"49",6177386,11000040302,4.682433,"CT",24921.2598425197,0,9852.987146,0,9852.987146,12460.6299212598
"50",6177388,11000040302,0.351275,"CT",2572.17847769029,0,2572.178478,0,2572.178478,1286.08923884515
"51",6177410,11000040302,2.308303,"CT",6929.13385826772,0,4492.893318,0,4492.893318,3464.56692913386
"52",6177446,11000040302,0.930518,"CT",8202.09973753281,0,8202.099738,0,8202.099738,4101.0498687664
"53",6177448,11000040302,1.782695,"CT",12198.1627296588,0,7051.831524,0,7051.831524,6099.0813648294
"54",6177454,11000040302,0.010065,"CT",669.291338582677,0,669.2913386,0,669.2913386,334.645669291338
"55",6177456,11000040302,3.491171,"CT",14192.9133858268,0,8227.09674,0,8227.09674,7096.4566929134
"56",6177504,11000040302,2.225471,"CT",10078.7401574803,0,9594.364189,0,9594.364189,5039.37007874015
"57",6177514,11000040301,4.312681,"CT",23156.1679790026,0,22187.41604,0,22187.41604,11578.0839895013
"58",6177524,11000040301,0.133921,"CT",1528.87139107612,0,1528.871391,0,1528.871391,764.43569553806
"59",6177526,11000040301,0.230763,"CT",1968.50393700787,0,1968.503937,0,1968.503937,984.251968503935
"60",6177612,11000040302,7.438491,"CT",21916.0104986877,0,21528.50972,0,21528.50972,10958.0052493439
"61",6177672,11000040208,0.986215,"CT",8530.18372703412,0,8530.183727,0,8530.183727,4265.09186351706
"62",6177674,11000040208,7.878735,"CT",21220.4724409449,0,13866.25841,0,13866.25841,10610.2362204725
"63",6177676,11000040304,9.37862,"CT",50314.9606299213,0,18665.32617,0,18665.32617,25157.4803149606
"64",6177816,11000040105,2.249615,"CT",8727.03412073491,0,8242.658152,0,8242.658152,4363.51706036746
"65",6177962,20302030000,0.863202,"CT",11410.7611548556,0,9763.882861,0,9763.882861,5705.3805774278
"66",6178012,11000040105,1.744045,"CT",6128.60892388451,0,2447.351561,0,2447.351561,3064.30446194225
"67",6178014,11000040105,0.184985,"CT",1240.15748031496,0,1240.15748,0,1240.15748,620.07874015748
"68",6178016,11000040105,0.277664,"CT",1391.07611548556,0,1003.57534,0,1003.57534,695.53805774278
"69",6178100,11000040105,0.0859,"CT",682.41469816273,0,585.5395044,0,585.5395044,341.207349081365
"70",6178122,11000040105,0.29476,"CT",1692.91338582677,0,627.2862546,0,627.2862546,846.456692913385
"71",6178140,11000040104,0.091141,"CT",314.96062992126,0,314.9606299,0,314.9606299,157.48031496063
"72",6178142,11000040105,0.02121,"CT",465.879265091863,465.8792651,0,465.8792651,0,232.939632545931
"73",6178160,11000040302,0.164972,"CT",1443.56955380577,0,474.8176163,0,474.8176163,721.784776902885
"74",6178176,11000040301,0.467603,"CT",807.086614173228,0,419.5858392,0,419.5858392,403.543307086614
"75",6178180,11000040301,0.40533,"CT",2132.54593175853,0,1938.795544,0,1938.795544,1066.27296587927
"76",6178184,11000040301,0.17127,"CT",1922.57217847769,0,1244.445822,0,1244.445822,961.286089238845
"77",6178220,11000040301,2.18147,"CT",9087.92650918635,0,6472.296278,0,6472.296278,4543.96325459318
"78",6178234,11000040301,0.498385,"CT",3556.43044619423,0,2975.179284,0,2975.179284,1778.21522309712
"79",6178252,11000040302,0.822476,"CT",1397.63779527559,0,1010.13702,0,1010.13702,698.818897637795
"80",6178260,11000040301,0.122343,"CT",2132.54593175853,0,2132.545932,0,2132.545932,1066.27296587927
"81",6178262,11000040301,0.139566,"CT",2834.64566929134,0,2834.645669,0,2834.645669,1417.32283464567
"82",6178266,11000040302,0.922575,"CT",1870.07874015748,0,1870.07874,0,1870.07874,935.03937007874
"83",6178268,11000040105,18.009414,"CT",33510.498687664,0,32735.49714,0,32735.49714,16755.249343832
"84",6178270,11000040304,0.285275,"CT",1811.02362204724,0,266.4429001,0,266.4429001,905.51181102362
"85",6178292,11000040302,2.053919,"CT",7769.02887139108,0,7478.40329,0,7478.40329,3884.51443569554
"86",6178348,11000040302,0.088492,"CT",72.1784776902887,72.17847769,0,72.17847769,0,36.0892388451444
"87",6178358,11000040304,0.0036,"CT",334.645669291339,0,334.6456693,0,334.6456693,167.32283464567
"88",6178388,11000040105,2.393085,"CT",1548.55643044619,0,967.3052679,0,967.3052679,774.278215223095
"89",6178408,11000040104,0.759205,"CT",2270.34120734908,0,1882.840432,0,1882.840432,1135.17060367454
"90",6178432,11000040302,3.950889,"CT",1450.1312335958,0,965.7552648,0,965.7552648,725.0656167979
"91",6178444,11000040208,0.540936,"CT",2427.82152230971,0,2427.821522,0,2427.821522,1213.91076115485
"92",6178522,20302030000,8.872822,"CT",28556.4304461942,0,28556.43045,0,28556.43045,14278.2152230971
"93",6178562,20302030000,1.865772,"CT",19245.406824147,0,19245.40682,0,19245.40682,9622.7034120735
"94",6178608,11000040301,0.310956,"CT",3274.2782152231,0,3274.278215,0,3274.278215,1637.13910761155
"95",6178630,11000040105,0.659359,"CT",1404.19947506562,0,1307.324281,0,1307.324281,702.09973753281
"96",166182048,11000040103,0.195697,"CT",3333.33333333333,0,1880.205427,0,1880.205427,1666.66666666666
"97",166182049,11000040103,2.719899,"CT",15006.56167979,0,4544.040755,0,4544.040755,7503.280839895
