FEATUREID,ro2d_in
23838910,1.68
23952584,0.85
23952586,0.86
23952588,0.87
23952590,0.87
23952592,0.85
23952594,0.84
23952596,0.81
23952598,0.90
23952600,0.85
23952602,0.96
23952604,0.85
23952606,0.83
23952608,0.84
23952610,0.83
23952612,0.98
23952614,1.00
23952616,1.40
23952618,1.04
23952620,1.15
23952622,1.22
23952624,1.24
23952626,1.41
23952628,1.46
23952630,1.57
23952632,1.64
23952634,1.47
23952636,1.54
23952638,1.61
23952640,1.63
23952642,1.64
23952644,1.68
23952646,1.56
23952648,1.58
23952650,1.60
23952652,1.71
23952654,1.60
23952656,1.66
23952658,1.70
23952660,1.72
23952662,1.82
23952664,1.84
23952666,1.94
23952668,1.99
23952670,2.01
23952672,1.67
23952674,1.81
23952676,1.97
23952678,1.72
23952680,1.82
23952682,1.58
23952684,1.62
23952686,1.64
23952688,1.67
23952690,1.70
23952692,1.69
23952694,1.67
23952696,1.72
23952698,1.78
23952700,1.69
23952702,1.93
23952704,1.95
23952706,1.96
23952708,2.00
23952710,2.03
23952712,2.09
23952714,2.35
23952716,1.86
23952718,1.98
23952720,2.33
23952722,1.86
23952724,2.23
23952726,2.21
23952728,1.57
23952730,1.31
23952732,1.99
23952734,0.88
23952738,0.88
23952740,0.87
23952742,0.88
23952746,0.86
23952748,0.94
23952750,0.90
23952752,0.96
23952754,0.87
23952756,0.89
23952758,0.89
23952762,0.87
23952766,0.87
23952776,0.95
23952780,1.52
23952786,1.13
23952790,1.61
23952792,1.85
23952794,1.59
23952796,1.80
23952798,1.72
23952800,1.76
23952802,0.83
23952804,1.92
23952806,1.86
23952808,1.81
23952810,1.34
23952812,1.00
23952814,1.65
23952816,1.54
23952820,1.60
23952822,1.91
23952824,1.36
23952826,1.89
23952828,1.66
23952830,1.96
23952832,1.55
23952834,2.12
23952836,1.73
23952838,1.64
23952840,1.63
23952842,2.25
23952844,1.19
23952846,1.80
23952848,1.84
23952850,1.61
23952852,2.20
23952854,2.07
23952856,1.57
23952858,1.33
23952860,1.57
23952862,1.47
23952864,2.20
23952866,1.57
23952868,1.62
23952870,1.48
23952872,1.69
23952874,1.86
23952876,2.31
23952878,1.57
23952880,1.55
23952882,1.84
23952884,1.58
23952886,2.19
23952888,1.63
23952890,1.06
23952892,1.82
23952894,1.98
23952898,1.91
23952900,1.98
23952902,2.04
23952904,1.88
23952906,1.73
23952908,2.12
23952910,2.19
23952912,2.11
23952914,2.26
23952916,2.05
23952918,1.99
23952920,1.92
23952922,1.95
23952924,2.25
23952926,1.62
23952928,1.64
23953857,0.51
23953937,0.57
23954029,0.50
23954039,0.50
23954107,0.51
23954111,0.62
23954137,0.47
23954153,0.52
23955788,0.70
23956094,1.14
23957484,1.68
24534246,0.54
24534248,0.55
24534250,0.54
24534252,0.54
24534254,0.55
24534256,0.57
24534258,0.57
24534260,0.57
24534262,0.58
24534264,0.61
24534266,0.58
24534268,0.63
24534270,0.67
24534272,0.68
24534274,0.58
24534276,0.65
24534278,0.62
24534280,0.61
24534282,0.62
24534284,0.66
24534286,0.70
24534288,0.71
24534290,0.80
24534292,0.91
24534294,0.74
24534296,0.81
24534298,0.90
24534300,0.92
24534302,0.97
24534304,1.14
24534306,1.29
24534308,1.25
24534310,1.49
24534312,1.28
24534314,1.31
24534316,1.20
24534318,1.08
24534320,1.09
24534322,0.80
24534324,0.86
24534326,0.95
24534328,0.97
24534330,0.93
24534332,0.95
24534344,0.65
24534348,0.75
24534350,0.74
24534352,0.75
24534354,0.74
24534356,0.77
24534358,0.78
24534360,0.84
24534362,0.81
24534366,0.76
24534370,0.76
24534372,0.78
24534374,0.88
24534376,0.95
24534378,0.76
24534380,0.74
24534382,0.74
24534384,0.74
24534386,0.74
24534388,0.74
24534390,0.77
24534392,0.79
24534394,0.86
24534396,0.86
24534398,0.82
24534400,0.80
24534402,0.74
24534404,0.72
24534406,0.72
24534408,0.72
24534410,0.72
24534412,0.76
24534424,1.12
24534434,0.73
24534436,0.73
24534438,0.72
24534440,0.71
24534442,0.73
24534444,0.71
24534446,0.71
24534448,0.71
24534450,0.71
24534452,0.73
24534454,0.74
24534456,0.73
24534458,0.78
24534460,0.85
24534462,0.74
24534464,0.74
24534466,0.73
24534468,0.72
24534470,0.69
24534472,0.71
24534474,0.67
24534512,0.64
24534514,0.66
24534516,0.67
24534518,0.66
24534520,0.66
24534522,0.66
24534524,0.68
24534526,0.69
24534528,0.71
24534530,0.70
24534532,0.71
24534534,0.70
24534536,0.69
24534538,0.69
24534540,0.68
24534542,0.69
24534544,0.70
24534546,0.70
24534548,0.69
24534550,0.70
24534552,0.69
24534554,0.69
24534556,0.69
24534558,0.68
24534560,0.71
24534562,0.71
24534564,0.71
24534566,0.71
24534568,0.72
24534570,0.72
24534572,0.71
24534574,0.71
24534576,0.71
24534578,0.71
24534580,0.73
24534582,0.74
24534584,0.74
24534586,0.71
24534590,0.50
24534592,0.54
24534594,0.57
24534596,0.58
24534598,0.59
24534600,0.59
24534602,0.57
24534604,0.54
24534608,0.55
24534610,0.56
24534612,0.56
24534620,0.57
24534622,0.60
24534624,0.92
24534626,1.30
24534628,0.74
24534630,0.81
24534632,0.90
24534634,1.69
24534638,0.77
24534640,0.75
24534642,0.72
24534644,0.72
24534646,0.71
24534648,0.71
24534650,0.73
24534652,0.71
24534658,0.71
24534660,0.69
24534662,0.74
24534664,0.71
24534666,0.68
24534668,0.69
24534670,0.68
24534672,0.70
24534674,0.68
24534676,0.68
24534678,0.67
24534680,0.68
24534682,0.69
24534684,0.66
24534686,0.68
24534688,0.65
24534690,0.69
24534694,0.66
24534696,0.65
24534698,0.67
24534700,0.66
24534702,0.65
24534704,0.63
24534706,0.80
24534708,0.74
24534710,0.77
24534712,0.64
24534714,0.64
24534716,0.71
24534718,0.69
24534720,0.66
24534722,0.71
24534724,0.71
24534726,0.70
24534728,0.73
24534730,0.69
24534734,0.79
24534736,0.73
24534738,1.27
24534742,0.72
24534744,1.47
24534746,1.10
24534748,0.94
24534750,0.81
24534752,0.74
24534754,0.75
24534756,0.74
24534758,1.51
24534760,1.45
24534762,1.48
24534764,1.38
24534766,0.82
24534768,1.34
24534770,0.76
24534772,0.97
24534774,0.98
24534776,0.92
24534778,1.03
24534780,1.40
24534782,0.98
24534784,1.05
24534786,0.97
24534788,1.26
24534790,1.04
24534792,0.98
24534794,1.04
24534796,0.94
24534798,0.99
24534800,0.98
24534804,1.01
24534806,1.01
24534808,0.98
24534810,0.99
24534812,1.00
24534814,0.86
24534816,0.97
24534818,0.96
24534822,0.80
24534826,0.95
24534828,1.01
24534830,0.76
24534832,0.96
24534834,0.86
24534836,0.87
24534838,0.87
24534840,1.03
24534842,0.81
24534844,0.86
24534846,1.00
24534850,1.03
24534852,0.87
24534856,1.04
24534858,0.75
24534862,1.13
24534864,1.02
24534866,1.16
24534870,1.14
24534872,1.27
24534874,1.09
24534876,1.14
24534878,0.88
24534880,0.94
24534882,0.94
24534886,0.86
24534888,0.85
24534890,1.28
24534892,1.07
24534894,1.37
24534898,0.90
24534900,0.91
24534902,0.93
24534904,1.28
24534906,1.37
24534908,0.91
24534910,1.38
24534912,0.80
24534914,0.55
24534916,0.56
24534920,0.56
24534922,1.65
24534924,1.48
24534926,1.74
24534928,1.55
24534930,0.55
24534934,0.55
24534936,1.40
24534938,0.53
24534940,0.54
24534942,0.55
24534944,0.55
24534946,0.88
24534948,1.66
24534950,0.54
24534954,1.04
24534956,0.53
24534958,1.38
24534960,0.83
24534962,0.93
24534964,0.55
24534966,0.76
24534968,1.25
24534972,0.83
24534974,1.09
24534976,1.11
24534980,0.65
24534982,0.67
24534986,0.71
24534988,0.93
24534990,0.71
24534996,0.57
24535004,0.51
24535024,0.88
24535030,0.74
24535032,0.70
24535036,0.82
24535038,0.75
24535040,0.92
24535052,1.07
24535054,0.97
24535056,1.28
24535058,1.05
24535060,0.93
24535072,0.58
947110244,0.64
947110246,0.70
947110248,0.74
23953831,0.53
23953833,0.50
23953835,0.47
23953837,0.46
23953841,0.48
23953843,0.48
23953845,0.52
23953847,0.52
23953849,0.53
23953851,0.53
23953853,0.49
23953859,0.51
23953861,0.50
23953863,0.52
23953865,0.52
23953867,0.52
23953869,0.47
23953871,0.51
23953873,0.49
23953879,0.53
23953883,0.55
23953885,0.55
23953887,0.58
23953889,0.58
23953891,0.59
23953895,0.57
23953899,0.55
23953901,0.56
23953905,0.58
23953909,0.64
23953911,0.62
23953913,0.63
23953917,0.62
23953919,0.54
23953921,0.60
23953923,0.64
23953925,0.61
23953927,0.56
23953929,0.55
23953931,0.58
23953933,0.58
23953935,0.59
23953939,0.58
23953941,0.59
23953943,0.57
23953945,0.51
23953947,0.51
23953949,0.59
23953951,0.55
23953953,0.51
23953955,0.51
23953959,0.56
23953961,0.56
23953963,0.55
23953965,0.51
23953967,0.52
23953973,0.51
23953975,0.52
23953977,0.51
23953983,0.51
23953987,0.53
23953989,0.52
23953991,0.52
23953993,0.51
23953995,0.52
23953997,0.52
23953999,0.51
23954001,0.51
23954003,0.51
23954005,0.51
23954007,0.52
23954009,0.51
23954011,0.50
23954013,0.51
23954015,0.51
23954017,0.51
23954019,0.50
23954021,0.51
23954023,0.50
23954025,0.50
23954027,0.51
23954031,0.50
23954033,0.51
23954035,0.51
23954037,0.50
23954041,0.49
23954043,0.49
23954045,0.49
23954047,0.49
23954049,0.50
23954051,0.49
23954053,0.49
23954055,0.50
23954057,0.49
23954059,0.49
23954063,0.56
23954065,0.58
23954067,0.58
23954071,0.59
23954073,0.56
23954075,0.61
23954077,0.61
23954079,0.62
23954081,0.51
23954083,0.51
23954085,0.51
23954087,0.51
23954093,0.52
23954095,0.50
23954097,0.51
23954099,0.49
23954101,0.50
23954103,0.51
23954105,0.50
23954109,0.52
23954113,0.58
23954115,0.55
23954117,0.52
23954119,0.50
23954121,0.49
23954123,0.49
23954125,0.47
23954127,0.46
23954129,0.47
23954131,0.53
23954133,0.51
23954135,0.49
23954139,0.55
23954141,0.50
23954143,0.50
23954145,0.50
23954147,0.47
23954149,0.47
23954151,0.50
23954155,0.50
23954157,0.57
23954159,0.55
23954433,0.53
23955760,0.66
23955762,0.66
23955764,0.67
23955766,0.67
23955768,0.67
23955770,0.67
23955772,0.67
23955774,0.69
23955776,0.69
23955782,0.71
23955784,0.71
23955786,0.71
23955790,0.73
23955792,0.73
23955794,0.74
23955796,0.75
23955798,0.75
23955800,0.69
23955802,0.69
23955804,0.69
23955806,0.68
23955808,0.71
23955810,0.73
23955812,0.73
23955814,0.73
23955818,0.68
23955820,0.68
23955822,0.69
23955824,0.68
23955826,0.71
23955828,0.70
23955830,0.70
23955832,0.73
23955834,0.76
23955836,0.80
23955838,0.81
23955840,0.81
23955844,0.80
23955846,0.80
23955848,0.81
23955850,0.80
23955852,0.81
23955854,0.81
23955856,0.81
23955858,0.81
23955860,0.81
23955862,0.80
23955864,0.81
23955866,0.81
23955868,0.81
23955872,0.80
23955874,0.79
23955880,0.76
23955882,0.76
23955884,0.77
23955886,0.77
23955888,0.76
23955890,0.79
23955892,0.75
23955894,0.75
23955896,0.75
23955898,0.78
23955900,0.80
23955906,1.39
23955908,0.85
23955910,0.86
23955912,0.89
23955914,0.91
23955916,0.90
23955918,0.98
23955920,1.09
23955922,1.13
23955924,1.11
23955928,1.13
23955930,1.15
23955932,1.16
23955934,1.15
23955936,1.17
23955938,1.20
23955940,1.18
23955942,1.17
23955944,1.17
23955946,1.15
23955948,1.11
23955950,1.11
23955952,1.04
23955954,1.07
23955956,1.08
23955958,1.06
23955960,1.05
23955962,1.06
23955964,1.10
23955966,1.07
23955968,1.15
23955970,1.17
23955972,1.17
23955974,1.13
23955976,1.12
23955978,1.09
23955980,0.99
23955982,1.05
23955984,1.07
23955988,1.10
23955990,1.11
23955992,1.11
23955994,1.11
23955996,1.11
23955998,1.11
23956000,1.09
23956002,1.09
23956004,1.09
23956006,1.16
23956008,1.19
23956010,1.32
23956012,1.38
23956014,1.54
23956016,1.54
23956018,1.60
23956020,1.57
23956022,1.61
23956024,1.67
23956026,1.68
23956028,1.72
23956030,1.68
23956032,1.75
23956034,1.80
23956036,1.78
23956038,1.84
23956040,2.10
23956042,2.26
23956044,2.33
23956046,2.31
23956048,2.36
23956050,2.36
23956052,2.49
23956054,2.69
23956056,2.71
23956058,2.72
23956060,2.77
23956062,2.92
23956064,3.01
23956066,3.06
23956068,3.14
23956070,2.55
23956072,2.77
23956074,2.93
23956076,1.27
23956080,2.14
23956082,2.61
23956084,1.12
23956088,1.12
23956090,1.12
23956092,1.16
23956096,1.13
23956098,1.14
23956100,1.15
23956102,1.14
23956104,1.14
23956106,1.15
23956108,1.24
23956112,1.14
23956114,1.14
23956116,1.16
23956118,1.14
23956120,1.13
23956122,1.13
23956124,1.11
23956126,1.10
23956128,1.12
23956130,1.11
23956132,1.11
23956134,1.11
23956136,1.15
23956138,1.16
23956140,1.17
23956142,1.18
23956144,1.19
23956146,1.21
23956148,1.25
23956150,1.25
23956154,1.27
23956156,1.35
23956158,1.29
23956160,1.30
23956162,1.31
23956164,1.39
23956166,1.40
23956170,1.61
23956172,1.85
23956174,1.91
23956176,1.98
23956178,2.01
23956180,2.21
23956182,2.25
23956184,2.32
23956186,2.35
23956188,2.36
23956190,2.39
23956192,2.53
23956194,2.41
23956196,2.52
23956198,2.83
23956200,2.91
23956202,3.14
23956204,3.16
23956208,2.93
23956210,2.34
23956212,2.43
23956214,1.17
23956218,1.60
23956220,1.84
23956222,1.84
23956224,1.93
23956226,2.05
23956228,2.12
23956230,1.12
23956232,1.13
23956236,1.13
23956238,1.14
23956240,1.20
23956242,1.23
23956244,1.25
23956248,1.26
23956250,1.27
23956252,1.28
23956254,1.26
23956256,1.26
23956258,1.26
23956260,1.26
23956262,1.40
23956264,1.72
23956266,1.90
23956268,2.05
23956270,1.25
23956272,1.24
23956276,1.22
23956278,1.22
23956280,1.21
23956282,1.21
23956284,1.20
23956286,1.19
23956288,1.19
23956290,1.18
23956292,1.18
23956294,1.16
23956296,1.16
23956298,1.20
23956300,1.19
23956302,1.17
23956304,1.18
23956306,1.18
23956308,1.20
23956310,1.20
23956312,1.19
23956314,1.17
23956318,1.19
23956320,1.17
23956322,1.27
23956324,1.19
23956326,1.22
23956328,1.20
23956330,1.21
23956332,1.24
23956334,1.24
23956336,1.24
23956338,1.26
23956340,1.26
23956342,1.27
23956346,1.27
23956348,1.30
23956416,1.69
23956448,1.64
23956496,1.55
23956526,1.10
23956590,0.94
23956632,0.78
23956770,0.71
23956794,0.71
23956840,0.69
23956856,1.23
23956914,0.68
23957402,1.43
23957404,1.47
23957410,1.29
23957426,0.73
23957428,0.68
23957430,0.68
23957438,1.42
23957440,1.19
23957464,1.14
23957468,1.20
23957470,1.16
23957472,1.36
23957476,1.94
23957478,1.78
23957480,1.85
23957482,2.33
23957486,1.69
24534334,0.98
24534336,0.97
24534338,0.92
24534340,0.89
24534414,0.76
24534416,0.78
24534418,0.81
24534420,0.83
24534422,0.95
24534426,1.13
24534428,1.00
24534430,1.08
24534432,1.05
24534476,0.66
24534478,0.66
24534480,0.66
24534482,0.66
24534484,0.66
24534486,0.66
24534488,0.66
24534490,0.66
24534492,0.64
24534494,0.63
24534496,0.64
24534498,0.63
24534502,0.63
24534504,0.63
24534506,0.62
24534508,0.62
24534510,0.62
24534854,1.03
24534860,1.04
24534868,1.02
24535006,0.99
24535008,0.96
24535010,0.93
24535012,1.09
24535014,1.00
24535016,1.01
24535018,1.05
24535020,1.13
24535022,0.92
24535026,0.77
24535028,0.77
24535044,1.04
24535046,1.02
24535048,1.04
24535050,1.02
24535076,0.60
24535096,0.65
24535098,0.65
24535100,0.64
24535102,0.61
24535104,0.62
24535108,1.03
24535110,1.04
24535114,1.12
24535116,1.03
24535190,0.56
24535464,0.59
24535488,1.03
24535490,1.04
947110256,0.63
947110265,0.76
23955842,0.80
23955870,0.81
23955878,0.81
23955902,0.80
23955904,0.81
23955986,1.29
23956078,1.53
23956086,1.12
23956110,1.15
23956152,1.25
23956168,1.41
23956206,3.74
23956216,1.19
23956234,1.13
23956246,1.25
23956274,1.23
23956316,1.18
23956344,1.28
23956350,1.30
23956352,1.28
23956354,1.27
23956356,1.27
23956358,1.26
23956360,1.25
23956362,1.26
23956364,1.27
23956366,1.27
23956368,1.30
23956370,1.31
23956372,1.29
23956374,1.47
23956376,1.39
23956378,1.52
23956380,1.42
23956382,1.43
23956384,1.45
23956386,1.48
23956388,1.48
23956390,1.48
23956392,1.47
23956394,1.45
23956396,1.46
23956398,1.48
23956400,1.68
23956402,1.84
23956404,1.96
23956406,2.12
23956408,2.27
23956410,3.30
23956412,1.79
23956414,1.57
23956418,1.68
23956420,1.68
23956422,1.68
23956424,1.79
23956426,1.63
23956428,1.61
23956430,1.61
23956432,1.60
23956434,1.67
23956436,1.82
23956438,1.91
23956440,3.13
23956442,1.77
23956444,2.15
23956446,1.58
23956450,1.73
23956452,1.60
23956454,1.61
23956456,1.61
23956458,1.61
23956462,1.61
23956464,1.61
23956466,1.62
23956468,1.64
23956470,1.71
23956472,1.90
23956474,2.11
23956476,2.31
23956478,1.66
23956480,1.75
23956482,1.98
23956486,1.60
23956488,1.62
23956490,1.69
23956492,1.69
23956494,1.44
23956498,1.67
23956500,1.70
23956502,1.68
23956504,1.67
23956506,1.69
23956508,1.73
23956510,1.65
23956512,1.63
23956514,1.60
23956516,1.19
23956518,1.27
23956520,1.29
23956522,1.32
23956524,0.89
23956528,1.41
23956530,1.67
23956532,0.71
23956534,0.77
23956536,0.80
23956538,0.82
23956540,0.83
23956542,0.85
23956544,0.98
23956548,0.70
23956550,0.71
23956552,0.74
23956554,0.76
23956556,0.81
23956558,0.98
23956560,1.49
23956562,1.13
23956564,1.14
23956566,1.25
23956568,1.28
23956570,1.28
23956572,1.44
23956574,1.53
23956576,1.60
23956578,1.27
23956580,1.43
23956582,1.59
23956584,1.48
23956586,1.66
23956588,1.82
23956592,1.52
23956594,1.90
23956596,1.71
23956598,2.12
23956600,2.91
23956602,2.97
23956604,2.98
23956606,1.95
23956608,1.59
23956610,2.23
23956616,0.81
23956620,0.86
23956622,0.85
23956624,0.85
23956626,0.77
23956628,0.80
23956630,0.83
23956634,1.23
23956636,0.82
23956638,0.85
23956640,0.81
23956642,0.72
23956644,0.70
23956646,0.70
23956648,1.65
23956650,1.63
23956652,1.64
23956654,1.65
23956656,1.59
23956658,1.70
23956662,0.78
23956664,1.54
23956666,1.22
23956668,1.19
23956670,1.19
23956672,1.33
23956676,1.72
23956678,1.23
23956680,0.69
23956682,1.60
23956684,1.61
23956686,1.74
23956690,0.69
23956692,1.42
23956694,1.34
23956696,1.69
23956698,1.58
23956700,1.60
23956702,1.71
23956704,1.21
23956706,1.60
23956708,1.68
23956710,1.14
23956712,1.23
23956714,1.37
23956716,1.34
23956718,1.60
23956720,1.68
23956722,1.65
23956724,1.19
23956726,0.68
23956730,1.20
23956732,1.21
23956734,1.21
23956736,1.28
23956738,0.68
23956740,0.69
23956742,1.27
23956744,0.69
23956746,1.63
23956748,0.74
23956750,1.23
23956752,1.23
23956754,0.69
23956756,1.24
23956758,1.41
23956760,0.73
23956762,1.29
23956764,1.25
23956766,1.70
23956768,0.69
23956774,0.67
23956776,1.37
23956780,1.25
23956782,0.67
23956788,0.66
23956790,1.61
23956792,1.45
23956798,1.52
23956800,0.66
23956802,1.51
23956804,1.33
23956806,1.60
23956808,1.34
23956810,0.70
23956812,0.68
23956814,0.68
23956816,1.75
23956818,0.67
23956820,0.64
23956822,1.79
23956824,0.70
23956826,0.66
23956828,0.65
23956830,1.68
23956832,0.70
23956834,0.69
23956838,0.75
23956842,0.71
23956844,0.73
23956846,0.71
23956848,0.66
23956850,0.66
23956852,1.82
23956858,0.73
23956860,0.68
23956862,1.70
23956864,0.71
23956868,0.68
23956870,1.79
23956872,0.67
23956876,0.73
23956878,1.74
23956882,0.66
23956884,0.74
23956886,0.69
23956888,0.69
23956890,0.67
23956892,0.67
23956894,1.77
23956896,0.74
23956898,0.69
23956900,1.56
23956902,0.69
23956906,1.64
23956908,1.61
23956910,1.19
23956912,0.68
23956916,0.68
23956918,1.51
23956920,0.68
23956922,0.65
23956924,0.65
23956926,0.66
23956928,0.66
23956930,1.76
23956932,0.67
23956934,1.64
23956940,0.70
23956942,0.64
23956944,1.95
23956946,1.76
23956948,0.63
23956950,0.64
23956952,0.65
23956954,1.81
23956956,1.46
23956958,1.36
23956960,1.86
23956962,1.80
23956964,1.18
23956968,1.20
23956970,0.64
23956972,1.37
23956976,0.65
23956978,0.63
23956980,0.65
23956982,0.68
23956984,0.67
23956986,0.68
23956988,0.66
23956990,1.26
23956992,0.70
23957000,0.66
23957002,1.52
23957004,0.66
23957006,0.67
23957008,1.93
23957010,1.68
23957012,1.63
23957014,1.73
23957018,0.63
23957020,1.94
23957022,1.18
23957024,0.66
23957028,1.24
23957030,0.67
23957032,0.66
23957034,0.67
23957036,1.84
23957038,1.82
23957044,0.66
23957046,0.68
23957048,1.17
23957050,1.18
23957052,0.69
23957054,0.65
23957056,1.70
23957058,1.90
23957060,2.12
23957062,0.67
23957064,0.67
23957066,0.67
23957068,1.21
23957070,0.66
23957072,1.99
23957074,0.66
23957076,1.40
23957080,0.66
23957082,2.17
23957084,1.25
23957086,1.74
23957088,0.68
23957090,2.09
23957092,0.66
23957094,1.20
23957096,0.66
23957100,2.05
23957104,1.21
23957108,2.08
23957110,1.22
23957112,2.11
23957114,2.09
23957120,1.41
23957122,1.41
23957124,1.17
23957126,1.09
23957128,1.03
23957130,2.11
23957132,1.40
23957134,1.23
23957138,2.13
23957144,2.10
23957146,2.09
23957150,2.42
23957152,2.35
23957154,2.15
23957156,2.09
23957158,1.43
23957160,1.79
23957162,2.32
23957164,1.30
23957166,2.39
23957168,1.47
23957170,2.74
23957172,1.26
23957176,1.19
23957178,1.13
23957180,1.20
23957182,1.48
23957186,2.12
23957188,2.06
23957190,2.25
23957192,1.51
23957194,1.70
23957196,1.30
23957198,2.19
23957202,2.43
23957204,1.54
23957206,1.95
23957210,2.09
23957214,1.29
23957216,1.25
23957218,2.31
23957228,1.55
23957230,2.31
23957232,2.09
23957234,1.10
23957236,2.22
23957238,1.19
23957240,2.32
23957242,1.37
23957244,1.76
23957248,2.42
23957250,1.66
23957252,2.09
23957254,2.50
23957258,2.97
23957260,2.59
23957262,3.11
23957264,2.67
23957266,1.43
23957268,1.54
23957270,1.71
23957272,3.03
23957274,1.30
23957276,2.11
23957278,1.12
23957280,3.14
23957282,1.22
23957284,3.45
23957286,3.15
23957288,1.10
23957296,1.61
23957298,1.25
23957302,2.40
23957304,3.16
23957306,2.94
23957308,3.19
23957310,1.28
23957312,2.81
23957314,3.15
23957316,3.28
23957318,3.14
23957322,2.02
23957324,1.92
23957326,1.57
23957328,2.98
23957330,1.67
23957332,3.20
23957334,2.93
23957336,1.60
23957344,1.69
23957346,2.93
23957348,2.73
23957350,1.73
23957352,2.95
23957354,1.89
23957356,1.87
23957358,1.77
23957360,2.53
23957362,2.43
23957364,2.13
23957366,2.86
23957368,2.11
23957372,1.88
23957374,2.70
23957376,2.30
23957380,2.18
23957382,2.73
23957384,2.11
23957386,1.76
23957390,0.63
23957392,0.62
23957396,0.62
23957398,0.77
23957400,1.43
23957406,1.48
23957408,1.56
23957414,1.19
23957416,0.67
23957418,0.80
23957436,0.66
23957444,1.07
23957448,1.07
23957452,1.06
23957454,1.22
23957456,1.23
23957460,1.26
23957474,1.68
23957490,0.63
23957494,1.17
23957500,0.63
23957502,0.62
23957524,0.67
23957598,3.08
23957600,0.63
23957602,0.62
23957646,0.66
23957668,0.66
23957836,1.18
23957838,1.17
23957978,0.69
23957980,0.68
23957984,0.69
23957986,0.75
23958034,0.76
23958036,0.75
23958044,0.75
23955778,0.70
23955780,0.71
23955842,0.79
23955870,0.80
23955878,0.79
23955902,0.79
23955904,0.80
23955986,1.28
23956078,1.53
23956086,1.11
23956110,1.14
23956152,1.25
23956168,1.41
23956206,3.75
23956216,1.19
23956234,1.13
23956246,1.24
23956274,1.23
23956316,1.18
23956344,1.27
23956350,1.30
23956352,1.28
23956354,1.27
23956356,1.27
23956358,1.26
23956360,1.25
23956362,1.25
23956364,1.26
23956366,1.27
23956368,1.29
23956370,1.31
23956372,1.29
23956374,1.46
23956376,1.38
23956378,1.51
23956380,1.42
23956382,1.43
23956384,1.44
23956386,1.48
23956388,1.48
23956390,1.48
23956392,1.47
23956394,1.47
23956396,1.46
23956398,1.48
23956400,1.68
23956402,1.84
23956404,1.96
23956406,2.12
23956408,2.26
23956410,3.30
23956412,1.79
23956414,1.57
23956418,1.68
23956420,1.69
23956422,1.69
23956424,1.79
23956426,1.63
23956428,1.61
23956430,1.61
23956432,1.60
23956434,1.67
23956436,1.82
23956438,1.91
23956440,3.13
23956442,1.77
23956444,2.15
23956446,1.58
23956450,1.73
23956452,1.60
23956454,1.61
23956456,1.61
23956458,1.60
23956460,1.69
23956462,1.61
23956464,1.61
23956466,1.62
23956468,1.64
23956470,1.71
23956472,1.90
23956474,2.11
23956476,2.31
23956478,1.66
23956480,1.74
23956482,1.98
23956486,1.59
23956488,1.61
23956490,1.69
23956492,1.69
23956494,1.43
23956498,1.66
23956500,1.70
23956502,1.68
23956504,1.67
23956506,1.69
23956508,1.74
23956510,1.65
23956512,1.63
23956514,1.60
23956516,1.19
23956518,1.26
23956520,1.29
23956522,1.32
23956524,0.88
23956528,1.41
23956530,1.67
23956532,0.70
23956534,0.76
23956536,0.80
23956538,0.81
23956540,0.82
23956542,0.85
23956544,0.97
23956548,0.70
23956550,0.71
23956552,0.74
23956554,0.75
23956556,0.79
23956558,0.96
23956560,1.49
23956562,1.13
23956564,1.14
23956566,1.24
23956568,1.27
23956570,1.28
23956572,1.44
23956574,1.53
23956576,1.60
23956578,1.27
23956580,1.42
23956582,1.59
23956584,1.47
23956586,1.66
23956588,1.82
23956592,1.51
23956594,1.88
23956596,1.71
23956598,2.12
23956600,2.91
23956602,2.97
23956604,2.98
23956606,1.95
23956608,1.59
23956610,2.23
23956616,0.81
23956620,0.85
23956622,0.84
23956624,0.84
23956626,0.76
23956628,0.80
23956630,0.83
23956634,1.22
23956636,0.81
23956638,0.82
23956640,0.81
23956642,0.72
23956644,0.69
23956646,0.70
23956648,1.65
23956650,1.63
23956652,1.64
23956654,1.65
23956656,1.59
23956658,1.70
23956662,0.77
23956664,1.54
23956666,1.22
23956668,1.19
23956670,1.19
23956672,1.33
23956676,1.72
23956678,1.23
23956680,0.68
23956682,1.60
23956684,1.61
23956686,1.74
23956690,0.68
23956692,1.42
23956694,1.34
23956696,1.69
23956698,1.58
23956700,1.60
23956702,1.71
23956704,1.20
23956706,1.60
23956708,1.68
23956710,1.13
23956712,1.23
23956714,1.37
23956716,1.34
23956718,1.60
23956720,1.67
23956722,1.65
23956724,1.18
23956726,0.68
23956730,1.19
23956732,1.21
23956734,1.20
23956736,1.28
23956738,0.68
23956740,0.68
23956742,1.25
23956744,0.68
23956746,1.62
23956748,0.73
23956750,1.23
23956752,1.22
23956754,0.69
23956756,1.24
23956758,1.41
23956760,0.71
23956762,1.28
23956764,1.25
23956766,1.70
23956768,0.69
23956774,0.67
23956776,1.37
23956780,1.25
23956782,0.67
23956788,0.66
23956790,1.60
23956792,1.44
23956798,1.52
23956800,0.66
23956802,1.50
23956804,1.33
23956806,1.60
23956808,1.34
23956810,0.70
23956812,0.67
23956814,0.67
23956816,1.74
23956818,0.66
23956820,0.64
23956822,1.79
23956824,0.70
23956826,0.65
23956828,0.65
23956830,1.68
23956832,0.69
23956834,0.69
23956838,0.74
23956842,0.70
23956844,0.72
23956846,0.71
23956848,0.65
23956850,0.65
23956852,1.82
23956858,0.72
23956860,0.67
23956862,1.69
23956864,0.70
23956868,0.68
23956870,1.79
23956872,0.67
23956876,0.73
23956878,1.74
23956882,0.65
23956884,0.72
23956886,0.69
23956888,0.68
23956890,0.67
23956892,0.67
23956894,1.77
23956896,0.73
23956898,0.67
23956900,1.56
23956902,0.68
23956906,1.64
23956908,1.60
23956910,1.18
23956912,0.66
23956916,0.68
23956918,1.51
23956920,0.68
23956922,0.64
23956924,0.64
23956926,0.66
23956928,0.66
23956930,1.76
23956932,0.67
23956934,1.64
23956938,1.49
23956940,0.69
23956942,0.63
23956944,1.95
23956946,1.76
23956948,0.63
23956950,0.64
23956952,0.64
23956954,1.81
23956956,1.45
23956958,1.35
23956960,1.86
23956962,1.80
23956964,1.17
23956966,1.25
23956968,1.20
23956970,0.64
23956972,1.36
23956974,1.44
23956976,0.63
23956978,0.63
23956980,0.64
23956982,0.67
23956984,0.67
23956986,0.66
23956988,0.64
23956990,1.25
23956992,0.69
23956994,0.86
23956996,0.86
23957000,0.64
23957002,1.52
23957004,0.65
23957006,0.66
23957008,1.93
23957010,1.68
23957012,1.63
23957014,1.73
23957018,0.63
23957020,1.94
23957022,1.17
23957024,0.66
23957026,0.70
23957028,1.22
23957030,0.66
23957032,0.66
23957034,0.66
23957036,1.84
23957038,1.82
23957040,1.42
23957044,0.64
23957046,0.66
23957048,1.17
23957050,1.17
23957052,0.67
23957054,0.63
23957056,1.70
23957058,1.90
23957060,2.12
23957062,0.66
23957064,0.66
23957066,0.66
23957068,1.21
23957070,0.65
23957072,1.99
23957074,0.65
23957076,1.38
23957078,0.77
23957080,0.65
23957082,2.16
23957084,1.25
23957086,1.74
23957088,0.67
23957090,2.09
23957092,0.65
23957094,1.20
23957096,0.63
23957098,0.79
23957100,2.05
23957102,1.66
23957104,1.20
23957106,0.79
23957108,2.08
23957110,1.22
23957112,2.11
23957114,2.09
23957116,1.65
23957118,2.07
23957120,1.41
23957122,1.37
23957124,1.16
23957126,1.08
23957128,1.01
23957130,2.10
23957132,1.40
23957134,1.23
23957136,2.20
23957138,2.13
23957142,2.33
23957144,2.10
23957146,2.09
23957148,2.30
23957150,2.42
23957152,2.35
23957154,2.15
23957156,2.09
23957158,1.43
23957160,1.79
23957162,2.32
23957164,1.28
23957166,2.39
23957168,1.47
23957170,2.74
23957172,1.26
23957176,1.18
23957178,1.12
23957180,1.20
23957182,1.48
23957184,1.91
23957186,2.11
23957188,2.05
23957190,2.24
23957192,1.51
23957194,1.70
23957196,1.29
23957198,2.19
23957202,2.43
23957204,1.54
23957206,1.95
23957208,1.61
23957210,2.09
23957214,1.28
23957216,1.25
23957218,2.31
23957222,2.39
23957224,2.09
23957226,2.41
23957228,1.55
23957230,2.31
23957232,2.09
23957234,1.09
23957236,2.22
23957238,1.19
23957240,2.32
23957242,1.37
23957244,1.75
23957248,2.41
23957250,1.66
23957252,2.09
23957254,2.48
23957256,1.92
23957258,2.97
23957260,2.58
23957262,3.12
23957264,2.67
23957266,1.42
23957268,1.53
23957270,1.71
23957272,3.03
23957274,1.29
23957276,2.11
23957278,1.11
23957280,3.14
23957282,1.21
23957284,3.46
23957286,3.15
23957288,1.10
23957290,2.89
23957292,1.57
23957294,1.53
23957296,1.60
23957298,1.25
23957300,2.21
23957302,2.40
23957304,3.16
23957306,2.93
23957308,3.19
23957310,1.28
23957312,2.81
23957314,3.15
23957316,3.28
23957318,3.14
23957320,2.33
23957322,2.02
23957324,1.92
23957326,1.56
23957328,2.98
23957330,1.67
23957332,3.20
23957334,2.93
23957336,1.59
23957338,1.62
23957340,2.48
23957342,2.44
23957344,1.69
23957346,2.92
23957348,2.73
23957350,1.73
23957352,2.94
23957354,1.89
23957356,1.87
23957358,1.77
23957360,2.53
23957362,2.43
23957364,2.13
23957366,2.86
23957368,2.11
23957370,1.76
23957372,1.88
23957374,2.70
23957376,2.29
23957378,2.14
23957380,2.17
23957382,2.73
23957384,2.11
23957386,1.76
23957390,0.63
23957392,0.62
23957396,0.62
23957398,0.76
23957400,1.43
23957406,1.47
23957408,1.55
23957412,1.44
23957414,1.17
23957416,0.66
23957418,0.79
23957424,0.81
23957432,0.71
23957434,0.78
23957436,0.65
23957442,1.46
23957444,1.07
23957448,1.05
23957450,1.53
23957452,1.04
23957454,1.21
23957456,1.23
23957458,1.45
23957460,1.25
23957466,1.43
23957474,1.69
23957488,1.71
23957490,0.62
23957494,1.16
23957500,0.63
23957502,0.62
23957524,0.66
23957598,3.07
23957600,0.63
23957602,0.62
23957646,0.65
23957668,0.65
23957836,1.17
23957838,1.16
23957978,0.69
23957980,0.67
23957984,0.68
23957986,0.74
23958034,0.75
23958036,0.74
23958040,0.81
23958044,0.73
23971183,0.81
23971193,0.83
23971801,0.82
23971805,0.85
23977614,0.68
23977830,0.63
23977880,0.55
23977882,0.56
23977884,0.57
23977886,0.55
23977888,0.57
23977890,0.55
23977892,0.55
23977894,0.54
23977908,0.57
23977910,0.57
23977912,0.62
23977914,0.61
23977918,0.56
23977920,0.57
23977922,0.55
23977924,0.64
23977930,0.57
23977932,0.52
23977948,0.58
23978030,0.91
23978046,1.21
23978048,1.08
23978050,1.26
23978052,1.30
23978056,0.93
23978074,1.07
23978082,0.73
23978084,0.92
23978094,1.30
23978116,1.29
23978150,1.22
23978364,0.72
23978366,0.75
23978420,0.69
23981639,0.47
23981641,0.47
23981651,0.46
24270130,0.74
24270132,0.76
24270134,0.76
24270136,0.77
24270138,0.79
24270140,0.81
24270142,0.82
24270144,0.84
24270148,0.85
24270150,0.86
24270152,0.86
24270154,0.85
24270156,0.84
24270158,0.87
24270160,0.95
24270162,1.01
24270164,1.05
24270166,1.13
24270168,1.27
24270170,0.85
24270172,0.86
24270174,0.88
24270176,0.99
24270178,0.94
24270180,0.96
24270182,0.80
24270184,0.89
24270186,0.94
24270188,0.74
24270190,0.75
24270192,0.75
24270194,0.75
24270196,0.75
24270198,0.75
24270200,0.75
24270202,0.75
24270204,0.76
24270206,0.76
24270208,0.76
24270210,0.77
24270212,0.79
24270214,0.79
24270218,0.75
24270220,0.74
24270222,0.75
24270224,0.74
24270226,0.75
24270228,0.75
24270230,0.76
24270232,0.76
24270234,0.80
24270236,0.79
24270238,0.76
24270240,0.76
24270242,0.75
24270244,0.75
24270246,0.77
24270248,0.77
24270250,0.77
24270252,0.76
24270254,0.76
24270256,0.76
24270258,0.76
24270260,0.75
24270262,0.75
24270264,0.74
24270266,0.74
24270268,0.73
24270270,0.73
24270272,0.75
24270274,0.77
24270276,0.77
24270278,0.78
24270280,0.97
24270282,0.98
24270820,1.02
24270838,0.94
24270854,0.90
24270864,1.22
24270866,0.74
24270872,0.95
24270874,1.23
24270876,0.91
24270880,0.90
24270888,0.89
24270890,0.76
24270892,0.76
24270898,0.74
24270906,1.20
24270908,0.83
24270914,0.78
24270918,0.99
24270920,0.75
24270924,0.86
24270926,0.86
24270930,0.87
24270932,0.85
24270936,1.01
24270938,0.85
24270942,0.76
24270948,1.14
24270950,0.78
24270952,0.76
24270954,0.83
24270956,0.85
24270958,0.77
24270960,0.76
24270962,0.78
24270964,0.76
24270966,0.93
24270968,0.77
24270970,0.76
24270972,0.85
24270974,1.10
24270980,0.84
24270984,0.83
24270986,0.82
24270990,0.81
24270992,0.81
24270994,0.77
24270996,0.76
24270998,0.87
24271000,0.77
24271004,0.75
24271008,0.75
24271010,0.80
24271012,0.78
24271014,1.14
24271016,1.07
24271018,1.00
24271020,0.85
24271022,1.11
24271024,0.90
24271026,0.76
24271028,1.02
24271030,0.94
24271034,0.99
24271038,0.86
24271040,1.07
24271042,0.84
24271044,0.78
24271046,0.87
24271048,1.04
24271114,0.97
24271116,1.25
24271118,0.93
24271124,0.78
24271126,0.76
24271128,0.77
24271130,0.77
24271132,0.81
24271134,0.78
24271314,0.81
24271316,0.88
24271318,0.85
24271330,0.82
24271332,0.81
24271340,0.79
24271342,0.79
24271346,0.79
24271368,0.75
24271370,0.80
24271374,0.81
24271442,0.98
24271444,0.95
24271446,0.96
24271478,0.73
24271482,0.73
24271544,0.84
24271556,0.84
24274315,0.55
24274317,0.56
24274319,0.57
24274321,0.57
24274323,0.56
24274333,0.65
24274335,0.61
24274337,0.63
24274339,0.60
24274341,0.63
24274343,0.60
24274345,0.60
24274347,0.61
24274349,0.61
24274351,0.62
24274353,0.62
24274355,0.63
24274357,0.58
24274359,0.63
24274891,0.67
24274893,0.76
24274895,0.86
24274947,0.58
24274949,0.58
24274951,0.57
24275053,0.91
24275055,1.02
24275065,0.81
24275073,0.99
24275081,0.93
24275115,0.65
24275137,0.63
24275141,0.67
24275151,0.73
24275153,0.61
24275159,0.72
24275183,0.57
24275359,0.59
24275413,0.77
24275415,0.75
24275419,0.68
24275423,0.63
24275425,0.65
24275427,0.77
24275555,0.57
24275695,0.59
24275697,0.58
24279018,0.53
24279020,0.53
24279022,0.53
24279024,0.53
24279026,0.52
24279028,0.52
24279030,0.53
24279032,0.53
24279034,0.52
24279036,0.53
24279038,0.52
24279040,0.52
24279042,0.53
24279044,0.53
24279046,0.53
24279048,0.53
24279050,0.52
24279052,0.52
24279054,0.52
24279056,0.52
24279182,0.64
24279184,0.70
24279186,0.67
24279188,0.65
24279190,0.58
24279192,0.53
24279194,0.77
24279196,0.65
24279198,0.85
24279200,0.65
24279202,0.53
24279206,0.71
24279208,0.63
24279210,0.63
24279214,0.63
24279216,0.62
24279218,0.56
24279220,0.63
24279222,0.61
24279224,0.61
24279226,0.60
24279228,0.55
24279230,0.54
24279232,0.58
24279238,0.59
24279240,0.59
24279242,0.56
24279244,0.54
24279246,0.58
24279252,0.59
24279254,0.56
24279260,0.53
24279262,0.56
24279268,0.57
24279270,0.59
24279276,0.52
24279278,0.52
24279280,0.52
24279290,0.58
24279292,0.55
24279296,0.55
24279300,0.56
24279302,0.58
24279306,0.55
24279308,0.54
24279316,0.57
24279318,0.56
24279320,0.54
24279328,0.54
24279336,0.56
24279338,0.58
24279344,0.58
24279346,0.58
24279348,0.53
24279350,0.61
24279370,0.58
24279380,0.61
24279382,0.55
24279384,0.55
24279386,0.54
24279402,0.54
24279404,0.59
24279416,0.56
24279418,0.53
24279432,0.53
24279434,0.53
24279436,0.54
24279438,0.55
24279442,0.53
24279444,0.55
24279446,0.54
24279460,0.54
24279462,0.53
24279468,0.53
24279472,0.53
24279490,0.54
24279510,0.56
24279576,0.54
24279578,0.54
24279580,0.57
24279582,0.58
24279584,0.56
24279586,0.55
24279588,0.55
24279590,0.55
24279592,0.55
24279594,0.56
24279596,0.57
24279598,0.56
24279600,0.55
24279602,0.55
24279604,0.54
24279606,0.56
24279608,0.55
24279610,0.54
24279612,0.53
24279614,0.52
24279616,0.62
24279618,0.64
24279620,0.70
24279622,0.75
24279624,0.57
24279626,0.57
24279630,0.55
24279632,0.52
24279634,0.52
24279636,0.55
24279638,0.57
24279640,0.53
24279642,0.55
24279644,0.55
24279648,0.53
24279652,0.53
24279654,0.54
24279664,0.52
24279666,0.53
24279678,0.60
24279680,0.66
24279682,0.54
24279684,0.76
24279704,0.53
24279888,0.54
24279890,0.57
24281956,0.59
24281958,0.59
24281960,0.59
24281962,0.59
24282420,0.49
24282852,0.58
24282854,0.58
24282978,0.59
24285484,1.09
24285488,1.09
24285490,1.09
24285506,1.21
24285516,1.28
24285518,1.27
24285522,1.30
24285538,1.42
24285540,1.37
24285544,1.39
24285546,1.45
24285548,1.46
24285552,1.46
24285560,1.51
24285562,2.00
24285564,1.47
24285588,1.81
24285590,1.82
24285594,1.89
24285606,2.14
24285608,2.38
24285614,2.37
24285632,1.37
24285646,1.59
24285648,1.47
24285672,1.37
24285676,1.77
24285860,2.12
24285862,1.22
24287100,0.85
24288190,1.03
24538394,1.08
24538568,1.38
24538572,1.39
24538578,1.36
24538680,0.92
947110136,0.49
947110137,0.47
947110138,0.47
947110163,0.56
947110164,0.59
947110165,0.57
947110240,0.73
947110242,0.73
23989123,1.32
23989197,1.39
23989223,1.35
24282946,1.09
24282956,1.09
24285486,1.84
24285492,1.80
24285494,1.89
24285496,1.99
24285498,1.92
24285500,1.93
24285502,1.97
24285504,2.05
24285508,2.23
24285510,2.32
24285512,2.46
24285514,2.34
24285520,2.61
24285524,2.99
24285526,3.14
24285528,3.23
24285530,3.27
24285532,3.27
24285534,3.30
24285536,3.30
24285542,3.29
24285550,3.05
24285554,3.13
24285556,3.00
24285558,3.58
24285566,3.48
24285568,1.91
24285570,1.93
24285572,2.09
24285574,2.33
24285576,2.41
24285578,2.57
24285580,2.65
24285582,2.68
24285584,2.77
24285586,2.98
24285592,3.20
24285596,3.31
24285598,3.39
24285600,3.44
24285602,3.48
24285604,3.58
24285610,3.62
24285612,3.35
24285616,3.97
24285618,2.73
24285620,2.82
24285622,3.24
24285624,2.30
24285626,2.38
24285628,3.59
24285630,3.62
24285634,3.15
24285636,3.24
24285638,3.24
24285640,3.34
24285642,3.36
24285644,2.90
24285650,3.50
24285652,3.32
24285654,3.56
24285656,3.36
24285658,3.65
24285660,3.59
24285662,3.39
24285664,3.51
24285666,3.52
24285668,3.30
24285670,3.49
24285674,3.34
24285678,3.00
24285680,3.06
24285682,3.18
24285684,2.85
24285686,3.48
24285688,3.31
24285690,3.43
24285692,3.30
24285694,3.27
24285696,3.31
24285698,3.33
24285700,3.27
24285702,3.86
24285704,3.36
24285706,3.05
24285708,3.28
24285710,3.30
24285712,2.77
24285714,3.97
24285716,3.24
24285718,3.04
24285720,3.16
24285722,3.09
24285724,3.23
24285726,3.48
24285728,3.31
24285730,3.10
24285732,2.88
24285734,3.50
24285736,3.21
24285738,2.97
24285740,2.64
24285742,2.42
24285744,2.51
24285746,2.49
24285748,2.57
24285750,2.63
24285752,3.04
24285754,2.90
24285756,2.77
24285758,2.83
24285760,3.46
24285762,2.97
24285764,3.25
24285766,2.43
24285768,2.41
24285770,2.39
24285772,2.84
24285774,2.96
24285776,2.30
24285778,2.70
24285780,2.45
24285782,3.27
24285784,2.15
24285786,2.25
24285788,2.33
24285790,2.87
24285792,2.54
24285794,3.24
24285796,2.37
24285798,2.24
24285800,2.74
24285802,2.90
24285804,2.69
24285806,2.08
24285808,2.29
24285810,2.44
24285812,2.62
24285814,2.82
24285816,2.18
24285818,2.52
24285820,2.28
24285822,2.46
24285824,3.14
24285826,2.12
24285828,2.05
24285830,2.03
24285832,2.29
24285836,2.00
24285838,2.03
24285842,2.19
24285846,1.74
24285848,2.64
24285850,2.95
24285852,3.11
24285854,3.24
24285856,3.28
24285858,3.24
24285866,1.97
24285868,1.96
24285876,1.85
24286784,0.68
24286786,0.81
24286788,0.87
24286790,0.91
24286792,0.91
24286794,0.90
24286796,0.78
24286798,0.78
24286800,0.76
24286804,0.95
24286806,0.94
24286808,0.95
24286810,0.93
24286812,0.96
24286814,0.95
24286816,0.89
24286818,0.87
24286820,0.85
24286822,0.76
24286824,0.74
24286826,0.75
24286828,0.74
24286832,1.06
24286834,1.04
24286836,1.07
24286838,1.13
24286840,0.97
24286842,0.90
24286844,1.13
24286846,1.19
24286848,1.20
24286850,1.33
24286852,1.48
24286854,1.66
24286856,1.65
24286858,1.58
24286860,1.46
24286862,1.05
24286864,1.24
24286866,1.28
24286868,1.50
24286870,1.42
24286872,1.70
24286874,1.76
24286876,1.78
24286878,1.77
24286880,1.77
24286882,1.78
24286884,1.78
24286886,1.78
24286888,1.79
24286890,1.78
24286892,1.70
24286894,1.57
24286896,1.71
24286898,1.70
24286900,1.75
24286902,1.89
24286904,1.80
24286906,1.81
24286908,1.81
24286910,1.81
24286912,1.82
24286914,1.99
24286916,2.25
24286920,1.35
24286922,1.21
24286924,1.30
24286926,1.35
24286928,1.30
24286930,1.19
24286932,1.17
24286934,1.18
24286936,1.20
24287044,1.23
24287046,1.27
24287048,1.27
24287092,1.27
24287094,1.27
24287096,1.26
24287098,1.33
24287102,1.81
24287104,1.76
24287106,1.73
24287108,1.74
24287110,1.70
24287152,1.75
24287154,1.92
24287156,2.01
24287158,2.11
24287160,2.08
24287162,2.18
24287164,2.08
24287166,2.05
24287168,2.15
24287172,2.09
24287174,1.95
24287188,1.47
24287190,1.45
24287192,1.38
24287194,1.36
24287196,1.35
24287198,1.34
24287200,1.34
24287202,1.33
24287204,1.32
24287206,1.33
24287208,1.34
24287210,1.34
24287212,1.34
24287214,1.34
24287216,1.36
24287218,1.40
24287220,1.47
24287222,1.55
24287240,1.40
24287242,1.42
24287244,1.43
24287246,1.51
24287248,1.59
24287250,1.67
24287252,1.58
24287254,1.57
24287256,1.65
24287258,1.69
24287260,1.68
24287262,1.65
24287264,1.61
24287266,1.54
24287268,1.48
24287270,1.53
24287272,1.64
24287274,1.81
24287276,1.92
24287278,1.80
24287280,1.67
24287282,1.34
24287284,1.35
24287286,1.18
24287288,1.16
24287290,1.17
24287292,1.17
24287308,1.16
24287310,1.12
24287312,1.00
24287314,0.95
24287316,0.93
24287318,0.89
24287320,0.82
24287322,0.79
24287330,0.79
24287332,0.71
24287334,0.68
24287336,0.64
24287338,0.61
24287340,0.58
24287374,1.60
24287376,1.51
24287392,0.74
24287394,1.17
24287396,1.37
24287398,1.42
24287400,1.35
24287404,1.30
24287406,1.31
24287408,1.27
24287410,1.24
24287412,1.29
24287414,0.83
24287416,1.43
24287418,1.39
24287420,1.49
24287422,1.45
24287424,0.77
24287426,1.38
24287430,1.30
24287432,1.26
24287434,1.63
24287436,1.22
24287438,0.79
24287440,1.68
24287442,1.46
24287444,0.58
24287446,1.10
24287448,0.82
24287450,1.69
24287452,0.81
24287454,0.85
24287456,1.07
24287458,1.57
24287460,0.60
24287462,0.73
24287464,0.74
24287466,0.80
24287468,0.72
24287470,0.82
24287472,0.83
24287474,1.71
24287476,0.84
24287478,1.75
24287482,1.30
24287484,1.19
24287486,0.64
24287488,1.66
24287490,1.32
24287492,1.67
24287494,0.66
24287496,0.68
24287502,0.68
24287506,0.97
24287508,0.96
24287512,1.85
24287514,1.82
24287526,0.86
24287528,0.77
24287530,0.87
24287532,0.84
24287534,1.83
24287536,0.72
24287538,1.79
24287540,0.80
24287542,0.90
24287544,0.75
24287548,0.84
24287558,1.79
24287562,1.80
24287564,1.68
24287566,0.84
24287568,1.77
24287570,1.46
24287574,0.73
24287578,1.38
24287580,0.79
24287582,1.91
24287584,0.88
24287588,0.79
24287604,1.77
24287610,1.79
24287612,2.18
24287618,1.67
24287622,1.78
24287634,0.95
24287640,1.77
24287666,0.95
24287686,1.79
24287708,0.95
24287740,1.40
24287772,0.94
24287808,1.11
24287814,1.37
24287822,1.13
24287824,1.14
24287826,1.13
24287832,1.15
24287834,1.10
24287842,1.15
24287844,1.17
24287846,1.88
24287858,1.21
24287860,1.49
24287862,1.21
24287866,1.21
24287872,1.22
24287882,1.23
24287884,2.14
24287892,1.26
24287894,1.22
24287904,1.36
24287906,1.34
24287920,1.37
24287926,1.42
24287928,1.42
24287930,2.23
24287936,1.46
24287944,1.53
24287968,1.55
24287974,1.57
24287976,1.59
24287978,1.59
24287984,1.60
24287986,1.60
24287988,1.59
24287990,1.58
24287992,1.48
24287994,1.63
24287998,1.65
24288002,1.63
24288004,1.52
24288008,2.34
24288010,2.28
24288012,1.63
24288016,2.68
24288018,1.64
24288022,1.47
24288024,2.04
24288028,1.58
24288032,1.69
24288034,2.20
24288036,1.96
24288046,1.42
24288050,2.43
24288054,1.69
24288058,1.36
24288064,1.69
24288068,1.67
24288072,1.36
24288074,1.73
24288076,1.71
24288078,2.28
24288084,1.70
24288088,2.18
24288090,1.36
24288094,2.57
24288102,1.70
24288106,1.76
24288108,1.37
24288110,1.74
24288114,1.69
24288116,1.69
24288118,2.32
24288120,1.77
24288124,1.77
24288126,2.45
24288128,1.71
24288132,1.71
24288140,1.61
24288142,1.83
24288144,1.66
24288158,1.51
24288230,1.71
24288232,1.47
24288234,1.36
24288274,1.50
947110198,0.93
23988945,0.44
23988947,0.44
23988949,0.47
23988951,0.57
23988953,0.60
23988955,0.60
23988957,0.67
23988959,0.68
23988961,0.69
23988963,0.73
23988965,0.74
23988967,0.72
23988969,0.70
23988971,0.63
23988973,0.61
23988975,0.62
23988979,0.55
23988981,0.63
23988983,0.68
23988991,0.71
23988993,0.72
23988995,0.73
23988997,0.75
23988999,0.75
23989001,0.76
23989003,0.69
23989005,0.55
23989007,0.60
23989011,0.76
23989013,0.75
23989015,0.75
23989017,0.81
23989029,0.89
23989031,0.93
23989033,0.97
23989035,0.96
23989037,0.95
23989039,0.95
23989051,0.95
23989053,0.98
23989055,0.96
23989057,0.97
23989059,1.02
23989061,1.12
23989063,1.12
23989065,1.24
23989067,1.05
23989069,0.96
23989071,0.93
23989075,1.06
23989079,1.11
23989081,1.15
23989083,1.25
23989085,1.16
23989087,1.13
23989089,1.12
23989091,1.20
23989095,1.41
23989097,1.38
23989113,1.42
23989115,1.44
23989117,1.43
23989119,1.40
23989121,1.35
23989125,1.24
23989127,1.18
23989129,1.18
23989131,1.18
23989133,1.21
23989135,1.22
23989137,1.26
23989141,1.15
23989153,1.18
23989155,1.17
23989157,1.17
23989159,1.20
23989161,1.18
23989165,1.08
23989167,1.10
23989171,1.19
23989173,1.18
23989177,1.28
23989179,1.26
23989181,1.28
23989185,1.28
23989195,1.33
23989199,1.43
23989201,1.42
23989203,1.39
23989205,1.41
23989209,1.28
23989211,1.25
23989215,1.23
23989219,1.34
23989221,1.36
23989225,1.37
23989241,1.36
23989243,1.36
23989257,1.35
23989259,1.34
23989261,1.35
23989263,1.37
23989265,1.37
23989267,1.43
23989269,1.48
23989271,1.53
23989273,1.57
23989275,1.61
23989277,1.66
23989279,1.68
23989281,1.76
23989285,1.38
23989299,1.46
23989301,1.51
23989303,1.43
23989305,1.43
23989307,1.43
23989309,1.51
23989317,1.54
23989323,1.38
23989331,1.34
23989335,1.45
23989337,1.46
23989353,1.42
23989355,1.50
23989357,1.69
23989359,1.79
23989361,1.87
23989363,1.73
23989367,1.79
23989369,1.85
23989371,1.44
23989377,1.29
23989379,1.26
23989381,1.26
23989387,1.24
23989417,1.20
23989423,1.13
23989425,1.13
23989429,1.09
23989441,1.14
23989443,1.12
23989445,1.11
23989447,1.07
23989459,1.04
23989467,1.04
23989469,1.03
23989471,1.05
23989473,1.02
23989475,1.02
23989477,1.00
23989479,1.00
23989481,0.99
23989483,0.96
23989485,0.95
23989487,0.95
23989489,0.95
23989491,0.95
23989497,1.01
23989509,0.96
23989513,0.95
23989521,0.92
23989553,0.83
23989555,0.75
23989559,0.63
23989561,0.63
23989563,0.60
23989565,0.62
23989567,0.63
23989569,0.64
23989571,0.64
23989573,0.64
23989577,0.58
23989579,0.55
23989581,0.54
23989583,0.51
23989585,0.48
23989587,0.47
23989589,0.46
23989591,0.47
23989601,0.47
23989611,0.47
23989613,0.48
23989615,0.47
23989617,0.44
23989621,0.44
23989623,0.41
23989625,0.42
23989627,0.42
23989629,0.44
23989631,0.45
23989633,0.47
23989643,0.50
23989645,0.52
23989647,0.52
23989649,0.53
23989651,0.61
23989657,0.54
23989659,0.54
23989661,0.54
23989663,0.55
23989665,0.55
23989667,0.55
23989669,0.55
23989671,0.54
23989673,0.54
23989675,0.54
23989677,0.54
23989679,0.54
23989681,0.54
23989683,0.56
23989685,0.56
23989687,0.57
23989689,0.57
23989691,0.54
23989693,0.54
23989695,0.54
23989697,0.52
23989699,0.51
23989701,0.51
23989713,1.30
23989723,1.07
23989725,1.03
23989729,1.02
23989731,1.08
23989735,1.07
23989741,0.45
23989747,0.42
23989753,0.45
23989755,0.46
23989757,0.48
23989759,0.48
23989761,0.51
23989763,0.57
23989765,0.58
23989767,0.49
23989775,0.46
23989781,0.43
23989783,0.42
23989785,0.43
23989787,0.46
23989789,0.57
23989791,0.59
23989793,0.64
23989795,0.58
23989803,0.95
23989805,0.58
23989807,0.55
23989809,0.55
23989811,0.45
23989813,0.46
23989815,0.46
23989817,0.44
23989819,0.45
23989821,0.45
23989823,0.45
23989825,0.44
23989827,0.44
23989829,0.45
23989831,0.44
23989835,0.44
23989837,0.42
23989839,0.42
23989851,0.54
23989857,0.54
23989865,0.54
23989867,0.53
23989871,0.57
23989873,0.70
23989875,0.53
23989877,0.54
23989881,0.57
23989883,0.57
23989885,0.57
23989887,0.54
23989889,0.58
23989891,0.62
23989893,0.52
23989895,0.67
23989897,0.70
23989899,0.54
23989901,0.59
23989903,0.58
23989905,0.50
23989907,0.66
23989911,0.61
23989913,0.68
23989917,0.58
23989919,0.64
23989921,0.64
23989925,0.64
23989927,0.60
23989929,0.62
23989931,0.60
23989933,0.59
23989935,0.70
23989937,0.47
23989941,0.44
23989943,0.47
23989951,0.47
23989953,0.41
23989955,0.42
23989957,0.42
23989959,0.41
23989961,0.45
23989965,0.42
23989967,0.42
23989969,0.42
23989971,0.51
23989975,0.42
23989977,0.41
23989979,0.42
23989983,0.41
23989985,0.47
23989987,0.50
23989989,0.48
23989991,0.48
23989993,0.51
23989995,0.48
23989999,0.48
23990001,0.48
23990005,0.53
23990009,0.51
23990011,0.53
23990013,0.53
23990015,0.49
23990017,0.51
23990023,0.53
23990025,0.53
23990033,0.52
23990035,0.52
23990039,0.44
23990041,0.55
23990103,0.73
23990111,0.73
23990121,0.75
23990139,0.62
23990195,0.80
23990199,0.83
23990255,1.07
23990309,1.20
23990329,1.43
23990331,1.41
23990347,1.40
23990367,1.35
23990467,1.27
23990469,1.39
23990471,1.57
23990483,1.64
23990525,1.34
23990545,1.22
23990713,0.96
23990787,0.57
23990789,0.57
23990791,0.55
23990793,0.56
23990803,0.54
23990805,0.55
23990807,0.51
23990813,0.56
23990825,0.51
23990827,0.55
23990835,1.10
23990839,0.82
23990855,1.51
23990871,0.57
23990891,1.58
23991065,0.55
23991093,0.54
24287176,1.90
24287178,1.85
24287180,1.85
24287182,1.85
24287184,1.85
24287186,1.69
24287590,1.40
24287592,1.46
24287594,1.43
24287600,1.79
24287606,1.79
24287608,0.94
24287614,1.85
24287616,1.91
24287620,2.09
24287624,0.93
24287630,1.63
24287648,1.77
24287652,1.79
24287654,0.95
24287656,0.96
24287662,0.94
24287680,1.37
24287682,1.55
24287690,1.30
24287696,1.74
24287698,1.56
24287700,1.75
24287702,1.34
24287710,0.96
24287730,0.97
24287816,1.27
24287818,1.12
24287830,1.10
24287848,1.18
24287850,2.03
24287852,1.22
24287864,1.26
24287868,1.55
24287870,1.28
24287874,1.78
24287878,1.16
24287886,2.19
24287900,1.28
24287902,1.28
24287908,1.37
24287910,1.36
24287914,2.02
24287922,1.43
24287932,1.51
24287940,1.46
24287942,1.51
24287946,1.53
24287952,1.52
24287954,1.52
24287956,1.51
24287960,1.56
24287972,1.57
24287980,2.43
24287982,1.56
24287996,1.62
24288000,2.73
24288006,1.53
24288014,2.29
24288020,2.04
24288026,1.53
24288030,1.68
24288038,1.65
24288040,1.70
24288044,2.44
24288048,1.37
24288052,1.40
24288056,1.73
24288060,2.46
24288062,2.61
24288066,1.66
24288070,1.69
24288080,2.55
24288082,1.66
24288086,1.75
24288092,1.33
24288096,1.74
24288100,1.69
24288104,1.76
24288122,1.69
24288130,1.69
24288134,2.20
24288136,1.32
24288138,1.60
24288146,1.60
24288148,1.79
24288150,2.24
24288152,1.46
24288154,1.49
24288156,1.55
24288160,2.32
24288162,1.42
24288164,2.19
24288166,1.34
24288168,1.66
24288170,1.46
24288172,1.80
24288174,1.88
24288176,1.82
24288178,1.44
24288180,1.35
24288182,2.21
24288184,1.34
24288186,1.90
24288188,1.79
24288192,1.92
24288194,1.86
24288196,1.59
24288198,1.38
24288200,1.74
24288204,1.42
24288210,1.47
24288212,1.49
24288214,2.01
24288216,2.05
24288218,1.94
24288220,1.97
24288222,1.76
24288226,2.57
24288228,1.52
24288270,1.54
24288272,1.54
24288276,1.51
24288282,2.06
24288284,1.34
24288290,1.35
23989365,1.68
23989419,1.24
23989431,1.10
23989433,1.09
23989435,1.10
23989437,1.10
23989439,1.09
23989451,1.09
23989453,1.09
23989455,1.09
23989457,1.08
23989493,0.94
23989499,1.00
23989501,0.98
23989503,0.99
23989505,0.99
23989523,0.96
23989525,0.95
23989527,0.94
23989529,0.93
23989531,0.93
23989533,0.92
23989535,0.92
23989537,0.91
23989539,0.91
23989541,0.93
23989543,0.93
23989545,0.91
23989547,0.91
23989549,0.91
23989551,0.87
23989575,0.64
23989593,0.47
23989595,0.47
23989597,0.47
23989599,0.47
23989603,0.47
23989605,0.47
23989607,0.47
23989619,0.44
23989635,0.48
23989637,0.48
23989639,0.49
23989641,0.49
23989653,0.56
23989655,0.55
23989739,0.47
23989749,0.41
23989751,0.44
23989779,0.44
23989799,0.44
23989833,0.42
23989853,0.55
23989855,0.71
23989859,0.71
23989861,0.57
23989863,0.54
23989869,0.57
23989879,0.61
23989909,0.58
23989915,0.70
23989923,0.64
23989939,0.46
23989949,0.47
23989963,0.41
23990003,0.44
23990019,0.50
23990021,0.51
23990043,0.54
23990045,0.45
23990047,0.55
23990049,0.55
23990053,0.52
23990055,0.46
23990063,0.55
23990065,0.46
23990067,0.48
23990081,0.50
23990085,0.70
23990087,0.65
23990089,0.71
23990091,0.72
23990093,0.68
23990095,0.54
23990097,0.67
23990099,0.56
23990101,0.69
23990105,0.75
23990107,0.50
23990109,0.54
23990113,0.75
23990115,0.53
23990117,0.74
23990119,0.55
23990123,0.75
23990127,0.56
23990129,0.64
23990131,0.73
23990133,0.64
23990135,0.62
23990137,0.56
23990141,0.63
23990143,0.61
23990147,0.62
23990149,0.73
23990151,0.63
23990153,0.62
23990155,0.59
23990157,0.61
23990159,0.63
23990161,0.63
23990171,0.72
23990177,0.77
23990181,0.80
23990183,0.77
23990193,0.95
23990197,0.82
23990201,0.94
23990203,0.94
23990205,0.95
23990207,0.92
23990209,0.94
23990211,0.98
23990215,0.98
23990217,1.03
23990219,1.10
23990221,0.86
23990223,1.03
23990225,1.04
23990227,0.97
23990229,1.07
23990231,1.11
23990233,1.01
23990235,1.02
23990237,1.14
23990239,1.08
23990241,1.03
23990243,1.19
23990245,1.06
23990247,1.08
23990249,1.08
23990251,1.17
23990253,1.06
23990265,1.26
23990267,1.07
23990271,1.16
23990273,1.13
23990275,1.10
23990307,1.44
23990315,1.36
23990317,1.22
23990319,1.36
23990325,1.30
23990327,1.41
23990333,1.33
23990335,1.39
23990339,1.40
23990341,1.40
23990345,1.21
23990349,1.41
23990351,1.39
23990355,1.19
23990361,1.37
23990365,0.93
23990369,0.92
23990371,0.92
23990377,1.32
23990385,1.09
23990391,1.06
23990399,1.35
23990407,1.09
23990409,1.11
23990417,1.04
23990419,1.22
23990421,1.07
23990423,1.08
23990435,1.39
23990447,1.38
23990449,1.37
23990457,1.24
23990461,1.25
23990463,1.51
23990465,1.41
23990473,1.25
23990475,1.38
23990477,1.25
23990479,1.70
23990485,1.54
23990487,1.59
23990489,1.67
23990491,1.26
23990493,1.44
23990495,1.45
23990497,1.23
23990499,1.67
23990501,1.36
23990503,1.07
23990505,1.59
23990507,1.70
23990509,1.59
23990511,1.68
23990513,1.65
23990515,1.62
23990517,1.48
23990519,1.66
23990521,1.59
23990523,1.33
23990527,1.35
23990533,1.27
23990535,1.24
23990537,1.26
23990539,0.94
23990541,0.94
23990547,1.57
23990549,0.94
23990553,1.53
23990569,1.12
23990575,1.00
23990583,0.95
23990585,0.94
23990589,1.31
23990591,0.95
23990593,0.95
23990595,0.94
23990597,0.92
23990599,0.93
23990601,0.92
23990611,1.29
23990629,1.41
23990631,0.99
23990633,1.37
23990647,1.47
23990649,1.52
23990665,1.45
23990667,0.96
23990679,1.20
23990691,1.38
23990693,0.94
23990695,0.95
23990697,1.42
23990699,1.35
23990701,1.53
23990703,1.69
23990705,1.41
23990717,1.70
23990719,1.24
23990721,1.94
23990735,1.69
23990737,1.83
23990741,1.29
23990743,1.36
23990747,1.46
23990749,1.57
23990751,1.30
23990753,1.30
23990755,1.30
23990759,1.36
23990761,1.58
23990763,1.39
23990765,1.06
23990767,1.33
23990771,1.46
23990783,1.17
23990785,1.12
23990795,0.57
23990797,0.57
23990799,0.66
23990801,0.47
23990809,0.43
23990811,0.43
23990815,0.46
23990819,0.47
23990823,0.50
23990829,1.37
23990831,1.12
23990833,1.13
23990849,1.61
23990851,1.66
23990865,0.52
23990867,0.52
23990869,0.54
23990873,0.57
23990875,0.54
23990877,0.54
23990879,0.57
23990881,0.57
23990883,0.54
23990895,0.50
23990897,0.96
23990899,0.43
23990901,0.51
23990903,0.57
23990905,0.43
23990953,1.32
23990955,1.27
23990957,0.92
23991063,0.56
23991083,0.57
23991085,0.57
23991087,0.57
23991173,0.57
23991189,0.54
23991199,0.55
23991283,0.44
23997018,0.99
23997020,0.95
23997024,0.99
23997026,0.98
23997028,0.98
23997030,0.98
23997032,0.98
23997036,1.03
23997038,1.02
23997040,1.02
23997042,1.01
23997044,1.04
23997046,1.09
23997048,1.13
23997050,1.13
23997052,1.16
23997054,1.18
23997056,1.23
23997064,1.31
23997066,1.36
23997068,1.37
23997070,1.38
23997072,1.38
23997074,1.39
23997076,1.41
23997078,1.43
23997080,1.50
23997082,1.46
23997084,1.46
23997086,1.46
23997088,1.52
23997090,1.47
23997092,1.53
23997094,1.57
23997096,1.65
23997100,1.67
23997102,1.71
23997104,1.71
23997106,1.77
23997108,1.79
23997110,1.78
23997126,1.80
23997128,1.81
23997130,1.83
23997132,1.86
23997134,1.89
23997136,1.93
23997138,2.04
23997140,2.07
23997142,2.18
23997144,2.23
23997146,2.29
23997150,1.77
23997152,1.92
23997154,2.11
23997156,2.47
23997160,1.74
23997162,1.70
23997164,1.71
23997166,1.69
23997168,1.71
23997170,1.69
23997172,1.73
23997174,1.82
23997176,1.70
23997178,1.65
23997180,1.59
23997182,1.59
23997184,1.61
23997186,1.65
23997188,1.71
23997190,1.72
23997192,1.87
23997194,1.87
23997196,1.90
23997198,1.97
23997202,2.44
23997204,1.93
23997206,2.02
23997208,2.12
23997210,2.17
23997212,2.22
23997214,2.37
23997216,2.47
23997218,2.61
23997220,2.74
23997222,2.84
23997224,2.84
23997226,2.33
23997228,2.30
23997230,2.43
23997232,2.72
23997234,1.99
23997236,2.06
23997238,2.05
23997240,2.07
23997242,1.77
23997244,1.91
23997246,1.62
23997248,1.59
23997250,1.60
23997252,1.69
23997254,1.76
23997256,1.83
23997258,0.94
23997260,0.94
23997262,0.92
23997264,1.10
23997266,0.92
23997268,0.75
23997270,0.83
23997272,1.21
23997274,1.59
23997276,1.81
23997278,0.76
23997280,0.72
23997282,0.84
23997284,1.00
23997286,1.03
23997288,1.07
23997290,1.10
23997292,1.21
23997294,1.54
23997296,1.44
23997298,1.59
23997300,1.72
23997302,1.73
23997304,0.69
23997306,0.65
23997308,0.69
23997310,0.74
23997346,0.47
23997356,0.44
23997366,0.44
23997384,1.02
23997390,0.70
23997398,0.86
23997402,0.93
23997420,1.30
23997428,1.79
23997432,1.80
23997434,1.80
23997436,1.58
23997452,1.97
23997474,1.75
23997476,1.51
23997480,1.68
23997502,0.51
23997504,0.43
23997506,0.44
23997522,0.41
23997524,0.41
23997536,0.88
23997538,0.95
23997550,0.94
23997562,0.75
23997564,0.90
23997566,1.05
23997568,1.16
23997582,0.50
23997584,0.60
23997586,2.57
23997618,1.47
23997624,1.43
23997626,1.41
23997664,1.70
23997666,0.92
23997690,0.55
23997704,1.87
23997706,0.83
23997724,1.77
23997726,1.89
23997738,1.64
23997768,1.02
23997780,0.48
23997826,1.24
23997830,1.01
23997834,0.87
23997840,1.64
23997842,0.65
23997846,0.82
23997850,1.67
23997854,1.70
23997864,0.77
23997874,1.44
23997876,1.85
23997994,1.05
24001087,1.71
24001165,1.91
947110182,0.98
947110183,0.97
947110185,0.97
947110188,0.93
947110189,0.95
947110238,0.47
947110239,0.47
23990363,1.35
23990853,1.49
23991285,0.44
23997022,0.96
23997034,0.99
23997058,1.19
23997060,1.25
23997062,1.29
23997112,1.80
23997114,1.78
23997116,1.78
23997118,1.76
23997120,1.74
23997122,1.74
23997124,1.76
23997148,1.74
23997158,1.74
23997200,2.18
23997312,0.84
23997314,1.14
23997316,0.57
23997318,0.52
23997320,0.57
23997322,0.56
23997324,0.70
23997326,0.94
23997328,1.23
23997330,0.48
23997332,0.46
23997334,0.46
23997336,0.45
23997338,0.46
23997340,0.46
23997342,0.43
23997344,0.43
23997348,0.48
23997350,0.48
23997352,0.50
23997354,0.57
23997358,0.43
23997360,0.45
23997362,0.43
23997364,0.43
23997368,0.44
23997370,0.44
23997372,0.52
23997374,0.54
23997376,0.55
23997378,0.56
23997380,0.56
23997382,0.62
23997386,0.56
23997388,0.57
23997392,0.81
23997394,0.83
23997396,0.85
23997400,0.86
23997404,1.03
23997406,1.03
23997408,1.09
23997410,1.16
23997412,1.27
23997414,1.28
23997416,1.28
23997418,1.30
23997422,1.50
23997424,1.70
23997426,1.77
23997430,1.79
23997438,1.82
23997440,1.88
23997442,1.35
23997444,1.54
23997446,1.67
23997448,1.77
23997450,1.87
23997454,0.87
23997456,0.95
23997458,1.01
23997460,1.03
23997462,1.06
23997464,1.13
23997466,1.19
23997468,1.23
23997470,1.35
23997472,1.42
23997478,1.56
23997482,1.77
23997484,1.99
23997486,2.16
23997488,2.25
23997490,1.24
23997492,1.45
23997494,0.59
23997496,0.48
23997498,0.56
23997500,0.49
23997508,0.43
23997510,0.57
23997512,0.43
23997514,0.42
23997516,0.43
23997518,0.43
23997520,0.50
23997526,0.40
23997528,0.67
23997530,0.72
23997532,0.73
23997534,0.80
23997540,1.00
23997542,1.03
23997544,0.61
23997546,0.71
23997548,0.84
23997552,1.08
23997554,1.20
23997556,1.26
23997558,0.76
23997560,0.75
23997570,0.57
23997572,0.40
23997574,0.43
23997576,0.44
23997578,0.53
23997580,0.50
23997588,1.61
23997590,1.72
23997592,1.89
23997594,0.99
23997596,1.08
23997598,1.26
23997602,1.82
23997604,2.00
23997606,1.28
23997608,1.31
23997610,1.40
23997612,1.44
23997614,1.41
23997616,1.53
23997620,1.70
23997622,1.48
23997628,1.37
23997630,0.71
23997632,0.95
23997634,0.95
23997636,0.48
23997638,1.03
23997640,1.10
23997642,0.44
23997644,0.42
23997650,0.85
23997652,1.23
23997654,0.82
23997656,0.85
23997658,1.16
23997660,0.84
23997662,1.81
23997668,1.48
23997670,0.43
23997674,1.78
23997676,1.55
23997678,0.42
23997680,0.42
23997682,0.44
23997686,0.97
23997692,0.65
23997694,1.04
23997696,0.77
23997700,0.42
23997702,1.69
23997708,1.74
23997710,1.59
23997712,1.76
23997714,0.44
23997716,1.81
23997718,1.75
23997720,1.02
23997722,0.46
23997728,1.80
23997730,0.89
23997732,0.92
23997734,0.60
23997736,1.84
23997740,1.77
23997742,0.42
23997744,0.62
23997746,1.80
23997748,0.43
23997750,1.83
23997752,1.82
23997754,1.83
23997756,0.46
23997758,1.81
23997760,1.82
23997762,1.84
23997764,0.44
23997766,1.87
23997770,1.83
23997772,1.79
23997774,1.54
23997776,1.87
23997778,1.87
23997782,2.13
23997784,1.29
23997786,0.50
23997788,0.50
23997790,2.01
23997792,2.02
23997794,1.79
23997796,0.51
23997798,1.80
23997800,0.48
23997802,0.53
23997804,0.70
23997806,2.16
23997808,0.65
23997810,0.85
23997814,0.66
23997818,0.77
23997820,1.75
23997822,0.64
23997824,1.71
23997828,1.75
23997832,2.05
23997836,1.86
23997844,0.78
23997848,1.49
23997852,0.76
23997856,1.72
23997858,1.86
23997860,1.73
23997862,1.59
23997866,0.71
23997868,0.86
23997870,0.90
23997872,0.74
23997878,0.78
23997880,1.61
23997882,0.85
23997884,1.50
23997886,0.97
23997888,0.98
23997890,0.76
23997892,0.90
23997894,1.02
23997896,1.65
23997898,0.84
23997900,0.82
23997902,1.61
23997904,1.61
23997906,1.07
23997908,2.00
23997910,0.96
23997914,1.59
23997918,2.24
23997920,0.95
23997922,1.55
23997924,1.01
23997926,1.25
23997928,1.10
23997930,1.37
23997932,1.17
23997934,1.60
23997936,1.03
23997938,1.07
23997940,1.04
23997942,1.77
23997944,1.73
23997946,1.16
23997948,0.82
23997950,1.09
23997952,2.01
23997954,1.16
23997956,1.80
23997958,1.10
23997960,1.66
23997962,1.29
23997964,1.19
23997966,1.30
23997968,1.29
23997970,1.30
23997972,1.32
23997974,1.26
23997976,1.66
23997978,1.32
23997982,1.32
23997984,1.28
23997986,1.89
23997988,1.32
23997990,1.13
23997992,1.36
23997996,1.41
23997998,1.00
23998000,1.56
23998002,1.71
23998004,1.26
23998006,1.38
23998008,1.70
23998010,1.18
23998012,1.78
23998014,1.81
23998016,1.35
23998018,1.73
23998020,1.17
23998022,1.80
23998024,1.77
23998026,1.86
23998028,1.63
23998030,1.88
23998032,1.92
23998034,1.89
23998036,1.95
23998038,1.62
23998040,1.94
23998042,1.96
23998044,1.94
23998046,1.91
23998048,1.98
23998050,1.91
23998052,2.37
23998054,1.84
23998056,2.17
23998058,2.10
23998060,1.98
23998062,1.96
23998064,2.23
23998066,2.26
23998068,1.98
23998070,2.23
23998072,2.17
23998074,2.46
23998078,2.62
23998080,2.22
23998084,2.22
23998086,2.82
23998088,2.18
23998090,2.64
23998092,2.16
23998094,2.83
23998096,2.25
23998098,2.31
23998100,3.04
23998102,2.29
23998104,2.55
23998106,1.78
23998108,1.76
23998110,1.74
23998112,1.74
23998114,0.95
23998116,0.97
23998118,1.04
23998122,1.37
23998124,1.46
23998128,1.76
23998222,0.98
23998234,0.95
23998236,0.95
23998242,0.98
23998246,0.98
23998286,1.40
23998304,1.33
23998324,0.83
24001027,1.76
24001029,1.80
24001031,
24001033,
24001035,1.90
24001037,1.97
24001039,1.94
24001041,2.02
24001043,2.03
24001045,1.93
24001047,1.87
24001049,1.80
24001051,
24001053,1.76
24001055,1.84
24001057,2.00
24001059,2.05
24001061,2.10
24001063,2.16
24001065,2.32
24001067,2.44
24001069,2.51
24001071,2.53
24001073,2.45
24001075,2.30
24001077,2.12
24001079,2.14
24001081,2.05
24001083,2.02
24001085,2.02
24001089,1.69
24001091,1.72
24001093,1.76
24001095,1.87
24001097,1.98
24001099,2.00
24001101,2.01
24001103,1.98
24001105,1.95
24001107,1.96
24001109,1.96
24001111,2.01
24001113,2.02
24001115,2.02
24001117,2.02
24001119,2.04
24001121,2.03
24001123,2.09
24001125,2.09
24001127,2.10
24001129,1.70
24001131,1.74
24001133,1.78
24001135,1.83
24001137,1.86
24001139,1.93
24001141,1.67
24001143,1.69
24001145,1.68
24001147,1.68
24001149,1.69
24001151,1.70
24001153,1.70
24001155,1.72
24001157,1.75
24001159,1.78
24001161,1.75
24001163,1.78
24001167,2.01
24001169,1.70
24001171,1.68
24001173,1.70
24001175,
24001177,1.65
24001179,
24001181,
24001183,1.72
24001185,1.75
24001187,1.75
24001189,1.82
24001191,1.89
24001193,1.99
24001195,1.75
24001197,1.75
24001199,1.74
24001201,1.80
24001203,1.66
24001205,1.66
24001207,1.61
24001209,1.60
24001211,1.58
24001213,1.60
24001215,1.71
24001217,1.76
24001219,1.83
24001221,1.96
24001223,1.52
24001225,1.39
24001227,1.39
24001229,1.52
24001231,1.60
24001233,1.74
24001235,1.30
24001237,1.20
24001239,1.14
24001241,1.16
24001243,1.26
24001245,1.35
24001247,1.42
24001263,1.14
24001265,1.13
24001267,1.06
24001269,0.97
24001271,1.01
24001275,1.26
24001317,2.15
24001331,2.54
24001333,1.82
24001343,2.16
24001345,1.77
24001347,2.34
24001351,2.31
24001375,1.84
24001387,1.87
24001389,1.82
24001395,1.99
24001417,2.04
24001425,2.10
24001437,1.83
24001449,1.62
24001459,2.03
24001477,1.74
24001479,1.55
24001485,1.57
24001545,1.31
24001585,2.02
24001589,2.17
24001617,2.09
23953839,0.46
23953855,0.49
23953893,0.60
23953897,0.54
23953903,0.53
23989077,1.08
23989745,0.43
23997980,1.68
23998076,1.98
23998082,2.19
23998284,1.45
24001249,1.47
24001251,1.63
24001253,1.66
24001255,1.63
24001257,1.70
24001259,1.79
24001261,1.78
24001273,1.12
24001277,1.33
24001279,2.14
24001281,2.00
24001283,2.06
24001285,2.21
24001287,1.45
24001289,1.36
24001291,1.42
24001293,1.49
24001295,1.80
24001297,1.95
24001299,
24001301,
24001303,1.94
24001305,2.03
24001307,2.19
24001309,2.36
24001311,2.10
24001313,1.84
24001315,2.45
24001319,2.22
24001321,2.39
24001323,1.91
24001325,2.07
24001327,1.91
24001329,2.59
24001335,2.58
24001337,2.16
24001339,1.91
24001341,2.41
24001349,1.77
24001353,1.92
24001355,2.33
24001357,2.41
24001359,1.79
24001361,1.85
24001363,1.74
24001365,1.79
24001367,1.98
24001369,1.69
24001371,1.68
24001373,2.17
24001377,1.71
24001379,1.92
24001381,1.71
24001383,1.70
24001385,1.74
24001391,1.77
24001393,1.97
24001397,2.07
24001399,2.01
24001401,1.78
24001403,1.77
24001405,1.99
24001407,1.99
24001409,1.74
24001411,2.02
24001413,1.95
24001415,1.92
24001419,1.94
24001421,1.76
24001423,2.00
24001427,1.77
24001429,1.66
24001431,2.08
24001433,2.02
24001435,1.86
24001439,1.70
24001441,1.63
24001443,2.02
24001445,1.67
24001447,1.79
24001451,1.91
24001453,1.39
24001455,2.03
24001457,1.78
24001461,1.46
24001463,1.85
24001465,2.09
24001467,1.80
24001471,1.79
24001473,1.81
24001475,2.04
24001483,1.46
24001487,1.81
24001489,1.33
24001491,1.65
24001493,2.10
24001497,2.13
24001499,1.78
24001501,1.20
24001503,1.22
24001505,1.10
24001507,1.54
24001509,1.02
24001511,1.36
24001513,1.30
24001515,1.78
24001517,1.00
24001519,1.10
24001521,1.23
24001523,1.09
24001525,1.39
24001527,1.29
24001529,1.05
24001531,1.16
24001533,1.93
24001535,1.16
24001537,1.29
24001539,1.28
24001541,1.71
24001543,1.08
24001547,1.25
24001549,1.03
24001551,1.27
24001553,1.05
24001555,1.34
24001557,1.47
24001559,1.34
24001561,1.26
24001563,1.17
24001565,1.20
24001567,1.82
24001569,2.27
24001571,1.86
24001573,2.25
24001575,2.26
24001577,1.96
24001579,2.28
24001581,2.06
24001583,2.05
24001587,1.98
24001591,1.95
24001593,1.96
24001595,1.99
24001597,2.04
24001599,1.97
24001601,1.97
24001603,1.91
24001605,1.90
24001607,1.79
24001609,1.93
24001611,1.90
24001613,1.99
24001615,2.04
24001619,2.04
24001621,2.13
24001623,1.60
24534588,0.75
24534614,0.54
947110266,0.52
