FEATUREID,AnAvPpt_in
23838910,92.55
23952584,49.77
23952586,50.36
23952588,49.68
23952590,49.57
23952592,47.52
23952594,47.48
23952596,46.27
23952598,54.08
23952600,49.80
23952602,54.73
23952604,47.97
23952606,47.64
23952608,48.36
23952610,48.76
23952612,56.38
23952614,57.57
23952616,82.25
23952618,60.82
23952620,67.99
23952622,71.84
23952624,72.18
23952626,79.48
23952628,81.58
23952630,86.62
23952632,87.95
23952634,81.35
23952636,85.34
23952638,87.61
23952640,88.87
23952642,90.08
23952644,91.79
23952646,84.69
23952648,86.22
23952650,87.34
23952652,94.13
23952654,87.28
23952656,89.08
23952658,90.92
23952660,92.70
23952662,97.75
23952664,99.42
23952666,103.89
23952668,105.84
23952670,106.21
23952672,83.50
23952674,93.67
23952676,104.67
23952678,86.10
23952680,93.92
23952682,77.49
23952684,78.89
23952686,80.42
23952688,81.23
23952690,82.88
23952692,83.27
23952694,82.49
23952696,85.28
23952698,89.57
23952700,83.38
23952702,99.97
23952704,101.78
23952706,102.00
23952708,104.08
23952710,107.32
23952712,110.10
23952714,120.48
23952716,94.22
23952718,101.64
23952720,117.80
23952722,94.01
23952724,112.14
23952726,112.70
23952728,76.67
23952730,78.30
23952732,106.51
23952734,51.97
23952738,50.88
23952740,50.78
23952742,50.84
23952746,50.35
23952748,55.49
23952750,53.72
23952752,57.09
23952754,50.67
23952756,52.41
23952758,52.84
23952762,49.57
23952766,49.48
23952776,55.43
23952780,84.31
23952786,65.90
23952790,88.57
23952792,100.52
23952794,87.03
23952796,97.77
23952798,85.12
23952800,86.25
23952802,47.22
23952804,92.55
23952806,90.05
23952808,88.22
23952810,79.22
23952812,57.62
23952814,90.47
23952816,87.62
23952820,77.87
23952822,102.91
23952824,80.87
23952826,93.49
23952828,90.79
23952830,104.00
23952832,86.82
23952834,101.83
23952836,85.62
23952838,97.69
23952840,89.44
23952842,105.94
23952844,69.35
23952846,96.92
23952848,91.99
23952850,95.78
23952852,106.85
23952854,104.76
23952856,87.96
23952858,77.49
23952860,88.34
23952862,87.10
23952864,110.94
23952866,87.43
23952868,79.84
23952870,87.94
23952872,90.40
23952874,97.81
23952876,112.33
23952878,87.01
23952880,92.25
23952882,98.96
23952884,86.35
23952886,110.92
23952888,80.27
23952890,62.08
23952892,98.46
23952894,104.64
23952898,97.13
23952900,105.66
23952902,104.23
23952904,97.33
23952906,86.18
23952908,108.17
23952910,112.00
23952912,109.94
23952914,114.58
23952916,108.38
23952918,103.81
23952920,99.43
23952922,100.25
23952924,114.23
23952926,88.03
23952928,89.84
23953857,27.05
23953937,28.84
23954029,28.02
23954039,27.77
23954107,28.42
23954111,34.41
23954137,26.48
23954153,25.42
23955788,41.88
23956094,66.83
23957484,91.80
24534246,29.37
24534248,29.50
24534250,29.56
24534252,29.56
24534254,29.58
24534256,29.77
24534258,29.90
24534260,29.95
24534262,30.07
24534264,30.34
24534266,30.69
24534268,31.83
24534270,33.39
24534272,35.43
24534274,31.00
24534276,33.35
24534278,32.32
24534280,32.27
24534282,32.56
24534284,34.19
24534286,37.72
24534288,38.40
24534290,44.97
24534292,51.02
24534294,41.46
24534296,46.59
24534298,50.75
24534300,52.92
24534302,57.16
24534304,68.05
24534306,77.92
24534308,75.16
24534310,90.19
24534312,76.46
24534314,78.22
24534316,72.91
24534318,64.61
24534320,64.14
24534322,46.42
24534324,50.53
24534326,52.64
24534328,56.85
24534330,55.63
24534332,57.33
24534344,33.94
24534348,44.52
24534350,44.02
24534352,44.84
24534354,41.92
24534356,45.65
24534358,46.63
24534360,49.85
24534362,49.71
24534366,40.96
24534370,42.96
24534372,45.27
24534374,53.68
24534376,58.18
24534378,37.50
24534380,36.73
24534382,36.57
24534384,36.72
24534386,36.79
24534388,36.82
24534390,38.80
24534392,44.87
24534394,52.32
24534396,52.54
24534398,49.28
24534400,46.64
24534402,38.42
24534404,37.64
24534406,38.82
24534408,39.60
24534410,39.92
24534412,44.47
24534424,67.55
24534434,36.60
24534436,36.25
24534438,36.93
24534440,37.63
24534442,35.85
24534444,37.17
24534446,37.99
24534448,38.65
24534450,38.63
24534452,41.27
24534454,43.22
24534456,42.27
24534458,47.37
24534460,52.04
24534462,44.36
24534464,44.71
24534466,43.83
24534468,35.82
24534470,36.23
24534472,35.65
24534474,35.89
24534512,37.72
24534514,38.75
24534516,40.47
24534518,39.75
24534520,39.94
24534522,39.94
24534524,39.97
24534526,41.35
24534528,42.08
24534530,42.20
24534532,42.27
24534534,42.63
24534536,42.45
24534538,42.46
24534540,42.03
24534542,41.99
24534544,41.94
24534546,42.42
24534548,41.61
24534550,41.56
24534552,41.46
24534554,40.82
24534556,41.04
24534558,40.67
24534560,42.11
24534562,42.21
24534564,42.41
24534566,42.46
24534568,42.88
24534570,43.81
24534572,43.58
24534574,44.22
24534576,44.43
24534578,45.09
24534580,46.12
24534582,47.23
24534584,47.30
24534586,42.54
24534590,27.13
24534592,27.39
24534594,27.75
24534596,28.18
24534598,28.31
24534600,28.28
24534602,28.22
24534604,29.30
24534608,28.45
24534610,28.67
24534612,29.26
24534620,31.23
24534622,31.92
24534624,53.87
24534626,80.29
24534628,46.73
24534630,51.59
24534632,51.01
24534634,102.56
24534638,50.14
24534640,49.04
24534642,45.65
24534644,46.39
24534646,46.33
24534648,42.58
24534650,46.33
24534652,41.92
24534658,44.54
24534660,43.11
24534662,47.47
24534664,44.50
24534666,41.81
24534668,41.90
24534670,41.03
24534672,43.18
24534674,41.03
24534676,41.04
24534678,40.69
24534680,41.20
24534682,41.60
24534684,39.03
24534686,40.33
24534688,39.21
24534690,40.61
24534694,39.42
24534696,39.08
24534698,39.30
24534700,38.50
24534702,37.88
24534704,37.33
24534706,48.14
24534708,44.53
24534710,46.95
24534712,37.00
24534714,36.61
24534716,39.67
24534718,37.56
24534720,35.88
24534722,39.18
24534724,37.66
24534726,37.37
24534728,41.22
24534730,37.27
24534734,47.56
24534736,41.52
24534738,77.37
24534742,39.90
24534744,91.93
24534746,66.86
24534748,55.76
24534750,48.43
24534752,42.55
24534754,43.70
24534756,40.20
24534758,94.55
24534760,90.05
24534762,93.76
24534764,86.77
24534766,50.00
24534768,82.69
24534770,41.81
24534772,59.66
24534774,60.51
24534776,56.35
24534778,64.11
24534780,90.17
24534782,59.62
24534784,64.92
24534786,59.02
24534788,78.56
24534790,64.02
24534792,60.09
24534794,64.38
24534796,57.02
24534798,60.86
24534800,59.84
24534804,63.15
24534806,62.81
24534808,59.74
24534810,61.16
24534812,61.76
24534814,52.90
24534816,59.64
24534818,59.16
24534822,48.40
24534826,57.29
24534828,61.93
24534830,43.39
24534832,59.37
24534834,54.35
24534836,54.28
24534838,54.32
24534840,62.67
24534842,49.28
24534844,54.15
24534846,60.72
24534850,62.82
24534852,53.35
24534856,62.72
24534858,44.92
24534862,70.72
24534864,61.64
24534866,69.41
24534870,68.77
24534872,76.36
24534874,67.01
24534876,70.96
24534878,54.16
24534880,56.82
24534882,57.14
24534886,53.02
24534888,53.58
24534890,75.09
24534892,64.67
24534894,82.07
24534898,56.44
24534900,56.25
24534902,58.84
24534904,77.40
24534906,83.88
24534908,57.04
24534910,84.68
24534912,49.27
24534914,28.92
24534916,29.12
24534920,28.69
24534922,99.10
24534924,89.83
24534926,104.15
24534928,93.69
24534930,29.26
24534934,29.04
24534936,85.07
24534938,29.02
24534940,28.93
24534942,29.32
24534944,29.20
24534946,53.88
24534948,100.20
24534950,29.08
24534954,63.65
24534956,28.96
24534958,83.81
24534960,49.23
24534962,54.13
24534964,28.95
24534966,45.11
24534968,76.02
24534972,50.38
24534974,66.14
24534976,67.28
24534980,34.04
24534982,35.15
24534986,37.09
24534988,50.45
24534990,38.31
24534996,27.90
24535004,27.18
24535024,53.46
24535030,36.78
24535032,42.16
24535036,50.33
24535038,37.08
24535040,56.07
24535052,64.36
24535054,55.70
24535056,76.86
24535058,61.84
24535060,51.22
24535072,31.45
947110244,33.68
947110246,38.44
947110248,44.25
23953831,25.46
23953833,26.63
23953835,26.40
23953837,26.24
23953841,26.69
23953843,26.32
23953845,25.75
23953847,25.46
23953849,25.70
23953851,25.64
23953853,27.41
23953859,28.10
23953861,28.39
23953863,28.57
23953865,28.57
23953867,28.57
23953869,26.77
23953871,28.39
23953873,27.77
23953879,25.47
23953883,25.65
23953885,26.32
23953887,29.69
23953889,30.18
23953891,29.79
23953895,29.23
23953899,26.96
23953901,27.44
23953905,27.28
23953909,35.90
23953911,34.22
23953913,35.23
23953917,33.53
23953919,28.27
23953921,31.77
23953923,36.11
23953925,32.89
23953927,27.86
23953929,27.29
23953931,31.02
23953933,28.60
23953935,30.90
23953939,28.77
23953941,30.87
23953943,28.08
23953945,28.45
23953947,28.43
23953949,30.06
23953951,26.77
23953953,28.46
23953955,28.56
23953959,27.56
23953961,27.13
23953963,26.29
23953965,28.31
23953967,28.57
23953973,27.95
23953975,28.55
23953977,27.81
23953983,27.66
23953987,25.52
23953989,28.49
23953991,28.50
23953993,27.88
23953995,25.74
23953997,28.14
23953999,27.61
23954001,27.66
23954003,27.83
23954005,27.60
23954007,28.03
23954009,28.25
23954011,27.20
23954013,28.41
23954015,27.55
23954017,28.05
23954019,28.14
23954021,28.47
23954023,28.09
23954025,28.06
23954027,28.31
23954031,28.07
23954033,27.59
23954035,27.79
23954037,28.11
23954041,27.95
23954043,27.65
23954045,27.83
23954047,27.84
23954049,27.55
23954051,27.55
23954053,27.55
23954055,27.48
23954057,27.52
23954059,27.41
23954063,27.63
23954065,28.44
23954067,28.26
23954071,30.20
23954073,28.02
23954075,32.77
23954077,32.19
23954079,33.83
23954081,28.10
23954083,28.28
23954085,27.87
23954087,27.81
23954093,28.07
23954095,28.05
23954097,27.81
23954099,27.85
23954101,28.22
23954103,28.50
23954105,27.95
23954109,28.55
23954113,27.22
23954115,26.50
23954117,25.38
23954119,26.16
23954121,26.46
23954123,26.31
23954125,26.45
23954127,26.34
23954129,26.48
23954131,25.42
23954133,25.47
23954135,26.23
23954139,26.64
23954141,27.88
23954143,27.88
23954145,27.80
23954147,26.41
23954149,26.39
23954151,27.85
23954155,26.00
23954157,27.13
23954159,26.59
23954433,25.68
23955760,36.43
23955762,36.42
23955764,36.39
23955766,36.38
23955768,36.41
23955770,36.58
23955772,37.34
23955774,38.93
23955776,38.67
23955782,40.19
23955784,41.78
23955786,41.92
23955790,42.72
23955792,42.73
23955794,43.19
23955796,43.35
23955798,44.61
23955800,39.27
23955802,39.65
23955804,41.08
23955806,41.40
23955808,42.90
23955810,44.48
23955812,44.62
23955814,44.53
23955818,41.47
23955820,41.55
23955822,41.65
23955824,42.13
23955826,43.49
23955828,43.44
23955830,43.82
23955832,44.79
23955834,46.67
23955836,48.80
23955838,49.06
23955840,48.34
23955844,47.75
23955846,47.82
23955848,47.93
23955850,47.67
23955852,47.60
23955854,47.50
23955856,47.49
23955858,47.41
23955860,47.07
23955862,47.02
23955864,46.93
23955866,46.84
23955868,46.70
23955872,46.23
23955874,46.07
23955880,45.31
23955882,45.60
23955884,45.63
23955886,45.47
23955888,45.33
23955890,46.59
23955892,45.04
23955894,45.01
23955896,45.00
23955898,46.06
23955900,47.64
23955906,88.17
23955908,49.44
23955910,50.18
23955912,50.90
23955914,51.74
23955916,51.49
23955918,55.09
23955920,62.22
23955922,66.53
23955924,63.59
23955928,65.35
23955930,66.65
23955932,67.55
23955934,66.86
23955936,67.85
23955938,70.03
23955940,70.69
23955942,70.46
23955944,68.89
23955946,67.90
23955948,65.42
23955950,64.89
23955952,60.64
23955954,62.19
23955956,62.66
23955958,61.74
23955960,60.81
23955962,61.36
23955964,65.67
23955966,62.76
23955968,69.90
23955970,70.86
23955972,70.62
23955974,68.36
23955976,68.24
23955978,65.79
23955980,58.72
23955982,62.99
23955984,65.00
23955988,65.85
23955990,66.26
23955992,66.29
23955994,66.14
23955996,65.69
23955998,65.17
23956000,64.36
23956002,63.91
23956004,63.44
23956006,67.70
23956008,69.96
23956010,73.66
23956012,78.48
23956014,84.61
23956016,89.37
23956018,88.01
23956020,90.02
23956022,89.27
23956024,92.24
23956026,92.80
23956028,95.66
23956030,91.35
23956032,95.20
23956034,98.71
23956036,97.42
23956038,99.81
23956040,111.67
23956042,119.06
23956044,121.17
23956046,120.19
23956048,121.86
23956050,121.56
23956052,127.84
23956054,135.57
23956056,136.63
23956058,137.03
23956060,138.46
23956062,143.19
23956064,146.86
23956066,149.60
23956068,154.38
23956070,131.02
23956072,141.69
23956074,149.37
23956076,72.17
23956080,114.44
23956082,139.13
23956084,65.75
23956088,66.03
23956090,65.76
23956092,68.68
23956096,67.41
23956098,67.28
23956100,67.55
23956102,67.35
23956104,67.36
23956106,67.61
23956108,72.62
23956112,67.28
23956114,67.13
23956116,68.42
23956118,66.46
23956120,65.99
23956122,65.71
23956124,64.72
23956126,63.98
23956128,64.80
23956130,64.57
23956132,64.37
23956134,64.63
23956136,66.68
23956138,67.52
23956140,67.83
23956142,68.34
23956144,68.88
23956146,70.65
23956148,73.53
23956150,74.01
23956154,75.07
23956156,78.64
23956158,75.86
23956160,76.30
23956162,76.63
23956164,80.47
23956166,81.35
23956170,89.12
23956172,98.94
23956174,102.41
23956176,105.42
23956178,107.01
23956180,114.99
23956182,116.40
23956184,118.63
23956186,119.88
23956188,119.99
23956190,121.88
23956192,129.13
23956194,122.47
23956196,125.95
23956198,140.90
23956200,144.61
23956202,156.41
23956204,157.72
23956208,150.74
23956210,120.82
23956212,127.85
23956214,67.81
23956218,91.70
23956220,104.39
23956222,104.46
23956224,107.96
23956226,113.30
23956228,117.12
23956230,64.97
23956232,65.35
23956236,65.35
23956238,66.35
23956240,70.19
23956242,71.57
23956244,72.21
23956248,72.73
23956250,74.43
23956252,75.17
23956254,73.72
23956256,73.78
23956258,73.27
23956260,73.08
23956262,82.60
23956264,98.83
23956266,107.20
23956268,113.22
23956270,72.79
23956272,72.69
23956276,71.78
23956278,71.73
23956280,71.49
23956282,71.18
23956284,70.62
23956286,70.35
23956288,70.20
23956290,69.72
23956292,69.23
23956294,68.53
23956296,68.01
23956298,69.83
23956300,69.80
23956302,68.44
23956304,68.98
23956306,69.35
23956308,70.85
23956310,70.54
23956312,70.19
23956314,68.37
23956318,69.39
23956320,67.95
23956322,73.61
23956324,69.05
23956326,70.73
23956328,69.84
23956330,70.03
23956332,71.03
23956334,71.09
23956336,71.66
23956338,73.31
23956340,71.57
23956342,72.11
23956346,72.04
23956348,74.57
23956416,92.48
23956448,85.96
23956496,85.29
23956526,63.37
23956590,56.69
23956632,49.18
23956770,41.93
23956794,42.12
23956840,39.08
23956856,71.33
23956914,37.02
23957402,81.58
23957404,83.19
23957410,75.67
23957426,42.06
23957428,37.40
23957430,37.08
23957438,80.22
23957440,70.83
23957464,67.34
23957468,70.63
23957470,69.30
23957472,81.64
23957476,100.12
23957478,92.88
23957480,97.80
23957482,126.03
23957486,91.88
24534334,59.36
24534336,59.06
24534338,55.96
24534340,52.66
24534414,45.98
24534416,45.77
24534418,48.66
24534420,50.51
24534422,56.52
24534426,68.82
24534428,60.90
24534430,67.79
24534432,64.92
24534476,35.93
24534478,36.07
24534480,36.15
24534482,36.13
24534484,36.15
24534486,36.28
24534488,36.22
24534490,36.25
24534492,35.71
24534494,35.57
24534496,36.82
24534498,36.79
24534502,36.79
24534504,36.82
24534506,36.86
24534508,36.91
24534510,36.85
24534854,61.74
24534860,62.27
24534868,61.25
24535006,59.75
24535008,58.49
24535010,56.12
24535012,69.32
24535014,60.72
24535016,61.51
24535018,63.50
24535020,67.55
24535022,54.78
24535026,46.64
24535028,45.27
24535044,62.67
24535046,60.96
24535048,62.59
24535050,60.54
24535076,32.01
24535096,31.14
24535098,30.76
24535100,30.47
24535102,30.35
24535104,30.38
24535108,61.80
24535110,62.48
24535114,68.53
24535116,61.94
24535190,29.65
24535464,31.64
24535488,61.66
24535490,62.48
947110256,36.79
947110265,43.22
23955842,47.72
23955870,46.62
23955878,47.45
23955902,47.38
23955904,47.24
23955986,80.58
23956078,84.37
23956086,65.65
23956110,67.56
23956152,73.95
23956168,81.76
23956206,193.01
23956216,69.09
23956234,65.74
23956246,72.46
23956274,72.40
23956316,68.96
23956344,72.33
23956350,73.30
23956352,72.56
23956354,72.16
23956356,71.98
23956358,71.55
23956360,70.10
23956362,70.18
23956364,70.72
23956366,71.37
23956368,72.37
23956370,73.45
23956372,72.29
23956374,81.24
23956376,77.34
23956378,84.13
23956380,79.07
23956382,79.57
23956384,79.98
23956386,80.69
23956388,80.37
23956390,80.78
23956392,78.45
23956394,77.11
23956396,75.33
23956398,75.35
23956400,87.41
23956402,97.95
23956404,104.96
23956406,114.62
23956408,120.97
23956410,176.20
23956412,93.62
23956414,85.81
23956418,92.45
23956420,90.36
23956422,90.37
23956424,94.20
23956426,88.00
23956428,87.80
23956430,86.17
23956432,84.01
23956434,88.43
23956436,94.42
23956438,97.84
23956440,166.56
23956442,92.35
23956444,109.43
23956446,85.31
23956450,89.45
23956452,83.72
23956454,84.32
23956456,84.39
23956458,85.12
23956462,84.15
23956464,84.94
23956466,84.41
23956468,86.58
23956470,90.95
23956472,102.52
23956474,115.35
23956476,124.43
23956478,88.40
23956480,93.54
23956482,107.69
23956486,84.03
23956488,86.10
23956490,90.41
23956492,91.58
23956494,79.71
23956498,92.21
23956500,93.24
23956502,92.88
23956504,93.25
23956506,94.28
23956508,96.27
23956510,93.09
23956512,91.56
23956514,89.85
23956516,69.94
23956518,74.88
23956520,76.83
23956522,79.75
23956524,51.29
23956528,83.24
23956530,97.96
23956532,43.93
23956534,47.43
23956536,49.07
23956538,50.41
23956540,50.84
23956542,51.64
23956544,58.14
23956548,44.11
23956550,44.45
23956552,46.24
23956554,46.96
23956556,50.22
23956558,59.94
23956560,89.68
23956562,67.65
23956564,69.03
23956566,76.89
23956568,72.58
23956570,73.25
23956572,84.01
23956574,88.46
23956576,90.77
23956578,74.34
23956580,85.37
23956582,94.76
23956584,80.92
23956586,90.59
23956588,99.35
23956592,86.51
23956594,104.63
23956596,94.43
23956598,123.98
23956600,145.08
23956602,148.46
23956604,150.31
23956606,104.51
23956608,87.35
23956610,120.80
23956616,51.62
23956620,51.64
23956622,50.94
23956624,50.84
23956626,48.57
23956628,50.50
23956630,50.26
23956634,73.31
23956636,48.50
23956638,49.44
23956640,49.79
23956642,45.93
23956644,43.18
23956646,44.28
23956648,92.39
23956650,91.32
23956652,92.18
23956654,93.31
23956656,91.67
23956658,93.40
23956662,46.85
23956664,90.33
23956666,72.54
23956668,70.74
23956670,70.97
23956672,79.27
23956676,95.01
23956678,72.39
23956680,42.54
23956682,91.38
23956684,91.08
23956686,95.89
23956690,42.88
23956692,84.78
23956694,79.86
23956696,91.85
23956698,88.01
23956700,89.92
23956702,93.40
23956704,70.93
23956706,90.13
23956708,91.68
23956710,67.14
23956712,72.24
23956714,76.99
23956716,78.10
23956718,87.75
23956720,90.37
23956722,98.28
23956724,69.61
23956726,40.05
23956730,70.42
23956732,72.10
23956734,70.91
23956736,75.20
23956738,39.86
23956740,40.03
23956742,74.28
23956744,39.77
23956746,91.65
23956748,43.23
23956750,71.99
23956752,71.68
23956754,40.62
23956756,73.19
23956758,82.58
23956760,42.97
23956762,73.42
23956764,73.38
23956766,92.46
23956768,40.64
23956774,39.47
23956776,79.97
23956780,73.29
23956782,39.64
23956788,39.12
23956790,84.23
23956792,82.05
23956798,82.82
23956800,38.95
23956802,88.57
23956804,79.85
23956806,84.10
23956808,79.11
23956810,41.46
23956812,39.07
23956814,38.51
23956816,94.72
23956818,38.94
23956820,38.41
23956822,106.57
23956824,39.69
23956826,38.77
23956828,38.44
23956830,99.30
23956832,39.02
23956834,38.29
23956838,43.61
23956842,40.31
23956844,41.88
23956846,41.28
23956848,38.49
23956850,38.48
23956852,103.46
23956858,42.26
23956860,37.46
23956862,95.10
23956864,40.56
23956868,38.77
23956870,96.27
23956872,37.33
23956876,41.77
23956878,91.63
23956882,38.29
23956884,42.72
23956886,39.00
23956888,37.54
23956890,37.29
23956892,37.25
23956894,101.17
23956896,43.68
23956898,37.43
23956900,83.43
23956902,37.60
23956906,85.56
23956908,83.13
23956910,68.95
23956912,37.12
23956916,37.48
23956918,80.34
23956920,38.35
23956922,37.91
23956924,38.16
23956926,38.33
23956928,37.67
23956930,92.24
23956932,37.67
23956934,85.69
23956940,39.10
23956942,37.50
23956944,108.47
23956946,95.03
23956948,37.27
23956950,37.41
23956952,37.38
23956954,102.64
23956956,85.10
23956958,79.06
23956960,105.67
23956962,96.28
23956964,68.01
23956968,69.64
23956970,37.42
23956972,80.49
23956976,37.18
23956978,37.10
23956980,37.23
23956982,36.87
23956984,37.16
23956986,36.72
23956988,37.30
23956990,74.52
23956992,38.39
23957000,37.12
23957002,88.23
23957004,37.15
23957006,36.45
23957008,108.85
23957010,87.50
23957012,86.69
23957014,96.57
23957018,37.04
23957020,105.06
23957022,68.28
23957024,36.98
23957028,72.88
23957030,36.40
23957032,36.85
23957034,36.11
23957036,95.10
23957038,95.40
23957044,36.90
23957046,36.58
23957048,69.93
23957050,70.41
23957052,36.81
23957054,37.12
23957056,88.65
23957058,102.29
23957060,118.13
23957062,36.39
23957064,36.38
23957066,36.38
23957068,71.88
23957070,36.71
23957072,102.66
23957074,36.29
23957076,81.32
23957080,36.68
23957082,117.57
23957084,73.26
23957086,99.39
23957088,36.64
23957090,114.79
23957092,36.55
23957094,69.81
23957096,36.88
23957100,112.02
23957104,70.45
23957108,106.66
23957110,71.24
23957112,113.95
23957114,114.47
23957120,82.14
23957122,86.73
23957124,70.49
23957126,63.46
23957128,61.50
23957130,114.47
23957132,86.44
23957134,76.40
23957138,113.91
23957144,112.58
23957146,114.56
23957150,130.32
23957152,121.73
23957154,113.53
23957156,113.82
23957158,88.76
23957160,98.38
23957162,123.30
23957164,81.10
23957166,129.36
23957168,92.64
23957170,147.58
23957172,74.84
23957176,73.64
23957178,67.77
23957180,74.56
23957182,94.01
23957186,112.79
23957188,110.75
23957190,118.31
23957192,95.23
23957194,94.71
23957196,81.28
23957198,115.41
23957202,129.23
23957204,96.63
23957206,105.12
23957210,111.99
23957214,75.91
23957216,75.56
23957218,120.65
23957228,97.79
23957230,119.59
23957232,109.35
23957234,65.49
23957236,115.64
23957238,73.40
23957240,120.63
23957242,87.58
23957244,93.99
23957248,124.47
23957250,89.80
23957252,110.13
23957254,131.03
23957258,149.93
23957260,133.99
23957262,156.22
23957264,138.35
23957266,91.26
23957268,99.30
23957270,94.60
23957272,151.01
23957274,75.71
23957276,112.26
23957278,66.32
23957280,155.45
23957282,70.83
23957284,172.95
23957286,156.29
23957288,64.49
23957296,89.14
23957298,72.41
23957302,127.97
23957304,161.01
23957306,151.77
23957308,156.19
23957310,73.27
23957312,147.30
23957314,153.36
23957316,163.23
23957318,159.81
23957322,109.96
23957324,103.62
23957326,85.74
23957328,147.33
23957330,90.94
23957332,161.19
23957334,146.70
23957336,88.85
23957344,98.19
23957346,149.52
23957348,138.67
23957350,92.97
23957352,152.29
23957354,102.53
23957356,109.92
23957358,100.00
23957360,129.50
23957362,128.41
23957364,115.72
23957366,145.63
23957368,114.07
23957372,102.16
23957374,138.11
23957376,121.87
23957380,113.68
23957382,139.42
23957384,121.51
23957386,98.62
23957390,37.16
23957392,36.96
23957396,36.92
23957398,45.70
23957400,81.88
23957406,82.89
23957408,85.54
23957414,69.90
23957416,36.36
23957418,48.65
23957436,36.20
23957444,62.45
23957448,62.70
23957452,61.48
23957454,71.74
23957456,72.65
23957460,73.40
23957474,90.42
23957490,36.99
23957494,68.19
23957500,37.15
23957502,36.87
23957524,36.37
23957598,152.69
23957600,36.80
23957602,36.94
23957646,36.29
23957668,36.24
23957836,69.29
23957838,68.96
23957978,42.60
23957980,41.56
23957984,39.72
23957986,45.81
23958034,45.36
23958036,43.97
23958044,44.20
23955778,40.38
23955780,40.97
23955842,47.62
23955870,46.51
23955878,47.27
23955902,47.15
23955904,46.94
23955986,80.41
23956078,84.44
23956086,65.55
23956110,67.49
23956152,73.96
23956168,81.85
23956206,193.69
23956216,69.06
23956234,65.66
23956246,72.46
23956274,72.40
23956316,68.94
23956344,72.35
23956350,73.33
23956352,72.60
23956354,72.20
23956356,72.02
23956358,71.59
23956360,70.14
23956362,70.22
23956364,70.76
23956366,71.41
23956368,72.43
23956370,73.52
23956372,72.34
23956374,81.37
23956376,77.44
23956378,84.28
23956380,79.17
23956382,79.68
23956384,80.10
23956386,80.82
23956388,80.51
23956390,80.93
23956392,78.59
23956394,77.25
23956396,75.48
23956398,75.50
23956400,87.60
23956402,98.19
23956404,105.21
23956406,114.92
23956408,121.31
23956410,176.84
23956412,93.84
23956414,85.98
23956418,92.67
23956420,90.59
23956422,90.59
23956424,94.46
23956426,88.21
23956428,88.01
23956430,86.38
23956432,84.23
23956434,88.67
23956436,94.70
23956438,98.13
23956440,167.17
23956442,92.62
23956444,109.80
23956446,85.54
23956450,89.71
23956452,83.96
23956454,84.56
23956456,84.64
23956458,85.36
23956460,75.96
23956462,84.39
23956464,85.19
23956466,84.65
23956468,86.84
23956470,91.24
23956472,102.89
23956474,115.81
23956476,124.95
23956478,88.67
23956480,93.83
23956482,108.10
23956486,84.27
23956488,86.35
23956490,90.67
23956492,91.86
23956494,79.82
23956498,92.40
23956500,93.44
23956502,93.09
23956504,93.45
23956506,94.49
23956508,96.50
23956510,93.30
23956512,91.78
23956514,90.06
23956516,69.93
23956518,74.91
23956520,76.89
23956522,79.84
23956524,51.02
23956528,83.20
23956530,98.00
23956532,43.86
23956534,47.34
23956536,48.98
23956538,50.32
23956540,50.75
23956542,51.55
23956544,58.07
23956548,44.05
23956550,44.38
23956552,46.17
23956554,46.89
23956556,50.14
23956558,59.83
23956560,89.79
23956562,67.56
23956564,68.93
23956566,76.86
23956568,72.60
23956570,73.28
23956572,84.13
23956574,88.61
23956576,90.95
23956578,74.36
23956580,85.46
23956582,94.92
23956584,81.05
23956586,90.79
23956588,99.54
23956592,86.64
23956594,104.89
23956596,94.58
23956598,124.18
23956600,145.45
23956602,148.85
23956604,150.72
23956606,104.87
23956608,87.46
23956610,121.13
23956616,51.53
23956620,51.55
23956622,50.86
23956624,50.76
23956626,48.49
23956628,50.42
23956630,50.17
23956634,73.34
23956636,48.41
23956638,49.35
23956640,49.69
23956642,45.86
23956644,43.12
23956646,44.22
23956648,92.58
23956650,91.50
23956652,92.38
23956654,93.50
23956656,91.84
23956658,93.60
23956662,46.75
23956664,90.50
23956666,72.56
23956668,70.73
23956670,70.96
23956672,79.35
23956676,95.23
23956678,72.40
23956680,42.48
23956682,91.58
23956684,91.29
23956686,96.12
23956690,42.82
23956692,84.91
23956694,79.95
23956696,92.11
23956698,88.17
23956700,90.13
23956702,93.61
23956704,70.91
23956706,90.34
23956708,91.94
23956710,67.09
23956712,72.24
23956714,77.07
23956716,78.16
23956718,87.92
23956720,90.62
23956722,98.46
23956724,69.59
23956726,40.01
23956730,70.40
23956732,72.10
23956734,70.90
23956736,75.22
23956738,39.82
23956740,39.98
23956742,74.29
23956744,39.72
23956746,91.83
23956748,43.11
23956750,71.98
23956752,71.67
23956754,40.55
23956756,73.20
23956758,82.66
23956760,42.87
23956762,73.44
23956764,73.38
23956766,92.67
23956768,40.57
23956774,39.43
23956776,80.04
23956780,73.30
23956782,39.60
23956788,39.08
23956790,84.47
23956792,82.15
23956798,82.96
23956800,38.90
23956802,88.71
23956804,79.90
23956806,84.34
23956808,79.17
23956810,41.36
23956812,39.03
23956814,38.46
23956816,95.02
23956818,38.90
23956820,38.36
23956822,106.78
23956824,39.60
23956826,38.72
23956828,38.39
23956830,99.40
23956832,38.93
23956834,38.20
23956838,43.46
23956842,40.20
23956844,41.75
23956846,41.16
23956848,38.44
23956850,38.44
23956852,103.72
23956858,42.13
23956860,37.40
23956862,95.31
23956864,40.44
23956868,38.66
23956870,96.59
23956872,37.28
23956876,41.64
23956878,91.86
23956882,38.24
23956884,42.57
23956886,38.89
23956888,37.46
23956890,37.22
23956892,37.19
23956894,101.41
23956896,43.49
23956898,37.35
23956900,83.64
23956902,37.52
23956906,85.80
23956908,83.36
23956910,68.91
23956912,37.05
23956916,37.39
23956918,80.50
23956920,38.24
23956922,37.87
23956924,38.11
23956926,38.29
23956928,37.62
23956930,92.45
23956932,37.57
23956934,85.92
23956938,75.14
23956940,38.98
23956942,37.46
23956944,108.76
23956946,95.24
23956948,37.22
23956950,37.36
23956952,37.32
23956954,102.89
23956956,85.20
23956958,79.11
23956960,105.94
23956962,96.60
23956964,67.96
23956966,89.96
23956968,69.60
23956970,37.37
23956972,80.48
23956974,70.05
23956976,37.12
23956978,37.05
23956980,37.17
23956982,36.78
23956984,37.05
23956986,36.64
23956988,37.24
23956990,74.50
23956992,38.27
23956994,40.92
23956996,40.84
23957000,37.05
23957002,88.36
23957004,37.09
23957006,36.36
23957008,109.14
23957010,87.75
23957012,86.87
23957014,96.79
23957018,36.99
23957020,105.45
23957022,68.23
23957024,36.91
23957026,39.31
23957028,72.85
23957030,36.32
23957032,36.78
23957034,36.00
23957036,95.38
23957038,95.71
23957040,70.24
23957044,36.84
23957046,36.46
23957048,69.82
23957050,70.32
23957052,36.69
23957054,37.06
23957056,88.92
23957058,102.65
23957060,118.50
23957062,36.31
23957064,36.30
23957066,36.31
23957068,71.68
23957070,36.63
23957072,103.01
23957074,36.20
23957076,81.39
23957078,39.10
23957080,36.61
23957082,118.06
23957084,73.27
23957086,99.62
23957088,36.52
23957090,115.11
23957092,36.48
23957094,69.79
23957096,36.81
23957098,39.15
23957100,112.31
23957102,80.92
23957104,70.43
23957106,39.18
23957108,107.01
23957110,71.23
23957112,114.26
23957114,114.79
23957116,80.60
23957118,100.27
23957120,82.24
23957122,86.62
23957124,70.44
23957126,63.33
23957128,61.14
23957130,114.78
23957132,86.41
23957134,76.08
23957136,103.76
23957138,114.22
23957142,100.17
23957144,112.86
23957146,114.88
23957148,103.62
23957150,130.73
23957152,122.15
23957154,113.83
23957156,114.14
23957158,88.73
23957160,98.59
23957162,123.65
23957164,80.78
23957166,129.74
23957168,92.61
23957170,148.07
23957172,74.87
23957176,73.53
23957178,67.63
23957180,74.44
23957182,93.87
23957184,123.17
23957186,113.10
23957188,111.05
23957190,118.63
23957192,95.10
23957194,94.89
23957196,81.17
23957198,115.72
23957202,129.61
23957204,96.50
23957206,105.38
23957208,94.19
23957210,112.29
23957214,75.95
23957216,75.54
23957218,120.98
23957222,104.77
23957224,92.88
23957226,105.08
23957228,97.70
23957230,119.91
23957232,109.61
23957234,65.33
23957236,115.96
23957238,73.32
23957240,120.97
23957242,87.40
23957244,94.13
23957248,124.82
23957250,89.91
23957252,110.40
23957254,131.44
23957256,88.10
23957258,150.39
23957260,134.40
23957262,156.68
23957264,138.80
23957266,91.07
23957268,99.07
23957270,94.74
23957272,151.41
23957274,75.69
23957276,112.54
23957278,66.10
23957280,155.82
23957282,70.72
23957284,173.45
23957286,156.66
23957288,64.28
23957290,156.16
23957292,76.26
23957294,74.52
23957296,89.23
23957298,72.32
23957300,125.49
23957302,128.36
23957304,161.59
23957306,152.30
23957308,156.56
23957310,73.21
23957312,147.80
23957314,153.71
23957316,163.70
23957318,160.33
23957320,129.66
23957322,110.22
23957324,103.83
23957326,85.83
23957328,147.70
23957330,91.07
23957332,161.71
23957334,147.06
23957336,88.96
23957338,94.90
23957340,133.86
23957342,130.26
23957344,98.28
23957346,149.96
23957348,139.05
23957350,93.14
23957352,152.75
23957354,102.75
23957356,110.05
23957358,100.17
23957360,129.86
23957362,128.79
23957364,116.03
23957366,146.07
23957368,114.37
23957370,110.77
23957372,102.39
23957374,138.50
23957376,122.21
23957378,121.42
23957380,113.99
23957382,139.86
23957384,121.75
23957386,98.80
23957390,37.12
23957392,36.91
23957396,36.87
23957398,45.55
23957400,81.96
23957406,82.96
23957408,85.63
23957412,71.77
23957414,69.80
23957416,36.29
23957418,48.55
23957424,48.65
23957432,40.56
23957434,47.76
23957436,36.11
23957442,71.94
23957444,62.31
23957448,62.55
23957450,76.51
23957452,61.33
23957454,71.74
23957456,72.66
23957458,72.15
23957460,73.41
23957466,71.23
23957474,90.64
23957488,76.33
23957490,36.94
23957494,68.07
23957500,37.10
23957502,36.82
23957524,36.30
23957598,153.06
23957600,36.75
23957602,36.89
23957646,36.22
23957668,36.16
23957836,69.18
23957838,68.84
23957978,42.54
23957980,41.50
23957984,39.66
23957986,45.73
23958034,45.24
23958036,43.86
23958040,48.59
23958044,44.05
23971183,50.84
23971193,50.05
23971801,49.81
23971805,54.31
23977614,33.81
23977830,38.94
23977880,34.48
23977882,34.77
23977884,35.17
23977886,35.89
23977888,35.68
23977890,36.49
23977892,36.26
23977894,36.09
23977908,36.61
23977910,37.27
23977912,37.83
23977914,38.12
23977918,36.07
23977920,36.10
23977922,35.54
23977924,38.75
23977930,35.70
23977932,35.00
23977948,34.99
23978030,62.46
23978046,81.58
23978048,74.66
23978050,85.17
23978052,85.91
23978056,65.84
23978074,75.51
23978082,50.42
23978084,65.90
23978094,88.27
23978116,89.05
23978150,86.02
23978364,51.14
23978366,53.76
23978420,32.66
23981639,32.16
23981641,32.45
23981651,32.05
24270130,37.03
24270132,36.54
24270134,36.81
24270136,37.11
24270138,37.85
24270140,38.19
24270142,38.30
24270144,38.35
24270148,39.05
24270150,39.78
24270152,39.50
24270154,39.37
24270156,39.30
24270158,40.26
24270160,44.09
24270162,44.44
24270164,45.95
24270166,48.89
24270168,55.86
24270170,39.09
24270172,39.32
24270174,38.96
24270176,40.03
24270178,38.53
24270180,38.22
24270182,34.52
24270184,36.17
24270186,37.33
24270188,38.78
24270190,35.98
24270192,35.94
24270194,35.89
24270196,35.78
24270198,35.94
24270200,36.04
24270202,36.12
24270204,36.28
24270206,36.39
24270208,36.37
24270210,36.99
24270212,37.61
24270214,37.42
24270218,35.14
24270220,35.06
24270222,34.90
24270224,34.84
24270226,34.76
24270228,34.79
24270230,34.93
24270232,35.04
24270234,35.56
24270236,35.35
24270238,34.95
24270240,34.99
24270242,34.72
24270244,34.65
24270246,34.89
24270248,34.87
24270250,34.73
24270252,34.66
24270254,34.55
24270256,34.47
24270258,34.44
24270260,33.98
24270262,33.94
24270264,33.86
24270266,33.81
24270268,33.32
24270270,33.50
24270272,33.67
24270274,34.02
24270276,34.08
24270278,34.14
24270280,38.56
24270282,38.77
24270820,39.62
24270838,37.36
24270854,36.42
24270864,55.44
24270866,33.55
24270872,37.53
24270874,56.85
24270876,37.91
24270880,37.71
24270888,37.64
24270890,34.10
24270892,34.02
24270898,33.63
24270906,56.94
24270908,35.40
24270914,34.49
24270918,46.30
24270920,34.09
24270924,36.17
24270926,36.46
24270930,37.18
24270932,36.77
24270936,48.21
24270938,35.92
24270942,34.27
24270948,55.75
24270950,34.74
24270952,34.51
24270954,35.86
24270956,38.55
24270958,34.61
24270960,34.57
24270962,34.91
24270964,34.54
24270966,44.65
24270968,34.64
24270970,34.65
24270972,37.01
24270974,55.22
24270980,39.35
24270984,37.27
24270986,37.17
24270990,37.41
24270992,39.04
24270994,35.13
24270996,34.95
24270998,42.98
24271000,35.16
24271004,34.81
24271008,34.98
24271010,37.83
24271012,37.47
24271014,59.40
24271016,56.63
24271018,49.64
24271020,44.10
24271022,59.40
24271024,45.70
24271026,36.73
24271028,54.32
24271030,52.22
24271034,55.00
24271038,46.99
24271040,60.51
24271042,46.86
24271044,42.06
24271046,49.99
24271048,59.94
24271114,38.59
24271116,56.94
24271118,37.22
24271124,37.44
24271126,37.44
24271128,39.74
24271130,40.45
24271132,38.69
24271134,35.13
24271314,37.94
24271316,38.85
24271318,39.19
24271330,38.56
24271332,37.69
24271340,37.22
24271342,37.22
24271346,38.31
24271368,35.19
24271370,38.10
24271374,38.53
24271442,38.52
24271444,37.46
24271446,38.19
24271478,33.57
24271482,33.48
24271544,37.40
24271556,39.01
24274315,38.34
24274317,35.79
24274319,36.50
24274321,37.50
24274323,38.31
24274333,34.73
24274335,35.16
24274337,36.00
24274339,36.57
24274341,39.19
24274343,32.83
24274345,32.82
24274347,33.17
24274349,33.38
24274351,33.62
24274353,33.73
24274355,34.07
24274357,32.91
24274359,35.04
24274891,40.25
24274893,44.42
24274895,48.87
24274947,32.79
24274949,32.36
24274951,32.37
24275053,52.11
24275055,58.70
24275065,46.46
24275073,54.60
24275081,52.28
24275115,37.17
24275137,39.59
24275141,41.07
24275151,45.51
24275153,39.98
24275159,44.38
24275183,38.88
24275359,35.77
24275413,44.71
24275415,44.08
24275419,38.46
24275423,34.10
24275425,34.49
24275427,45.50
24275555,37.70
24275695,37.57
24275697,37.20
24279018,35.99
24279020,35.80
24279022,35.32
24279024,35.27
24279026,35.12
24279028,34.49
24279030,34.85
24279032,34.95
24279034,35.49
24279036,35.80
24279038,36.08
24279040,36.24
24279042,36.30
24279044,36.33
24279046,36.36
24279048,36.35
24279050,36.33
24279052,36.29
24279054,36.30
24279056,36.21
24279182,45.73
24279184,49.41
24279186,49.50
24279188,48.04
24279190,44.09
24279192,43.30
24279194,48.99
24279196,47.77
24279198,53.36
24279200,47.92
24279202,42.45
24279206,53.06
24279208,46.22
24279210,45.66
24279214,48.17
24279216,46.43
24279218,43.74
24279220,51.42
24279222,47.18
24279224,47.31
24279226,45.87
24279228,44.20
24279230,42.81
24279232,45.29
24279238,46.23
24279240,46.19
24279242,42.31
24279244,42.57
24279246,45.37
24279252,46.59
24279254,45.10
24279260,39.32
24279262,40.69
24279268,45.16
24279270,42.59
24279276,38.29
24279278,37.96
24279280,37.00
24279290,42.78
24279292,39.62
24279296,38.09
24279300,38.22
24279302,41.19
24279306,37.58
24279308,37.35
24279316,38.81
24279318,38.69
24279320,37.34
24279328,36.89
24279336,38.51
24279338,39.70
24279344,39.49
24279346,39.23
24279348,36.46
24279350,41.55
24279370,38.67
24279380,41.28
24279382,36.83
24279384,37.66
24279386,36.54
24279402,36.03
24279404,39.99
24279416,37.41
24279418,35.92
24279432,35.21
24279434,35.08
24279436,36.24
24279438,36.31
24279442,35.03
24279444,36.34
24279446,36.32
24279460,35.53
24279462,34.89
24279468,34.84
24279472,34.91
24279490,35.06
24279510,36.24
24279576,35.44
24279578,36.03
24279580,38.50
24279582,38.68
24279584,37.78
24279586,37.19
24279588,36.84
24279590,36.69
24279592,36.54
24279594,37.86
24279596,38.64
24279598,38.65
24279600,37.75
24279602,37.74
24279604,37.26
24279606,38.18
24279608,38.06
24279610,39.13
24279612,37.18
24279614,36.38
24279616,45.32
24279618,46.71
24279620,50.46
24279622,50.33
24279624,44.84
24279626,43.92
24279630,38.04
24279632,36.35
24279634,36.29
24279636,37.60
24279638,38.45
24279640,36.80
24279642,37.19
24279644,37.10
24279648,35.49
24279652,35.26
24279654,36.17
24279664,36.42
24279666,36.35
24279678,44.75
24279680,46.18
24279682,43.53
24279684,49.74
24279704,36.46
24279888,36.26
24279890,37.65
24281956,32.14
24281958,32.22
24281960,32.28
24281962,32.47
24282420,31.18
24282852,32.12
24282854,32.01
24282978,32.17
24285484,64.89
24285488,64.86
24285490,64.87
24285506,72.24
24285516,76.90
24285518,76.18
24285522,78.98
24285538,80.85
24285540,81.76
24285544,83.35
24285546,85.78
24285548,85.69
24285552,84.46
24285560,87.80
24285562,118.73
24285564,87.08
24285588,99.24
24285590,97.48
24285594,104.11
24285606,125.63
24285608,139.74
24285614,137.13
24285632,82.91
24285646,90.47
24285648,85.86
24285672,78.45
24285676,96.39
24285860,119.46
24285862,71.38
24287100,50.47
24288190,62.73
24538394,66.66
24538568,86.48
24538572,88.82
24538578,86.71
24538680,55.75
947110136,32.19
947110137,32.20
947110138,32.21
947110163,43.89
947110164,44.47
947110165,44.09
947110240,33.46
947110242,33.33
23989123,51.28
23989197,52.53
23989223,52.50
24282946,44.47
24282956,44.65
24285486,79.76
24285492,79.79
24285494,84.10
24285496,86.43
24285498,85.54
24285500,85.44
24285502,84.68
24285504,87.21
24285508,94.20
24285510,96.16
24285512,103.40
24285514,98.32
24285520,107.74
24285524,121.78
24285526,125.45
24285528,126.82
24285530,127.60
24285532,128.34
24285534,128.70
24285536,129.45
24285542,132.47
24285550,127.59
24285554,134.53
24285556,130.67
24285558,152.95
24285566,144.00
24285568,85.46
24285570,85.25
24285572,89.88
24285574,99.47
24285576,101.79
24285578,107.93
24285580,110.22
24285582,110.80
24285584,115.39
24285586,125.30
24285592,134.47
24285596,138.91
24285598,140.45
24285600,142.32
24285602,143.61
24285604,156.72
24285610,158.77
24285612,144.13
24285616,176.08
24285618,113.27
24285620,115.88
24285622,130.73
24285624,95.87
24285626,99.56
24285628,139.26
24285630,144.07
24285634,128.84
24285636,133.67
24285638,134.34
24285640,136.71
24285642,146.05
24285644,127.90
24285650,147.18
24285652,137.46
24285654,152.47
24285656,133.50
24285658,159.37
24285660,163.61
24285662,131.22
24285664,144.00
24285666,150.55
24285668,129.31
24285670,134.28
24285674,128.73
24285678,123.55
24285680,125.71
24285682,126.43
24285684,119.53
24285686,142.43
24285688,128.82
24285690,135.35
24285692,138.09
24285694,129.85
24285696,133.83
24285698,134.62
24285700,134.41
24285702,169.48
24285704,143.17
24285706,123.95
24285708,135.24
24285710,132.41
24285712,114.86
24285714,178.67
24285716,131.62
24285718,124.36
24285720,128.81
24285722,128.90
24285724,140.73
24285726,154.33
24285728,143.88
24285730,134.11
24285732,118.55
24285734,155.70
24285736,139.80
24285738,127.90
24285740,110.65
24285742,101.54
24285744,106.52
24285746,105.33
24285748,108.24
24285750,110.27
24285752,135.38
24285754,125.22
24285756,120.31
24285758,124.19
24285760,157.24
24285762,131.52
24285764,145.52
24285766,103.33
24285768,102.62
24285770,101.71
24285772,127.54
24285774,132.08
24285776,96.54
24285778,116.21
24285780,103.79
24285782,149.14
24285784,91.50
24285786,94.43
24285788,97.96
24285790,129.53
24285792,108.91
24285794,149.27
24285796,101.53
24285798,93.95
24285800,121.71
24285802,132.44
24285804,121.48
24285806,89.40
24285808,99.08
24285810,106.83
24285812,118.58
24285814,130.63
24285816,94.15
24285818,114.53
24285820,100.53
24285822,110.77
24285824,146.20
24285826,91.53
24285828,90.59
24285830,88.15
24285832,103.50
24285836,87.39
24285838,90.04
24285842,99.67
24285846,77.79
24285848,108.67
24285850,119.83
24285852,125.42
24285854,128.48
24285856,127.92
24285858,127.16
24285866,88.02
24285868,85.57
24285876,80.23
24286784,31.28
24286786,35.11
24286788,37.44
24286790,38.69
24286792,38.01
24286794,37.68
24286796,34.15
24286798,34.07
24286800,32.73
24286804,40.17
24286806,40.76
24286808,40.78
24286810,40.22
24286812,40.27
24286814,40.12
24286816,37.51
24286818,36.27
24286820,35.45
24286822,32.79
24286824,32.01
24286826,32.82
24286828,32.73
24286832,42.10
24286834,40.49
24286836,40.85
24286838,44.18
24286840,39.50
24286842,38.67
24286844,43.44
24286846,46.94
24286848,47.87
24286850,53.42
24286852,58.88
24286854,65.18
24286856,64.86
24286858,62.19
24286860,53.90
24286862,40.59
24286864,48.82
24286866,50.85
24286868,59.78
24286870,56.66
24286872,65.87
24286874,67.42
24286876,68.65
24286878,68.88
24286880,67.73
24286882,67.71
24286884,68.55
24286886,68.86
24286888,68.28
24286890,67.66
24286892,63.99
24286894,56.76
24286896,64.17
24286898,63.24
24286900,66.08
24286902,75.07
24286904,69.08
24286906,69.68
24286908,70.14
24286910,71.21
24286912,71.58
24286914,79.70
24286916,95.05
24286920,53.03
24286922,47.76
24286924,50.95
24286926,54.36
24286928,52.22
24286930,47.54
24286932,47.29
24286934,47.73
24286936,48.09
24287044,49.44
24287046,51.80
24287048,52.03
24287092,51.58
24287094,51.90
24287096,51.66
24287098,53.82
24287102,76.91
24287104,74.05
24287106,71.42
24287108,70.38
24287110,68.78
24287152,70.88
24287154,80.47
24287156,83.65
24287158,87.81
24287160,86.42
24287162,90.20
24287164,86.09
24287166,85.49
24287168,90.53
24287172,89.01
24287174,84.42
24287188,63.99
24287190,61.60
24287192,59.13
24287194,58.12
24287196,57.38
24287198,56.95
24287200,56.68
24287202,55.77
24287204,55.36
24287206,55.87
24287208,56.24
24287210,55.82
24287212,55.31
24287214,55.29
24287216,56.70
24287218,57.93
24287220,62.03
24287222,66.49
24287240,60.01
24287242,60.84
24287244,61.72
24287246,65.78
24287248,70.51
24287250,73.25
24287252,68.13
24287254,67.79
24287256,70.15
24287258,72.25
24287260,71.83
24287262,70.77
24287264,68.54
24287266,66.04
24287268,63.51
24287270,64.42
24287272,72.48
24287274,78.09
24287276,82.16
24287278,76.38
24287280,70.29
24287282,55.47
24287284,56.71
24287286,48.51
24287288,48.25
24287290,48.75
24287292,48.60
24287308,47.12
24287310,45.19
24287312,42.32
24287314,41.10
24287316,40.08
24287318,39.02
24287320,36.60
24287322,36.00
24287330,37.73
24287332,35.75
24287334,33.86
24287336,32.25
24287338,31.37
24287340,29.19
24287374,62.16
24287376,59.41
24287392,32.64
24287394,48.79
24287396,57.57
24287398,58.19
24287400,55.56
24287404,54.33
24287406,53.67
24287408,51.98
24287410,50.77
24287412,52.37
24287414,34.88
24287416,57.50
24287418,53.62
24287420,59.21
24287422,58.93
24287424,33.12
24287426,55.45
24287430,52.46
24287432,50.99
24287434,61.34
24287436,49.09
24287438,33.66
24287440,64.76
24287442,57.85
24287444,30.86
24287446,45.05
24287448,34.23
24287450,65.43
24287452,34.05
24287454,35.16
24287456,43.26
24287458,57.21
24287460,32.00
24287462,32.24
24287464,33.12
24287466,33.80
24287468,32.09
24287470,34.68
24287472,35.46
24287474,66.12
24287476,35.98
24287478,67.22
24287482,51.43
24287484,46.45
24287486,33.14
24287488,61.24
24287490,52.28
24287492,60.95
24287494,33.80
24287496,34.46
24287502,34.59
24287506,38.99
24287508,38.95
24287512,71.64
24287514,68.79
24287526,36.80
24287528,35.59
24287530,37.40
24287532,36.17
24287534,71.88
24287536,36.41
24287538,67.36
24287540,36.58
24287542,38.06
24287544,36.80
24287548,37.09
24287558,69.06
24287562,71.45
24287564,65.90
24287566,37.99
24287568,67.00
24287570,58.06
24287574,36.92
24287578,54.52
24287580,37.82
24287582,76.71
24287584,39.69
24287588,37.88
24287604,68.37
24287610,68.74
24287612,91.99
24287618,65.40
24287622,68.81
24287634,40.50
24287640,68.70
24287666,40.76
24287686,70.47
24287708,40.97
24287740,56.70
24287772,40.61
24287808,45.33
24287814,55.42
24287822,45.69
24287824,45.58
24287826,45.58
24287832,46.34
24287834,45.26
24287842,46.88
24287844,47.70
24287846,77.97
24287858,48.74
24287860,61.83
24287862,49.89
24287866,49.65
24287872,50.60
24287882,51.06
24287884,91.38
24287892,52.20
24287894,50.22
24287904,57.42
24287906,56.89
24287920,58.23
24287926,60.64
24287928,60.08
24287930,96.43
24287936,62.84
24287944,65.26
24287968,66.54
24287974,66.90
24287976,69.28
24287978,66.90
24287984,66.75
24287986,69.54
24287988,68.87
24287990,68.51
24287992,63.68
24287994,70.28
24287998,70.74
24288002,70.31
24288004,65.60
24288008,99.89
24288010,96.56
24288012,70.23
24288016,112.25
24288018,70.46
24288022,63.35
24288024,85.09
24288028,68.47
24288032,71.80
24288034,92.87
24288036,81.88
24288046,60.41
24288050,103.34
24288054,72.96
24288058,55.64
24288064,73.20
24288068,71.44
24288072,57.23
24288074,74.89
24288076,73.34
24288078,95.80
24288084,73.30
24288088,90.07
24288090,56.95
24288094,107.62
24288102,72.88
24288106,75.54
24288108,58.11
24288110,75.87
24288114,72.23
24288116,72.88
24288118,98.17
24288120,76.85
24288124,76.55
24288126,103.65
24288128,74.18
24288132,74.33
24288140,69.11
24288142,78.62
24288144,72.15
24288158,64.84
24288230,74.27
24288232,62.88
24288234,57.08
24288274,63.02
947110198,39.79
23988945,20.53
23988947,21.70
23988949,23.28
23988951,26.88
23988953,28.03
23988955,28.19
23988957,29.46
23988959,30.22
23988961,28.90
23988963,30.19
23988965,30.58
23988967,30.94
23988969,30.92
23988971,29.56
23988973,29.07
23988975,27.74
23988979,25.66
23988981,27.75
23988983,28.78
23988991,29.66
23988993,30.20
23988995,31.22
23988997,31.01
23988999,30.83
23989001,31.35
23989003,29.45
23989005,30.47
23989007,33.56
23989011,37.78
23989013,37.64
23989015,37.64
23989017,38.42
23989029,40.31
23989031,40.29
23989033,40.43
23989035,40.13
23989037,40.15
23989039,39.99
23989051,41.34
23989053,41.92
23989055,41.19
23989057,40.80
23989059,41.12
23989061,44.28
23989063,44.64
23989065,48.31
23989067,41.73
23989069,40.57
23989071,40.35
23989075,42.92
23989079,43.56
23989081,44.57
23989083,49.20
23989085,47.17
23989087,46.74
23989089,46.56
23989091,48.59
23989095,54.83
23989097,53.13
23989113,56.44
23989115,56.14
23989117,55.24
23989119,53.63
23989121,52.48
23989125,49.00
23989127,45.29
23989129,45.92
23989131,46.56
23989133,48.31
23989135,48.58
23989137,51.28
23989141,45.90
23989153,46.41
23989155,45.87
23989157,45.57
23989159,46.37
23989161,45.72
23989165,42.74
23989167,43.25
23989171,45.06
23989173,44.56
23989177,47.53
23989179,48.26
23989181,49.49
23989185,49.63
23989195,51.79
23989199,53.62
23989201,53.67
23989203,54.90
23989205,55.58
23989209,49.94
23989211,49.74
23989215,50.23
23989219,53.05
23989221,52.40
23989225,52.45
23989241,53.38
23989243,53.53
23989257,55.69
23989259,55.19
23989261,54.57
23989263,55.52
23989265,55.89
23989267,59.83
23989269,63.72
23989271,66.99
23989273,70.33
23989275,72.02
23989277,75.09
23989279,75.43
23989281,79.66
23989285,54.82
23989299,62.44
23989301,64.49
23989303,60.66
23989305,61.01
23989307,60.42
23989309,64.05
23989317,64.85
23989323,57.87
23989331,56.18
23989335,61.61
23989337,62.84
23989353,62.80
23989355,70.43
23989357,81.63
23989359,87.55
23989361,92.85
23989363,83.37
23989367,86.30
23989369,90.24
23989371,66.17
23989377,55.31
23989379,53.57
23989381,51.93
23989387,51.46
23989417,50.10
23989423,46.58
23989425,46.34
23989429,44.87
23989441,47.27
23989443,46.54
23989445,46.23
23989447,46.02
23989459,42.39
23989467,42.00
23989469,42.14
23989471,42.21
23989473,41.95
23989475,42.23
23989477,42.13
23989479,41.95
23989481,41.74
23989483,41.80
23989485,41.92
23989487,42.50
23989489,42.01
23989491,42.10
23989497,42.50
23989509,41.56
23989513,40.91
23989521,39.42
23989553,38.54
23989555,38.55
23989559,36.33
23989561,36.08
23989563,36.16
23989565,36.89
23989567,37.29
23989569,37.68
23989571,37.89
23989573,38.15
23989577,37.62
23989579,37.08
23989581,37.39
23989583,36.31
23989585,36.40
23989587,33.56
23989589,32.28
23989591,34.34
23989601,32.14
23989611,30.11
23989613,29.06
23989615,28.48
23989617,27.61
23989621,27.28
23989623,24.51
23989625,25.01
23989627,24.56
23989629,25.51
23989631,26.80
23989633,28.47
23989643,31.40
23989645,31.41
23989647,31.45
23989649,31.97
23989651,30.30
23989657,29.50
23989659,29.52
23989661,29.49
23989663,29.58
23989665,29.74
23989667,29.73
23989669,29.69
23989671,29.43
23989673,29.42
23989675,29.45
23989677,29.39
23989679,29.31
23989681,29.19
23989683,29.51
23989685,29.70
23989687,29.94
23989689,29.97
23989691,29.42
23989693,29.40
23989695,29.24
23989697,28.69
23989699,26.72
23989701,27.09
23989713,53.90
23989723,43.41
23989725,42.53
23989729,42.38
23989731,43.75
23989735,43.71
23989741,26.09
23989747,22.48
23989753,27.11
23989755,26.79
23989757,28.92
23989759,30.61
23989761,33.81
23989763,35.00
23989765,34.20
23989767,29.11
23989775,26.41
23989781,23.54
23989783,23.35
23989785,21.88
23989787,26.00
23989789,29.96
23989791,30.13
23989793,30.97
23989795,30.00
23989803,42.02
23989805,30.02
23989807,29.73
23989809,29.63
23989811,27.24
23989813,28.27
23989815,28.42
23989817,26.23
23989819,27.76
23989821,27.44
23989823,27.51
23989825,25.98
23989827,27.43
23989829,27.19
23989831,26.86
23989835,26.70
23989837,25.53
23989839,25.50
23989851,29.00
23989857,27.72
23989865,29.30
23989867,29.09
23989871,29.92
23989873,31.86
23989875,29.21
23989877,29.31
23989881,29.95
23989883,30.00
23989885,30.01
23989887,29.39
23989889,30.10
23989891,30.41
23989893,27.20
23989895,31.31
23989897,32.08
23989899,29.36
23989901,30.18
23989903,30.03
23989905,26.87
23989907,30.98
23989911,30.33
23989913,31.53
23989917,29.92
23989919,30.82
23989921,30.94
23989925,30.92
23989927,30.23
23989929,30.36
23989931,30.17
23989933,30.06
23989935,32.14
23989937,25.98
23989941,25.36
23989943,25.71
23989951,26.99
23989953,23.72
23989955,23.72
23989957,23.59
23989959,23.61
23989961,25.24
23989965,23.39
23989967,23.40
23989969,22.90
23989971,33.93
23989975,23.11
23989977,23.15
23989979,23.05
23989983,23.26
23989985,33.99
23989987,40.48
23989989,37.41
23989991,36.73
23989993,41.29
23989995,38.09
23989999,35.57
23990001,35.41
23990005,40.13
23990009,39.19
23990011,42.33
23990013,41.76
23990015,36.97
23990017,38.83
23990023,41.93
23990025,40.98
23990033,39.53
23990035,39.57
23990039,24.63
23990041,40.54
23990103,30.03
23990111,30.29
23990121,30.85
23990139,36.77
23990195,39.01
23990199,38.58
23990255,42.82
23990309,46.63
23990329,55.79
23990331,55.57
23990347,56.41
23990367,54.94
23990467,49.08
23990469,52.90
23990471,69.54
23990483,74.21
23990525,52.79
23990545,45.44
23990713,42.97
23990787,29.95
23990789,29.97
23990791,29.46
23990793,29.52
23990803,27.82
23990805,27.79
23990807,26.83
23990813,29.87
23990825,41.30
23990827,33.07
23990835,45.45
23990839,38.61
23990855,65.03
23990871,29.93
23990891,76.01
23991065,29.55
23991093,29.22
24287176,82.76
24287178,79.92
24287180,80.08
24287182,80.11
24287184,80.27
24287186,76.14
24287590,55.78
24287592,58.14
24287594,56.52
24287600,69.14
24287606,70.47
24287608,39.87
24287614,73.89
24287616,77.27
24287620,87.15
24287624,40.17
24287630,64.67
24287648,69.10
24287652,69.81
24287654,40.54
24287656,40.87
24287662,40.52
24287680,54.30
24287682,61.78
24287690,50.65
24287696,68.66
24287698,62.11
24287700,69.21
24287702,53.09
24287710,41.36
24287730,41.70
24287816,51.49
24287818,45.34
24287830,44.96
24287848,47.84
24287850,84.95
24287852,49.05
24287864,51.38
24287868,64.13
24287870,52.35
24287874,73.96
24287878,48.23
24287886,93.76
24287900,53.35
24287902,53.48
24287908,57.79
24287910,57.29
24287914,87.19
24287922,61.52
24287932,64.73
24287940,63.31
24287942,65.29
24287946,64.55
24287952,63.31
24287954,63.35
24287956,63.60
24287960,67.78
24287972,65.45
24287980,102.96
24287982,68.02
24287996,70.16
24288000,114.68
24288006,65.75
24288014,97.05
24288020,85.14
24288026,64.43
24288030,70.87
24288038,70.92
24288040,72.59
24288044,103.50
24288048,57.40
24288052,57.28
24288056,75.20
24288060,105.29
24288062,109.92
24288066,71.33
24288070,72.86
24288080,108.13
24288082,70.59
24288086,75.53
24288092,54.79
24288096,75.43
24288100,72.71
24288104,75.59
24288122,72.27
24288130,73.00
24288134,91.65
24288136,55.63
24288138,68.65
24288146,68.90
24288148,77.92
24288150,93.72
24288152,62.81
24288154,63.88
24288156,66.72
24288160,96.58
24288162,60.96
24288164,92.85
24288166,56.81
24288168,72.55
24288170,62.84
24288172,80.34
24288174,81.47
24288176,80.49
24288178,62.59
24288180,57.50
24288182,92.98
24288184,56.81
24288186,81.71
24288188,78.28
24288192,81.53
24288194,80.05
24288196,69.04
24288198,58.04
24288200,76.24
24288204,60.42
24288210,63.80
24288212,65.00
24288214,86.38
24288216,87.86
24288218,84.58
24288220,85.72
24288222,67.98
24288226,108.72
24288228,63.36
24288270,64.69
24288272,64.82
24288276,63.18
24288282,87.81
24288284,55.74
24288290,55.68
23989365,80.11
23989419,51.49
23989431,44.73
23989433,44.67
23989435,44.68
23989437,44.61
23989439,44.52
23989451,44.35
23989453,44.24
23989455,44.19
23989457,43.96
23989493,43.49
23989499,41.96
23989501,41.18
23989503,40.72
23989505,40.72
23989523,40.31
23989525,40.48
23989527,39.94
23989529,39.71
23989531,39.59
23989533,39.30
23989535,39.11
23989537,39.08
23989539,38.86
23989541,39.23
23989543,39.68
23989545,39.45
23989547,39.38
23989549,39.25
23989551,38.56
23989575,38.09
23989593,33.55
23989595,32.82
23989597,32.55
23989599,32.44
23989603,31.87
23989605,30.88
23989607,30.86
23989619,26.97
23989635,30.20
23989637,30.65
23989639,30.82
23989641,31.14
23989653,29.69
23989655,29.58
23989739,26.42
23989749,23.40
23989751,25.39
23989779,24.14
23989799,23.67
23989833,25.47
23989853,29.51
23989855,33.40
23989859,32.63
23989861,29.74
23989863,29.46
23989869,29.92
23989879,30.32
23989909,29.95
23989915,32.21
23989923,30.76
23989939,25.60
23989949,26.52
23989963,23.38
23990003,23.53
23990019,37.47
23990021,39.18
23990043,39.03
23990045,27.45
23990047,39.76
23990049,38.78
23990053,37.32
23990055,28.16
23990063,37.83
23990065,27.80
23990067,29.27
23990081,33.09
23990085,31.65
23990087,28.19
23990089,29.97
23990091,30.25
23990093,29.10
23990095,34.35
23990097,28.76
23990099,35.51
23990101,29.39
23990105,31.41
23990107,32.03
23990109,33.10
23990113,31.04
23990115,32.35
23990117,30.69
23990119,32.83
23990123,30.79
23990127,33.51
23990129,37.92
23990131,30.29
23990133,38.12
23990135,36.99
23990137,34.19
23990141,37.29
23990143,36.37
23990147,36.78
23990149,31.56
23990151,37.45
23990153,36.07
23990155,32.91
23990157,36.00
23990159,36.15
23990161,33.65
23990171,38.35
23990177,37.87
23990181,38.21
23990183,37.78
23990193,41.52
23990197,38.67
23990201,40.36
23990203,40.61
23990205,40.15
23990207,40.53
23990209,40.61
23990211,41.92
23990215,41.49
23990217,43.94
23990219,45.31
23990221,38.18
23990223,43.40
23990225,43.61
23990227,41.13
23990229,44.05
23990231,45.85
23990233,41.44
23990235,41.77
23990237,46.65
23990239,44.45
23990241,41.44
23990243,48.16
23990245,42.65
23990247,43.09
23990249,43.09
23990251,47.57
23990253,42.71
23990265,50.52
23990267,43.53
23990271,46.65
23990273,44.95
23990275,43.35
23990307,55.64
23990315,52.57
23990317,47.61
23990319,52.66
23990325,50.69
23990327,54.25
23990333,51.84
23990335,54.07
23990339,55.87
23990341,56.14
23990345,48.59
23990349,56.32
23990351,55.11
23990355,48.07
23990361,53.99
23990365,39.62
23990369,39.60
23990371,39.60
23990377,53.90
23990385,44.22
23990391,43.53
23990399,56.19
23990407,44.18
23990409,44.72
23990417,42.88
23990419,47.56
23990421,43.44
23990423,44.06
23990435,53.82
23990447,57.43
23990449,53.30
23990457,47.85
23990461,48.53
23990463,66.87
23990465,54.00
23990473,48.63
23990475,52.50
23990477,47.93
23990479,77.22
23990485,68.65
23990487,70.97
23990489,74.79
23990491,48.60
23990493,61.26
23990495,62.13
23990497,47.29
23990499,74.75
23990501,52.07
23990503,43.67
23990505,70.49
23990507,76.63
23990509,70.62
23990511,75.25
23990513,73.39
23990515,71.75
23990517,63.05
23990519,74.28
23990521,70.74
23990523,52.69
23990527,52.06
23990533,47.42
23990535,47.12
23990537,46.86
23990539,41.07
23990541,41.91
23990547,68.62
23990549,41.49
23990553,66.41
23990569,43.79
23990575,42.06
23990583,43.17
23990585,42.68
23990589,55.46
23990591,43.23
23990593,43.59
23990595,41.25
23990597,42.38
23990599,41.73
23990601,42.41
23990611,53.77
23990629,59.67
23990631,42.49
23990633,57.71
23990647,62.52
23990649,66.52
23990665,62.98
23990667,41.90
23990679,50.56
23990691,62.35
23990693,42.53
23990695,41.98
23990697,65.91
23990699,60.08
23990701,72.89
23990703,81.60
23990705,65.48
23990717,81.27
23990719,52.04
23990721,97.27
23990735,81.61
23990737,89.42
23990741,54.95
23990743,61.63
23990747,67.53
23990749,74.52
23990751,54.96
23990753,54.40
23990755,55.03
23990759,59.54
23990761,75.54
23990763,64.14
23990765,44.83
23990767,55.70
23990771,67.74
23990783,46.66
23990785,44.07
23990795,29.92
23990797,29.87
23990799,31.14
23990801,25.86
23990809,24.53
23990811,24.58
23990815,25.98
23990819,26.01
23990823,38.37
23990829,55.06
23990831,46.01
23990833,46.65
23990849,71.53
23990851,74.43
23990865,37.41
23990867,37.32
23990869,37.76
23990873,29.94
23990875,29.41
23990877,29.42
23990879,29.93
23990881,29.93
23990883,29.40
23990895,31.76
23990897,42.61
23990899,24.87
23990901,37.47
23990903,29.96
23990905,24.30
23990953,52.07
23990955,50.43
23990957,40.25
23991063,35.61
23991083,29.92
23991085,29.83
23991087,29.89
23991173,29.87
23991189,29.43
23991199,29.52
23991283,23.74
23997018,33.97
23997020,32.70
23997024,33.23
23997026,32.17
23997028,33.01
23997030,33.07
23997032,32.99
23997036,34.54
23997038,34.23
23997040,34.25
23997042,33.65
23997044,35.16
23997046,39.20
23997048,41.38
23997050,41.15
23997052,43.07
23997054,44.83
23997056,48.39
23997064,53.67
23997066,55.52
23997068,56.10
23997070,56.49
23997072,56.45
23997074,56.79
23997076,57.25
23997078,58.20
23997080,61.84
23997082,58.85
23997084,59.51
23997086,60.10
23997088,62.52
23997090,60.16
23997092,62.98
23997094,64.78
23997096,67.98
23997100,68.68
23997102,71.13
23997104,71.17
23997106,73.27
23997108,74.18
23997110,73.87
23997126,78.13
23997128,79.13
23997130,79.96
23997132,82.57
23997134,83.34
23997136,85.86
23997138,94.29
23997140,96.57
23997142,104.23
23997144,107.24
23997146,111.52
23997150,76.70
23997152,85.80
23997154,99.02
23997156,122.17
23997160,72.75
23997162,71.51
23997164,71.63
23997166,71.63
23997168,72.13
23997170,72.50
23997172,73.35
23997174,77.35
23997176,72.24
23997178,70.13
23997180,65.36
23997182,65.74
23997184,66.97
23997186,68.43
23997188,70.93
23997190,71.42
23997192,80.92
23997194,81.58
23997196,84.02
23997198,89.52
23997202,113.35
23997204,84.29
23997206,87.83
23997208,95.15
23997210,95.79
23997212,96.52
23997214,105.96
23997216,110.30
23997218,119.89
23997220,127.05
23997222,136.37
23997224,131.48
23997226,101.33
23997228,98.43
23997230,104.50
23997232,123.05
23997234,85.15
23997236,86.69
23997238,85.45
23997240,84.68
23997242,75.19
23997244,79.31
23997246,67.50
23997248,66.79
23997250,67.18
23997252,71.75
23997254,74.58
23997256,76.52
23997258,32.40
23997260,32.37
23997262,31.33
23997264,40.82
23997266,31.64
23997268,27.58
23997270,31.40
23997272,49.87
23997274,65.15
23997276,77.86
23997278,28.11
23997280,27.84
23997282,33.47
23997284,42.53
23997286,44.23
23997288,46.29
23997290,47.84
23997292,52.58
23997294,65.39
23997296,61.88
23997298,68.89
23997300,74.72
23997302,73.37
23997304,26.70
23997306,26.25
23997308,28.35
23997310,33.34
23997346,22.41
23997356,17.56
23997366,19.52
23997384,45.81
23997390,34.83
23997398,42.26
23997402,44.07
23997420,52.20
23997428,74.22
23997432,74.25
23997434,75.16
23997436,65.32
23997452,82.93
23997474,70.23
23997476,55.91
23997480,64.57
23997502,24.06
23997504,17.08
23997506,20.99
23997522,19.61
23997524,17.76
23997536,41.24
23997538,43.17
23997550,42.56
23997562,33.14
23997564,39.27
23997566,44.56
23997568,48.55
23997582,24.76
23997584,29.74
23997586,114.76
23997618,60.49
23997624,61.06
23997626,60.24
23997664,71.99
23997666,36.67
23997690,25.35
23997704,80.78
23997706,36.60
23997724,75.42
23997726,82.45
23997738,68.55
23997768,45.75
23997780,23.92
23997826,54.91
23997830,47.22
23997834,41.74
23997840,69.84
23997842,31.56
23997846,40.13
23997850,70.12
23997854,71.50
23997864,38.15
23997874,61.30
23997876,80.57
23997994,45.39
24001087,84.66
24001165,99.00
947110182,40.61
947110183,40.91
947110185,40.82
947110188,41.13
947110189,40.94
947110238,30.81
947110239,30.73
23990363,53.84
23990853,64.52
23991285,23.56
23997022,32.72
23997034,33.33
23997058,46.63
23997060,49.55
23997062,51.93
23997112,73.76
23997114,75.29
23997116,74.88
23997118,74.06
23997120,73.59
23997122,73.43
23997124,74.62
23997148,73.24
23997158,73.15
23997200,99.37
23997312,38.12
23997314,51.96
23997316,24.29
23997318,22.52
23997320,25.16
23997322,26.05
23997324,33.38
23997326,45.23
23997328,54.23
23997330,18.92
23997332,18.61
23997334,18.07
23997336,17.46
23997338,17.77
23997340,19.53
23997342,19.63
23997344,19.68
23997348,22.82
23997350,22.82
23997352,24.22
23997354,27.81
23997358,19.19
23997360,20.96
23997362,18.09
23997364,19.05
23997368,20.60
23997370,20.35
23997372,25.83
23997374,27.47
23997376,28.14
23997378,28.16
23997380,28.37
23997382,31.76
23997386,28.26
23997388,29.96
23997392,40.26
23997394,41.24
23997396,41.90
23997400,42.32
23997404,46.08
23997406,46.59
23997408,47.78
23997410,48.51
23997412,50.37
23997414,50.55
23997416,51.36
23997418,51.61
23997422,62.32
23997424,71.69
23997426,74.11
23997430,74.53
23997438,74.30
23997440,79.47
23997442,53.91
23997444,62.36
23997446,67.99
23997448,72.57
23997450,77.73
23997454,42.60
23997456,43.88
23997458,44.31
23997460,44.26
23997462,43.99
23997464,45.17
23997466,46.38
23997468,47.00
23997470,48.99
23997472,51.75
23997478,58.61
23997482,69.56
23997484,81.66
23997486,91.07
23997488,94.85
23997490,47.08
23997492,51.64
23997494,29.83
23997496,19.13
23997498,28.38
23997500,23.69
23997508,16.32
23997510,27.97
23997512,17.49
23997514,19.29
23997516,16.50
23997518,16.41
23997520,24.92
23997526,18.99
23997528,32.48
23997530,33.94
23997532,34.28
23997534,38.33
23997540,47.33
23997542,47.15
23997544,29.60
23997546,32.17
23997548,37.68
23997552,47.19
23997554,51.85
23997556,52.60
23997558,34.37
23997560,34.02
23997570,27.47
23997572,20.93
23997574,20.21
23997576,20.60
23997578,25.32
23997580,24.72
23997588,60.30
23997590,72.83
23997592,82.21
23997594,44.56
23997596,45.55
23997598,49.93
23997602,76.57
23997604,88.45
23997606,50.43
23997608,52.67
23997610,56.96
23997612,58.98
23997614,57.91
23997616,64.15
23997620,74.45
23997622,63.62
23997628,58.87
23997630,33.25
23997632,32.99
23997634,31.51
23997636,19.08
23997638,36.22
23997640,41.88
23997642,17.38
23997644,16.81
23997650,31.84
23997652,48.28
23997654,30.58
23997656,32.27
23997658,45.40
23997660,32.23
23997662,80.23
23997668,62.52
23997670,16.75
23997674,74.43
23997676,63.71
23997678,17.27
23997680,17.67
23997682,17.01
23997686,37.62
23997692,28.81
23997694,42.84
23997696,30.78
23997700,18.69
23997702,72.49
23997708,74.37
23997710,65.66
23997712,74.03
23997714,17.73
23997716,76.81
23997718,73.98
23997720,44.96
23997722,24.09
23997728,76.14
23997730,39.06
23997732,40.42
23997734,29.76
23997736,80.21
23997740,73.88
23997742,21.50
23997744,30.20
23997746,75.85
23997748,20.60
23997750,77.72
23997752,77.01
23997754,78.12
23997756,21.96
23997758,76.27
23997760,77.31
23997762,78.65
23997764,22.49
23997766,82.06
23997770,79.21
23997772,74.05
23997774,66.49
23997776,82.83
23997778,83.69
23997782,100.41
23997784,55.86
23997786,26.02
23997788,24.37
23997790,91.82
23997792,92.47
23997794,75.48
23997796,25.39
23997798,75.72
23997800,25.30
23997802,26.46
23997804,35.07
23997806,103.32
23997808,33.69
23997810,41.38
23997814,33.65
23997818,38.27
23997820,73.22
23997822,31.73
23997824,71.87
23997828,73.33
23997832,95.30
23997836,80.62
23997844,39.25
23997848,63.79
23997852,37.72
23997856,73.36
23997858,82.12
23997860,75.26
23997862,68.20
23997866,35.88
23997868,42.25
23997870,43.57
23997872,34.57
23997878,38.67
23997880,68.56
23997882,41.50
23997884,63.37
23997886,45.29
23997888,45.66
23997890,35.46
23997892,41.69
23997894,46.81
23997896,70.08
23997898,38.44
23997900,37.49
23997902,68.33
23997904,68.92
23997906,47.36
23997908,90.36
23997910,43.35
23997914,65.62
23997918,106.94
23997920,42.84
23997922,65.46
23997924,45.50
23997926,51.92
23997928,47.42
23997930,57.58
23997932,48.16
23997934,66.15
23997936,45.57
23997938,48.65
23997940,44.56
23997942,74.77
23997944,74.26
23997946,50.93
23997948,37.02
23997950,49.02
23997952,88.81
23997954,47.33
23997956,77.40
23997958,45.18
23997960,69.53
23997962,54.37
23997964,50.73
23997966,54.70
23997968,50.90
23997970,53.45
23997972,53.55
23997974,50.30
23997976,70.48
23997978,55.79
23997982,53.60
23997984,50.89
23997986,82.02
23997988,56.02
23997990,45.65
23997992,54.79
23997996,55.24
23997998,42.83
23998000,62.44
23998002,71.01
23998004,48.21
23998006,56.32
23998008,71.95
23998010,46.72
23998012,72.62
23998014,75.85
23998016,50.77
23998018,69.46
23998020,46.21
23998022,77.28
23998024,72.11
23998026,77.39
23998028,62.83
23998030,80.31
23998032,82.18
23998034,80.01
23998036,81.18
23998038,61.96
23998040,83.06
23998042,88.24
23998044,83.43
23998046,81.87
23998048,90.38
23998050,81.53
23998052,111.38
23998054,73.05
23998056,99.32
23998058,94.77
23998060,83.41
23998062,78.90
23998064,103.17
23998066,103.58
23998068,81.41
23998070,100.27
23998072,92.94
23998074,113.41
23998078,127.56
23998080,93.93
23998084,95.60
23998086,140.79
23998088,92.60
23998090,122.02
23998092,91.41
23998094,135.59
23998096,93.32
23998098,98.52
23998100,150.04
23998102,95.68
23998104,113.43
23998106,75.27
23998108,74.77
23998110,73.36
23998112,73.62
23998114,33.02
23998116,33.17
23998118,35.44
23998122,55.99
23998124,59.19
23998128,74.02
23998222,33.30
23998234,33.06
23998236,32.98
23998242,33.29
23998246,33.18
23998286,57.27
23998304,54.57
23998324,27.99
24001027,97.21
24001029,101.69
24001031,
24001033,
24001035,101.42
24001037,104.12
24001039,99.92
24001041,104.52
24001043,105.19
24001045,100.27
24001047,96.13
24001049,91.51
24001051,
24001053,88.32
24001055,94.34
24001057,103.50
24001059,105.72
24001061,108.14
24001063,112.13
24001065,120.74
24001067,126.00
24001069,130.12
24001071,130.45
24001073,126.52
24001075,119.32
24001077,109.58
24001079,111.47
24001081,105.98
24001083,105.34
24001085,105.54
24001089,83.81
24001091,85.56
24001093,88.88
24001095,97.67
24001097,104.00
24001099,105.79
24001101,106.51
24001103,106.39
24001105,104.41
24001107,104.87
24001109,105.94
24001111,108.52
24001113,108.85
24001115,108.75
24001117,108.32
24001119,109.72
24001121,109.35
24001123,112.94
24001125,112.24
24001127,111.55
24001129,84.50
24001131,86.96
24001133,90.63
24001135,93.75
24001137,95.84
24001139,101.48
24001141,81.50
24001143,82.51
24001145,81.61
24001147,81.20
24001149,81.62
24001151,82.26
24001153,82.62
24001155,84.28
24001157,87.08
24001159,89.97
24001161,83.76
24001163,87.39
24001167,103.96
24001169,81.72
24001171,80.85
24001173,80.88
24001175,
24001177,78.45
24001179,
24001181,
24001183,81.13
24001185,83.09
24001187,83.46
24001189,87.83
24001191,97.37
24001193,103.12
24001195,82.33
24001197,82.24
24001199,81.59
24001201,87.18
24001203,78.62
24001205,78.75
24001207,75.21
24001209,73.74
24001211,70.62
24001213,71.31
24001215,80.53
24001217,84.22
24001219,89.55
24001221,99.80
24001223,66.43
24001225,59.21
24001227,59.61
24001229,66.88
24001231,72.74
24001233,83.43
24001235,55.45
24001237,49.13
24001239,45.86
24001241,46.66
24001243,51.73
24001245,56.57
24001247,59.53
24001263,45.98
24001265,44.90
24001267,41.13
24001269,36.27
24001271,35.26
24001275,51.20
24001317,110.91
24001331,131.15
24001333,92.27
24001343,112.61
24001345,89.26
24001347,122.73
24001351,121.53
24001375,94.81
24001387,96.52
24001389,93.40
24001395,104.59
24001417,110.12
24001425,111.34
24001437,88.67
24001449,75.67
24001459,109.28
24001477,83.25
24001479,69.95
24001485,69.65
24001545,53.10
24001585,90.67
24001589,105.66
24001617,102.00
23953839,26.36
23953855,27.13
23953893,29.19
23953897,27.21
23953903,26.29
23989077,43.25
23989745,23.65
23997980,69.77
23998076,82.40
23998082,92.97
23998284,60.04
24001249,61.47
24001251,73.94
24001253,75.21
24001255,72.90
24001257,78.29
24001259,83.53
24001261,85.15
24001273,44.50
24001277,53.94
24001279,115.30
24001281,107.12
24001283,110.38
24001285,118.45
24001287,61.61
24001289,57.27
24001291,61.19
24001293,64.15
24001295,101.24
24001297,109.77
24001299,
24001301,
24001303,106.48
24001305,105.02
24001307,113.12
24001309,122.59
24001311,108.93
24001313,93.89
24001315,126.75
24001319,115.36
24001321,123.95
24001323,98.83
24001325,107.13
24001327,98.51
24001329,134.73
24001335,134.41
24001337,112.02
24001339,97.90
24001341,126.44
24001349,89.24
24001353,99.47
24001355,122.43
24001357,126.33
24001359,91.74
24001361,95.94
24001363,87.59
24001365,91.85
24001367,103.08
24001369,82.86
24001371,81.88
24001373,114.04
24001377,85.06
24001379,101.37
24001381,85.00
24001383,82.91
24001385,87.61
24001391,88.76
24001393,103.37
24001397,110.86
24001399,105.40
24001401,87.76
24001403,86.44
24001405,104.77
24001407,105.94
24001409,82.68
24001411,108.78
24001413,104.69
24001415,103.46
24001419,104.68
24001421,84.61
24001423,106.01
24001427,84.34
24001429,78.16
24001431,109.48
24001433,107.25
24001435,94.25
24001439,79.77
24001441,75.65
24001443,109.80
24001445,78.04
24001447,84.94
24001451,97.30
24001453,59.26
24001455,109.75
24001457,84.03
24001461,62.76
24001463,94.44
24001465,112.00
24001467,88.69
24001471,87.36
24001473,88.05
24001475,110.35
24001483,62.71
24001487,88.26
24001489,56.43
24001491,77.03
24001493,113.59
24001497,114.35
24001499,84.55
24001501,48.48
24001503,49.91
24001505,43.36
24001507,68.01
24001509,38.36
24001511,57.31
24001513,53.75
24001515,85.80
24001517,36.18
24001519,42.27
24001521,49.43
24001523,41.37
24001525,58.39
24001527,52.84
24001529,39.39
24001531,45.05
24001533,98.91
24001535,44.63
24001537,52.63
24001539,51.34
24001541,80.10
24001543,41.42
24001547,50.09
24001549,37.88
24001551,49.93
24001553,35.77
24001555,54.13
24001557,63.16
24001559,53.81
24001561,49.99
24001563,46.09
24001565,45.84
24001567,83.45
24001569,112.58
24001571,85.15
24001573,111.04
24001575,112.79
24001577,88.28
24001579,112.75
24001581,97.34
24001583,96.80
24001587,88.65
24001591,89.47
24001593,90.87
24001595,92.12
24001597,93.07
24001599,88.04
24001601,88.43
24001603,85.67
24001605,84.87
24001607,81.95
24001609,87.52
24001611,88.26
24001613,94.44
24001615,98.77
24001619,100.55
24001621,113.06
24001623,71.92
24534588,42.77
24534614,28.26
947110266,25.86
