GRIDCODE,FEATUREID,SOURCEFC,AreaSqKM,Class,FREQUENCY,SUM_Shape_,SUM_Shape_,HRIAarea,frbldgarea,COUNT,AREA,SUM,MEAN,ptHRIAarea,ptbfarea
1850783,4594771,NHDFlowline,43.974,5,219,42737.91806,0,42737.92,1,48860,43974000,39512.85493,1.014306181,0.0972,0.0899
1849297,4592907,NHDFlowline,36.2376,5,20,1811.597835,0,1811.6,1,40264,36237600,1099.884943,0.093855553,0.005,0.003
1850441,4571103,NHDFlowline,35.3268,6,2,79261.1488,462.9688272,79724.12,0.99419,39252,35326800,74075.7504,0.84258127,0.2257,0.2097
1849797,4593363,NHDFlowline,33.9615,5,75,14920.2393,0,14920.24,1,37735,33961500,13341.12295,1.38444415,0.0439,0.0393
1854872,10102896,NHDFlowline,32.4909,5,122,21896.88844,0,21896.89,1,36101,32490900,17826.87836,0.209606382,0.0674,0.0549
1849768,4593047,NHDFlowline,31.9293,5,2,254.3732563,0,254.37,1,35477,31929300,160.152252,0.027172534,0.0008,0.0005
1854373,10102836,NHDFlowline,31.4442,6,6,80672.01524,16.9291109,80688.94,0.99979,34902,31411800,71965.79258,0.848805226,0.2569,0.2291
1850186,4571725,NHDFlowline,29.5524,5,479,73736.48959,0,73736.49,1,32836,29552400,72167.69912,1.001004995,0.2495,0.2442
1849514,4592811,NHDFlowline,28.2456,5,44,12424.35877,0,12424.36,1,31384,28245600,11885.44212,0.561655621,0.044,0.0421
1849537,4593209,NHDFlowline,27.5076,5,10,548.6743454,0,548.67,1,30564,27507600,601.790649,0.056602539,0.002,0.0022
1849541,4593201,NHDFlowline,27.3006,5,6,361.5792433,0,361.58,1,30334,27300600,423.8665126,0.067613899,0.0013,0.0016
1849981,4593177,NHDFlowline,26.5185,5,50,9672.747839,0,9672.75,1,29465,26518500,9186.584684,0.130358052,0.0365,0.0346
1849540,4593191,NHDFlowline,26.4852,5,3,159.6723396,0,159.67,1,29370,26433000,86.83094374,0.035035751,0.0006,0.0003
1850816,4573947,NHDFlowline,25.0362,5,102,12328.0598,0,12328.06,1,27806,25025400,10658.67766,0.200100698,0.0493,0.0426
1850313,4570533,NHDFlowline,24.2226,6,2,52511.43267,6744.75477,59256.19,0.88618,26914,24222600,50591.60212,0.700267519,0.2446,0.2089
1851214,4573951,NHDFlowline,23.9283,5,226,32459.00385,0,32459,1,26587,23928300,25735.17023,0.375597096,0.1357,0.1076
1849775,4593243,NHDFlowline,23.8347,6,1,311.5105927,9450.247619,9761.76,0.03191,26483,23834700,234.6820029,0.03141638,0.041,0.001
1850194,4593961,NHDFlowline,23.5683,5,85,9034.223673,0,9034.22,1,26187,23568300,8595.450154,0.164470921,0.0383,0.0365
1850725,4573921,NHDFlowline,23.4729,6,1,81040.32217,0.034893099,81040.36,1,26081,23472900,71926.56531,2.155017062,0.3453,0.3064
1854786,10102372,NHDFlowline,23.3361,6,2,75436.57212,1437.802434,76874.37,0.9813,25929,23336100,70401.68246,0.809595434,0.3294,0.3017
1850015,4592883,NHDFlowline,22.6899,5,23,2998.6627,0,2998.66,1,25211,22689900,2678.534949,0.058506208,0.0132,0.0118
1850184,4571719,NHDFlowline,22.3542,5,177,26866.37091,0,26866.37,1,24838,22354200,26785.30045,0.514051051,0.1202,0.1198
1851194,4573801,NHDFlowline,22.2687,5,106,12168.07924,0,12168.08,1,24724,22251600,11405.15211,0.338618347,0.0547,0.0513
1850335,4570659,NHDFlowline,22.2633,5,270,36460.89433,0,36460.89,1,24737,22263300,34888.2359,0.613574807,0.1638,0.1567
1850627,4573799,NHDFlowline,22.1994,6,1,27635.4871,667.7784917,28303.27,0.97641,24666,22199400,22916.19714,0.318859969,0.1275,0.1032
1850952,9326224,NHDFlowline,22.1625,5,76,19491.75553,0,19491.76,1,24625,22162500,19109.64258,4.896243655,0.0879,0.0862
1850779,4595083,NHDFlowline,22.0527,6,1,39346.56569,108.4204622,39454.99,0.99725,24503,22052700,35744.06316,1.892951883,0.1789,0.1621
1850536,4570583,NHDFlowline,21.7116,5,58,7918.240738,0,7918.24,1,24124,21711600,7574.389585,0.228195987,0.0365,0.0349
1850332,4570655,NHDFlowline,20.61,5,69,7477.833073,0,7477.83,1,22862,20575800,7277.356082,0.310952673,0.0363,0.0354
1849983,4593969,NHDFlowline,20.232,5,145,19335.84267,0,19335.84,1,22480,20232000,17849.11002,0.329181495,0.0956,0.0882
1852009,6083811,NHDFlowline,19.9161,5,188,23397.73836,0,23397.74,1,22129,19916100,20135.44609,0.448280537,0.1175,0.1011
1850482,4572281,NHDFlowline,19.872,5,507,149203.443,0,149203.44,1,22080,19872000,141480.1622,4.56861413,0.7508,0.712
1850169,4570557,NHDFlowline,19.8189,5,74,7255.356537,0,7255.36,1,22021,19818900,7094.089663,0.098542301,0.0366,0.0358
1849632,4594635,NHDFlowline,19.44,5,66,10242.13942,0,10242.14,1,21600,19440000,9684.349066,0.531805556,0.0527,0.0498
1850831,4594779,NHDFlowline,19.2942,5,90,18770.57402,0,18770.57,1,21438,19294200,18247.20718,0.654352085,0.0973,0.0946
1850242,4571143,NHDFlowline,19.1853,5,199,24155.38967,0,24155.39,1,21308,19177200,21914.88207,0.457668481,0.126,0.1143
1850709,4594011,NHDFlowline,19.0728,5,48,4240.793328,0,4240.79,1,21192,19072800,4102.515849,0.127878445,0.0222,0.0215
1849520,4593213,NHDFlowline,19.0602,5,16,3230.053192,0,3230.05,1,21178,19060200,1591.023125,0.242468599,0.0169,0.0083
1850261,4572363,NHDFlowline,18.8289,5,417,78353.5367,0,78353.54,1,20921,18828900,75321.0732,2.022083074,0.4161,0.4
1849870,4593069,NHDFlowline,18.558,5,46,7283.460288,0,7283.46,1,20620,18558000,5976.92083,0.148593598,0.0392,0.0322
1851077,4573825,NHDFlowline,18.4617,5,156,26238.66652,0,26238.67,1,20513,18461700,22495.78935,0.690391459,0.1421,0.1219
1850542,4594655,NHDFlowline,18.2781,5,57,11837.11046,0,11837.11,1,20309,18278100,11479.1031,0.625683195,0.0648,0.0628
1852421,6089877,NHDFlowline,18.1917,5,62,8277.428859,0,8277.43,1,20211,18189900,15919.89966,0.231161249,0.0455,0.0875
1849298,4592911,NHDFlowline,18.1575,5,23,3395.389579,0,3395.39,1,20175,18157500,3344.810814,0.055068154,0.0187,0.0184
1850336,4570539,NHDFlowline,17.9982,5,272,38559.83551,0,38559.84,1,19998,17998200,37130.65134,0.818031803,0.2142,0.2063
1854357,10102464,NHDFlowline,17.8425,6,36,20935.94247,1245.32279,22181.27,0.94386,19825,17842500,17523.61514,0.354955864,0.1243,0.0982
1849997,4593249,NHDFlowline,17.811,6,2,900.1367312,1728.608466,2628.75,0.34242,19790,17811000,345.4902761,0.052551794,0.0148,0.0019
1850516,4571709,NHDFlowline,17.7795,5,174,26426.08441,0,26426.08,1,19755,17779500,25825.35237,0.618780056,0.1486,0.1453
1850026,4572313,NHDFlowline,17.7516,6,1,32478.79652,11584.96486,44063.76,0.73709,19724,17751600,29505.15326,0.889424052,0.2482,0.1662
1850646,4573737,NHDFlowline,17.6004,5,173,29287.57844,0,29287.58,1,19551,17595900,25946.5136,0.657511125,0.1664,0.1475
1850088,4570549,NHDFlowline,17.0694,5,270,61009.11968,0,61009.12,1,18966,17069400,48386.67667,1.434619846,0.3574,0.2835
1851096,4573857,NHDFlowline,16.9992,5,149,25883.34434,0,25883.34,1,18888,16999200,23952.27908,0.511965269,0.1523,0.1409
1850078,4592987,NHDFlowline,16.7922,5,40,9159.232209,0,9159.23,1,18658,16792200,7159.604719,0.731804052,0.0545,0.0426
1850972,9326206,NHDFlowline,16.5969,5,173,38689.87517,0,38689.88,1,18441,16596900,33658.48101,1.36858088,0.2331,0.2028
1850075,4570507,NHDFlowline,16.515,5,27,3127.812555,0,3127.81,1,18350,16515000,2013.871786,0.048283379,0.0189,0.0122
1854909,10103730,NHDFlowline,16.4007,5,254,36756.20969,0,36756.21,1,18213,16391700,33633.5204,0.492724977,0.2242,0.2052
1850469,4572277,NHDFlowline,16.362,5,102,12435.30835,0,12435.31,1,18146,16331400,9805.842035,0.109831368,0.0761,0.06
1850605,4573907,NHDFlowline,16.1433,5,96,18848.92548,0,18848.93,1,17937,16143300,17338.72527,0.557618331,0.1168,0.1074
1850404,4571115,NHDFlowline,16.1064,5,240,33570.09156,0,33570.09,1,17896,16106400,30549.84319,1.482118909,0.2084,0.1897
1850098,4572307,NHDFlowline,15.7788,5,640,139464.2371,0,139464.24,1,17532,15778800,129379.3482,6.024640657,0.8839,0.82
1849729,4593055,NHDFlowline,15.7788,5,73,9220.216512,0,9220.22,1,17532,15778800,8126.1566,0.282226785,0.0584,0.0515
1850733,4571089,NHDFlowline,15.6906,5,161,23487.50954,0,23487.51,1,17434,15690600,22237.40985,0.744292761,0.1497,0.1417
1849872,4593275,NHDFlowline,15.6825,5,22,3172.100998,0,3172.1,1,17425,15682500,2713.465299,0.039253945,0.0202,0.0173
1851081,9326190,NHDFlowline,15.6411,5,108,17300.26045,0,17300.26,1,17379,15641100,15793.02541,0.484550319,0.1106,0.101
1850294,4570691,NHDFlowline,15.5493,6,1,11854.95986,7722.328234,19577.29,0.60555,17247,15522300,10291.8301,0.233837769,0.1261,0.0663
1850260,4572371,NHDFlowline,15.4692,5,93,12401.87274,0,12401.87,1,17188,15469200,10571.64738,0.292471492,0.0802,0.0683
1855455,9332342,NHDFlowline,15.4332,6,3,42076.95973,959.3858769,43036.35,0.97771,17139,15425100,37845.98201,0.538771224,0.279,0.2454
1854801,10102876,NHDFlowline,15.4017,5,41,5554.102056,0,5554.1,1,17113,15401700,4816.2191,0.101443347,0.0361,0.0313
1850856,4595075,NHDFlowline,15.3828,5,96,16640.76877,0,16640.77,1,17092,15382800,15469.57263,1.24414931,0.1082,0.1006
1850666,4573747,NHDFlowline,15.2577,5,217,42087.41428,0,42087.41,1,16953,15257700,39076.40392,1.070724945,0.2758,0.2561
1850185,4570675,NHDFlowline,15.2145,5,15,1784.333556,0,1784.33,1,16905,15214500,1190.946959,0.215261757,0.0117,0.0078
1850036,4570657,NHDFlowline,15.0651,6,1,17667.09073,187.9285553,17855.02,0.98947,16739,15065100,15669.21271,0.355098871,0.1185,0.104
1852372,6083917,NHDFlowline,15.039,5,239,34304.1826,0,34304.18,1,16710,15039000,11895.35214,0.924296828,0.2281,0.0791
1850466,4573797,NHDFlowline,15.0048,5,190,30689.79533,0,30689.8,1,16672,15004800,24449.94279,1.850407869,0.2045,0.1629
1852639,6089029,NHDFlowline,14.6529,6,3,125417.2497,335.8537149,125753.1,0.99733,16281,14652900,126088.8414,4.946194951,0.8582,0.8605
1850514,4573785,NHDFlowline,14.5233,5,32,5344.552711,0,5344.55,1,16137,14523300,4195.114745,0.236103365,0.0368,0.0289
1850333,4570513,NHDFlowline,14.4135,6,1,6031.226159,9435.495505,15466.72,0.38995,16015,14413500,5082.379545,0.201685919,0.1073,0.0353
1852236,6082767,NHDFlowline,14.3892,5,63,8820.677183,0,8820.68,1,15952,14356800,6934.508688,0.154588766,0.0614,0.0483
1851943,6084391,NHDFlowline,14.3595,5,263,41944.56156,0,41944.56,1,15955,14359500,39550.38886,0.87928549,0.2921,0.2754
1854328,10102648,NHDFlowline,14.2506,5,222,33635.75892,0,33635.76,1,15834,14250600,30865.25766,0.779777694,0.236,0.2166
1852067,6084269,NHDFlowline,14.1804,5,177,22829.21429,0,22829.21,1,15756,14180400,21177.30192,0.492701193,0.161,0.1493
1855370,9332266,NHDFlowline,14.0994,5,391,141379.7899,0,141379.79,1,15666,14099400,123713.316,4.858036512,1.0027,0.8774
1851662,6084287,NHDFlowline,14.0742,5,149,31017.88693,0,31017.89,1,15638,14074200,29808.01297,0.624696253,0.2204,0.2118
1850305,4571131,NHDFlowline,13.9707,5,137,18675.43082,0,18675.43,1,15523,13970700,20084.08053,0.387553952,0.1337,0.1438
1849308,4592925,NHDFlowline,13.9104,5,68,9362.195978,0,9362.2,1,15456,13910400,9204.952155,0.98751294,0.0673,0.0662
1849522,4592849,NHDFlowline,13.8933,5,2,122.2570398,0,122.26,1,15407,13866300,69.24029877,0.093593821,0.0009,0.0005
1849773,4593021,NHDFlowline,13.8591,5,2,137.5904939,0,137.59,1,15399,13859100,137.3925227,0.012987856,0.001,0.001
1850153,4570575,NHDFlowline,13.7925,5,3,254.1197164,0,254.12,1,15325,13792500,248.266841,0.030734095,0.0018,0.0018
1850147,4593215,NHDFlowline,13.7484,5,1,86.11318257,0,86.11,1,15276,13748400,141.7818654,0.079274679,0.0006,0.001
1850217,166157777,NHDFlowline,13.7475,5,58,6076.487957,0,6076.49,1,15275,13747500,4982.603029,0.314238953,0.0442,0.0362
1849736,4592999,NHDFlowline,13.7016,5,23,6607.080796,0,6607.08,1,15224,13701600,6598.333036,0.897595901,0.0482,0.0482
1850289,4572355,NHDFlowline,13.6026,5,74,12771.18051,0,12771.18,1,15114,13602600,11816.44993,0.422456001,0.0939,0.0869
1851571,6082861,NHDFlowline,13.5162,5,92,12331.20033,0,12331.2,1,14970,13473000,9433.675596,0.414094856,0.0915,0.07
1849625,4592899,NHDFlowline,13.4505,5,58,11882.45582,0,11882.46,1,14945,13450500,9263.062648,0.693609903,0.0883,0.0689
1850647,4573903,NHDFlowline,13.4163,5,178,34810.45854,0,34810.46,1,14907,13416300,31985.70744,0.801838063,0.2595,0.2384
1852473,6088669,NHDFlowline,13.3263,5,60,9581.019497,0,9581.02,1,14806,13325400,9254.12858,0.301364312,0.0719,0.0694
1850625,4573739,NHDFlowline,13.2552,5,119,23520.37123,0,23520.37,1,14716,13244400,18920.00308,0.635702637,0.1776,0.1429
1852083,6088845,NHDFlowline,13.1949,5,205,37453.37026,0,37453.37,1,14661,13194900,33068.37353,1.005047405,0.2838,0.2506
1849834,4592933,NHDFlowline,13.0527,6,1,61.74845122,6785.051391,6846.8,0.00902,14503,13052700,75.9561753,0.018272082,0.0525,0.0006
1852178,6088663,NHDFlowline,12.9852,5,136,22799.273,0,22799.27,1,14428,12985200,17817.6344,0.390906571,0.1756,0.1372
1850364,4572353,NHDFlowline,12.9393,5,167,24141.25146,0,24141.25,1,14377,12939300,22630.30699,0.580093204,0.1866,0.1749
1851471,6083871,NHDFlowline,12.8754,5,16,1222.474431,0,1222.47,1,14306,12875400,1320.873934,0.020411016,0.0095,0.0103
1850004,4592813,NHDFlowline,12.8142,5,21,2503.318042,0,2503.32,1,14238,12814200,1790.724815,0.158800393,0.0195,0.014
1850366,4572369,NHDFlowline,12.7161,5,111,21080.46953,0,21080.47,1,14129,12716100,19662.90899,0.772949253,0.1658,0.1546
1851913,6082813,NHDFlowline,12.6585,6,1,27156.48516,0.097439171,27156.58,1,14065,12658500,24347.46047,2.428439389,0.2145,0.1923
1852453,6088885,NHDFlowline,12.6567,5,238,39632.86818,0,39632.87,1,14063,12656700,34208.75918,0.740738107,0.3131,0.2703
1855286,10102774,NHDFlowline,12.6063,5,26,4604.96052,0,4604.96,1,13994,12594600,4210.858013,0.089681292,0.0366,0.0334
1850326,4572311,NHDFlowline,12.5631,5,237,45747.93076,0,45747.93,1,13959,12563100,43392.6763,1.750841751,0.3641,0.3454
1849756,4593387,NHDFlowline,12.4929,5,235,27779.52083,0,27779.52,1,13881,12492900,12680.95424,0.085728694,0.2224,0.1015
1850576,4570671,NHDFlowline,12.4677,5,1,7.083583777,0,7.08,1,13853,12467700,104.8481749,0.008445824,0.0001,0.0008
1850096,4593221,NHDFlowline,12.3534,5,4,868.6649421,0,868.66,1,13726,12353400,131.0777776,0,0.007,0.0011
1850824,4573945,NHDFlowline,12.3435,5,181,23049.21748,0,23049.22,1,13715,12343500,18182.11142,0.666934014,0.1867,0.1473
1852530,6089003,NHDFlowline,12.3426,5,218,34134.82864,0,34134.83,1,13714,12342600,23086.37077,0.721817121,0.2766,0.187
1852199,6082745,NHDFlowline,12.3363,5,67,8116.271626,0,8116.27,1,13651,12285900,6138.473047,0.387004615,0.0661,0.05
1850492,4572391,NHDFlowline,12.312,5,205,50120.25469,0,50120.25,1,13680,12312000,46784.09162,4.425877193,0.4071,0.38
1852320,6082763,NHDFlowline,12.2211,5,6,968.3352897,0,968.34,1,13574,12216600,708.7787674,0.02630028,0.0079,0.0058
1855415,166161614,NHDFlowline,12.2112,5,225,39241.51654,0,39241.52,1,13568,12211200,35749.65319,1.610849057,0.3214,0.2928
1851825,6083657,NHDFlowline,12.1734,6,2,18532.59681,0.970193547,18533.57,0.99995,13526,12173400,18715.27395,0.314801124,0.1522,0.1537
1851902,6082785,NHDFlowline,12.0384,5,2,200.5446091,0,200.54,1,13322,11989800,199.8534283,0.073262273,0.0017,0.0017
1849653,4592875,NHDFlowline,11.97,5,22,3474.122058,0,3474.12,1,13300,11970000,2733.628576,1.139097744,0.029,0.0228
1849530,4593179,NHDFlowline,11.952,5,38,8395.057937,0,8395.06,1,13280,11952000,8435.787485,1.407605422,0.0702,0.0706
1849708,4592977,NHDFlowline,11.9421,6,1,2036.054191,10118.8396,12154.89,0.16751,13269,11942100,1346.155373,0.171452257,0.1018,0.0113
1877339,4599489,NHDFlowline,11.8575,.,.,0,0,0,.,1,900,274.3652425,0,0,30.485
1850735,4570521,NHDFlowline,11.8107,5,217,34072.13344,0,34072.13,1,13123,11810700,33462.49505,1.382534481,0.2885,0.2833
1855453,9332502,NHDFlowline,11.8107,6,1,47306.2069,6432.850411,53739.06,0.88029,13123,11810700,33665.71229,2.570601234,0.455,0.285
1850312,4570531,NHDFlowline,11.7279,5,293,52222.73431,0,52222.73,1,13031,11727900,52447.34932,1.994167754,0.4453,0.4472
1850095,4592847,NHDFlowline,11.673,5,5,315.2614048,0,315.26,1,12949,11654100,275.998806,0.066491621,0.0027,0.0024
1852336,6082871,NHDFlowline,11.6685,5,38,5586.2033,0,5586.2,1,12957,11661300,4207.650784,0.111522729,0.0479,0.0361
1849978,4592785,NHDFlowline,11.6568,5,19,1371.33669,0,1371.34,1,12952,11656800,1147.441242,0.080450896,0.0118,0.0098
1850945,4573807,NHDFlowline,11.6478,5,49,5468.478432,0,5468.48,1,12942,11647800,2438.889404,0.211868336,0.0469,0.0209
1850870,9326198,NHDFlowline,11.6343,5,226,33959.36474,0,33959.36,1,12927,11634300,28737.73455,1.083700781,0.2919,0.247
1852503,6089027,NHDFlowline,11.5263,5,267,47803.37958,0,47803.38,1,12807,11526300,43823.50893,1.821269618,0.4147,0.3802
1849767,4593259,NHDFlowline,11.4921,6,1,329.280526,5451.751289,5781.03,0.05696,12769,11492100,205.7464308,0.003759104,0.0503,0.0018
1850215,4571729,NHDFlowline,11.4876,5,245,79441.73099,0,79441.73,1,12764,11487600,76067.70233,3.537057349,0.6915,0.6622
1849751,4592983,NHDFlowline,11.3454,5,5,427.56511,0,427.57,1,12606,11345400,200.495432,0.093209583,0.0038,0.0018
1852321,6082859,NHDFlowline,11.3247,6,10,7888.761038,8.893406871,7897.65,0.99887,12576,11318400,7911.02779,0.147900763,0.0698,0.0699
1850355,4570571,NHDFlowline,11.3202,5,377,70168.36955,0,70168.37,1,12578,11320200,69226.90453,3.112895532,0.6199,0.6115
1850382,4572357,NHDFlowline,11.2689,6,1,27467.93009,1297.034323,28764.96,0.95491,12506,11255400,25937.75626,1.276587238,0.2556,0.2304
1849998,4592803,NHDFlowline,11.1951,5,32,3604.484093,0,3604.48,1,12439,11195100,2874.462082,0.106359032,0.0322,0.0257
1854344,10102552,NHDFlowline,11.1951,6,1,32950.11261,74.80640245,33024.92,0.99773,12439,11195100,30762.92358,1.178792507,0.295,0.2748
1849915,4572347,NHDFlowline,11.1456,5,78,16859.12279,0,16859.12,1,12384,11145600,16006.82277,0.597060724,0.1513,0.1436
1850470,4572367,NHDFlowline,11.1456,5,122,22232.63724,0,22232.64,1,12384,11145600,19608.8955,0.512193152,0.1995,0.1759
1849863,4570597,NHDFlowline,11.1348,5,198,32940.48994,0,32940.49,1,12372,11134800,34067.41469,0.932104753,0.2958,0.306
1851733,6082865,NHDFlowline,11.0826,6,8,5000.121656,11.63147162,5011.75,0.99768,12300,11070000,5017.72583,0.645609756,0.0453,0.0453
1851872,6082771,NHDFlowline,11.0529,5,93,17660.92868,0,17660.93,1,12238,11014200,15450.70029,0.307239745,0.1603,0.1403
1851977,6083977,NHDFlowline,11.007,5,59,9055.042701,0,9055.04,1,12230,11007000,8722.203317,0.169664759,0.0823,0.0792
1854824,10102912,NHDFlowline,10.9368,6,1,12312.60722,727.8869156,13040.49,0.94418,12152,10936800,11461.67789,0.354344964,0.1192,0.1048
1850325,4571159,NHDFlowline,10.9269,5,22,2282.50035,0,2282.5,1,12141,10926900,2230.701276,0.065645334,0.0209,0.0204
1851417,4573929,NHDFlowline,10.9233,5,57,8498.640127,0,8498.64,1,12137,10923300,7040.189428,0.304440966,0.0778,0.0645
1851068,4594991,NHDFlowline,10.8459,5,43,6443.179826,0,6443.18,1,12051,10845900,6301.302976,0.745747241,0.0594,0.0581
1849903,4593053,NHDFlowline,10.8288,5,6,785.5200968,0,785.52,1,12032,10828800,627.4289389,0.022855718,0.0073,0.0058
1850131,4593219,NHDFlowline,10.8108,5,11,1203.914427,0,1203.91,1,12012,10810800,1009.005329,0.018481518,0.0111,0.0093
1850846,9326136,NHDFlowline,10.7118,5,101,14321.25168,0,14321.25,1,11902,10711800,12070.19955,1.513443119,0.1337,0.1127
1849952,4571157,NHDFlowline,10.6893,5,44,7459.547827,0,7459.55,1,11877,10689300,6134.101196,0.179506609,0.0698,0.0574
1851562,6082747,NHDFlowline,10.6596,5,57,8312.671514,0,8312.67,1,11832,10648800,6715.732082,0.436443543,0.0781,0.0631
1850680,4594697,NHDFlowline,10.6578,5,18,2040.058591,0,2040.06,1,11842,10657800,1599.498092,0.099560885,0.0191,0.015
1850750,4571083,NHDFlowline,10.6542,5,118,14893.27732,0,14893.28,1,11838,10654200,13048.90972,0.498986315,0.1398,0.1225
1854332,10102884,NHDFlowline,10.6524,5,450,119606.3304,0,119606.33,1,11836,10652400,107617.2575,3.111186212,1.1228,1.0103
1850038,4570517,NHDFlowline,10.6299,5,64,7101.725607,0,7101.73,1,11811,10629900,7232.978294,0.348065363,0.0668,0.068
1852234,6082769,NHDFlowline,10.602,5,87,12583.35036,0,12583.35,1,11780,10602000,11342.58291,0.428353141,0.1187,0.107
1854454,10102374,NHDFlowline,10.5579,6,1,62089.87507,2432.295495,64522.17,0.9623,11731,10557900,54238.29582,2.042195891,0.6111,0.5137
1849889,4593091,NHDFlowline,10.512,5,19,2959.337108,0,2959.34,1,11680,10512000,2369.355809,0.027825342,0.0282,0.0225
1850965,4573821,NHDFlowline,10.4985,5,28,4008.669273,0,4008.67,1,11636,10472400,2918.006175,0.178325885,0.0383,0.0279
1855249,10102778,NHDFlowline,10.4688,5,12,2659.726642,0,2659.73,1,11604,10443600,2313.138165,0.06876939,0.0255,0.0221
1852244,6084293,NHDFlowline,10.4499,5,54,7664.969338,0,7664.97,1,11611,10449900,7577.458033,0.221255706,0.0733,0.0725
1851675,4574801,NHDFlowline,10.323,5,88,13397.64184,0,13397.64,1,11470,10323000,6051.271696,0.416390584,0.1298,0.0586
1852505,6088843,NHDFlowline,10.2861,5,55,8707.758657,0,8707.76,1,11429,10286100,4360.696208,0.761308951,0.0847,0.0424
1850537,4570525,NHDFlowline,10.2492,6,2,2539.276452,20795.11324,23334.39,0.10882,11388,10249200,1049.099787,0.092817,0.2277,0.0102
1854395,10102762,NHDFlowline,10.2087,5,8,1453.078155,0,1453.08,1,11332,10198800,2579.895368,0.666343099,0.0142,0.0253
1851578,4574807,NHDFlowline,10.1997,5,218,34968.20673,0,34968.21,1,11333,10199700,23293.98368,0.976705197,0.3428,0.2284
1852816,9327482,NHDFlowline,10.1952,5,76,13248.34271,0,13248.34,1,11328,10195200,11573.23263,0.331126412,0.1299,0.1135
1852010,6083861,NHDFlowline,10.1808,6,7,2245.437569,11.37948712,2256.82,0.99496,11312,10180800,4215.151128,0.211368458,0.0222,0.0414
1852319,6082787,NHDFlowline,10.1538,5,6,1236.963004,0,1236.96,1,11279,10151100,153.2040726,0.0102846,0.0122,0.0015
1854785,10102794,NHDFlowline,10.1538,5,76,14885.77499,0,14885.77,1,11282,10153800,13373.78848,0.290551321,0.1466,0.1317
1850442,4572403,NHDFlowline,10.1502,6,1,28179.64663,70.70345649,28250.35,0.9975,11247,10122300,22044.61714,0.874544323,0.2791,0.2178
1851366,4573931,NHDFlowline,10.1493,5,62,8873.504433,0,8873.5,1,11277,10149300,7216.027689,0.286601046,0.0874,0.0711
1850056,4570519,NHDFlowline,10.1439,5,22,1748.075001,0,1748.08,1,11271,10143900,1377.766925,0.06263863,0.0172,0.0136
1851942,6083597,NHDFlowline,10.1142,5,1,130.4597724,0,130.46,1,11215,10093500,130.9411907,0.08711547,0.0013,0.0013
1852455,6088945,NHDFlowline,10.107,5,94,15750.37508,0,15750.38,1,11230,10107000,8499.980155,0.616384684,0.1558,0.0841
1850414,4571705,NHDFlowline,10.0503,5,89,16562.91202,0,16562.91,1,11167,10050300,16211.99482,0.643144981,0.1648,0.1613
1852328,6083639,NHDFlowline,10.0467,5,119,18662.85478,0,18662.85,1,11163,10046700,9871.525908,0.458030995,0.1858,0.0983
