BMP,InfiltrationRate_inperhr,DepthofRunoffFromImpvArea_in,Pollutant,LoadReduction,Source
InfiltrationTrench,0.17,0.1,TSS,32%,University of New Hampshire -  Stormwater Center -  Durham -  NH May -  2019 Factsheet
InfiltrationTrench,0.17,0.1,Phosphorus,18%,University of New Hampshire -  Stormwater Center -  Durham -  NH May -  2019 Factsheet
InfiltrationTrench,0.17,0.1,Nitrogen,56%,University of New Hampshire -  Stormwater Center -  Durham -  NH May -  2019 Factsheet
InfiltrationTrench,0.17,0.1,Zinc,51%,University of New Hampshire -  Stormwater Center -  Durham -  NH May -  2019 Factsheet
InfiltrationTrench,0.17,0.1,Runoff Volume,15%,University of New Hampshire -  Stormwater Center -  Durham -  NH May -  2019 Factsheet
InfiltrationTrench,0.17,0.2,TSS,56%,University of New Hampshire -  Stormwater Center -  Durham -  NH May -  2019 Factsheet
InfiltrationTrench,0.17,0.2,Phosphorus,33%,University of New Hampshire -  Stormwater Center -  Durham -  NH May -  2019 Factsheet
InfiltrationTrench,0.17,0.2,Nitrogen,72%,University of New Hampshire -  Stormwater Center -  Durham -  NH May -  2019 Factsheet
InfiltrationTrench,0.17,0.2,Zinc,77%,University of New Hampshire -  Stormwater Center -  Durham -  NH May -  2019 Factsheet
InfiltrationTrench,0.17,0.2,Runoff Volume,28%,University of New Hampshire -  Stormwater Center -  Durham -  NH May -  2019 Factsheet
InfiltrationTrench,0.17,0.4,TSS,84%,University of New Hampshire -  Stormwater Center -  Durham -  NH May -  2019 Factsheet
InfiltrationTrench,0.17,0.4,Phosphorus,57%,University of New Hampshire -  Stormwater Center -  Durham -  NH May -  2019 Factsheet
InfiltrationTrench,0.17,0.4,Nitrogen,87%,University of New Hampshire -  Stormwater Center -  Durham -  NH May -  2019 Factsheet
InfiltrationTrench,0.17,0.4,Zinc,94%,University of New Hampshire -  Stormwater Center -  Durham -  NH May -  2019 Factsheet
InfiltrationTrench,0.17,0.4,Runoff Volume,49%,University of New Hampshire -  Stormwater Center -  Durham -  NH May -  2019 Factsheet
InfiltrationTrench,0.17,0.6,TSS,95%,University of New Hampshire -  Stormwater Center -  Durham -  NH May -  2019 Factsheet
InfiltrationTrench,0.17,0.6,Phosphorus,73%,University of New Hampshire -  Stormwater Center -  Durham -  NH May -  2019 Factsheet
InfiltrationTrench,0.17,0.6,Nitrogen,93%,University of New Hampshire -  Stormwater Center -  Durham -  NH May -  2019 Factsheet
InfiltrationTrench,0.17,0.6,Zinc,98%,University of New Hampshire -  Stormwater Center -  Durham -  NH May -  2019 Factsheet
InfiltrationTrench,0.17,0.6,Runoff Volume,64%,University of New Hampshire -  Stormwater Center -  Durham -  NH May -  2019 Factsheet
InfiltrationTrench,0.17,0.8,TSS,98%,University of New Hampshire -  Stormwater Center -  Durham -  NH May -  2019 Factsheet
InfiltrationTrench,0.17,0.8,Phosphorus,83%,University of New Hampshire -  Stormwater Center -  Durham -  NH May -  2019 Factsheet
InfiltrationTrench,0.17,0.8,Nitrogen,96%,University of New Hampshire -  Stormwater Center -  Durham -  NH May -  2019 Factsheet
InfiltrationTrench,0.17,0.8,Zinc,99%,University of New Hampshire -  Stormwater Center -  Durham -  NH May -  2019 Factsheet
InfiltrationTrench,0.17,0.8,Runoff Volume,75%,University of New Hampshire -  Stormwater Center -  Durham -  NH May -  2019 Factsheet
InfiltrationTrench,0.17,1,TSS,99%,University of New Hampshire -  Stormwater Center -  Durham -  NH May -  2019 Factsheet
InfiltrationTrench,0.17,1,Phosphorus,90%,University of New Hampshire -  Stormwater Center -  Durham -  NH May -  2019 Factsheet
InfiltrationTrench,0.17,1,Nitrogen,98%,University of New Hampshire -  Stormwater Center -  Durham -  NH May -  2019 Factsheet
InfiltrationTrench,0.17,1,Zinc,99%,University of New Hampshire -  Stormwater Center -  Durham -  NH May -  2019 Factsheet
InfiltrationTrench,0.17,1,Runoff Volume,82%,University of New Hampshire -  Stormwater Center -  Durham -  NH May -  2019 Factsheet
InfiltrationTrench,0.17,1.5,TSS,100%,University of New Hampshire -  Stormwater Center -  Durham -  NH May -  2019 Factsheet
InfiltrationTrench,0.17,1.5,Phosphorus,97%,University of New Hampshire -  Stormwater Center -  Durham -  NH May -  2019 Factsheet
InfiltrationTrench,0.17,1.5,Nitrogen,99%,University of New Hampshire -  Stormwater Center -  Durham -  NH May -  2019 Factsheet
InfiltrationTrench,0.17,1.5,Zinc,100%,University of New Hampshire -  Stormwater Center -  Durham -  NH May -  2019 Factsheet
InfiltrationTrench,0.17,1.5,Runoff Volume,92%,University of New Hampshire -  Stormwater Center -  Durham -  NH May -  2019 Factsheet
InfiltrationTrench,0.17,2,TSS,100%,University of New Hampshire -  Stormwater Center -  Durham -  NH May -  2019 Factsheet
InfiltrationTrench,0.17,2,Phosphorus,99%,University of New Hampshire -  Stormwater Center -  Durham -  NH May -  2019 Factsheet
InfiltrationTrench,0.17,2,Nitrogen,100%,University of New Hampshire -  Stormwater Center -  Durham -  NH May -  2019 Factsheet
InfiltrationTrench,0.17,2,Zinc,100%,University of New Hampshire -  Stormwater Center -  Durham -  NH May -  2019 Factsheet
InfiltrationTrench,0.17,2,Runoff Volume,95%,University of New Hampshire -  Stormwater Center -  Durham -  NH May -  2019 Factsheet
InfiltrationTrench,0.27,0.1,TSS,36%,University of New Hampshire -  Stormwater Center -  Durham -  NH May -  2019 Factsheet
InfiltrationTrench,0.27,0.1,Phosphorus,20%,University of New Hampshire -  Stormwater Center -  Durham -  NH May -  2019 Factsheet
InfiltrationTrench,0.27,0.1,Nitrogen,57%,University of New Hampshire -  Stormwater Center -  Durham -  NH May -  2019 Factsheet
InfiltrationTrench,0.27,0.1,Zinc,57%,University of New Hampshire -  Stormwater Center -  Durham -  NH May -  2019 Factsheet
InfiltrationTrench,0.27,0.1,Runoff Volume,18%,University of New Hampshire -  Stormwater Center -  Durham -  NH May -  2019 Factsheet
InfiltrationTrench,0.27,0.2,TSS,51%,University of New Hampshire -  Stormwater Center -  Durham -  NH May -  2019 Factsheet
InfiltrationTrench,0.27,0.2,Phosphorus,37%,University of New Hampshire -  Stormwater Center -  Durham -  NH May -  2019 Factsheet
InfiltrationTrench,0.27,0.2,Nitrogen,74%,University of New Hampshire -  Stormwater Center -  Durham -  NH May -  2019 Factsheet
InfiltrationTrench,0.27,0.2,Zinc,84%,University of New Hampshire -  Stormwater Center -  Durham -  NH May -  2019 Factsheet
InfiltrationTrench,0.27,0.2,Runoff Volume,33%,University of New Hampshire -  Stormwater Center -  Durham -  NH May -  2019 Factsheet
InfiltrationTrench,0.27,0.4,TSS,88%,University of New Hampshire -  Stormwater Center -  Durham -  NH May -  2019 Factsheet
InfiltrationTrench,0.27,0.4,Phosphorus,63%,University of New Hampshire -  Stormwater Center -  Durham -  NH May -  2019 Factsheet
InfiltrationTrench,0.27,0.4,Nitrogen,88%,University of New Hampshire -  Stormwater Center -  Durham -  NH May -  2019 Factsheet
InfiltrationTrench,0.27,0.4,Zinc,97%,University of New Hampshire -  Stormwater Center -  Durham -  NH May -  2019 Factsheet
InfiltrationTrench,0.27,0.4,Runoff Volume,55%,University of New Hampshire -  Stormwater Center -  Durham -  NH May -  2019 Factsheet
InfiltrationTrench,0.27,0.6,TSS,97%,University of New Hampshire -  Stormwater Center -  Durham -  NH May -  2019 Factsheet
InfiltrationTrench,0.27,0.6,Phosphorus,78%,University of New Hampshire -  Stormwater Center -  Durham -  NH May -  2019 Factsheet
InfiltrationTrench,0.27,0.6,Nitrogen,94%,University of New Hampshire -  Stormwater Center -  Durham -  NH May -  2019 Factsheet
InfiltrationTrench,0.27,0.6,Zinc,99%,University of New Hampshire -  Stormwater Center -  Durham -  NH May -  2019 Factsheet
InfiltrationTrench,0.27,0.6,Runoff Volume,70%,University of New Hampshire -  Stormwater Center -  Durham -  NH May -  2019 Factsheet
InfiltrationTrench,0.27,0.8,TSS,99%,University of New Hampshire -  Stormwater Center -  Durham -  NH May -  2019 Factsheet
InfiltrationTrench,0.27,0.8,Phosphorus,86%,University of New Hampshire -  Stormwater Center -  Durham -  NH May -  2019 Factsheet
InfiltrationTrench,0.27,0.8,Nitrogen,97%,University of New Hampshire -  Stormwater Center -  Durham -  NH May -  2019 Factsheet
InfiltrationTrench,0.27,0.8,Zinc,99%,University of New Hampshire -  Stormwater Center -  Durham -  NH May -  2019 Factsheet
InfiltrationTrench,0.27,0.8,Runoff Volume,79%,University of New Hampshire -  Stormwater Center -  Durham -  NH May -  2019 Factsheet
InfiltrationTrench,0.27,1,TSS,100%,University of New Hampshire -  Stormwater Center -  Durham -  NH May -  2019 Factsheet
InfiltrationTrench,0.27,1,Phosphorus,92%,University of New Hampshire -  Stormwater Center -  Durham -  NH May -  2019 Factsheet
InfiltrationTrench,0.27,1,Nitrogen,98%,University of New Hampshire -  Stormwater Center -  Durham -  NH May -  2019 Factsheet
InfiltrationTrench,0.27,1,Zinc,100%,University of New Hampshire -  Stormwater Center -  Durham -  NH May -  2019 Factsheet
InfiltrationTrench,0.27,1,Runoff Volume,85%,University of New Hampshire -  Stormwater Center -  Durham -  NH May -  2019 Factsheet
InfiltrationTrench,0.27,1.5,TSS,100%,University of New Hampshire -  Stormwater Center -  Durham -  NH May -  2019 Factsheet
InfiltrationTrench,0.27,1.5,Phosphorus,97%,University of New Hampshire -  Stormwater Center -  Durham -  NH May -  2019 Factsheet
InfiltrationTrench,0.27,1.5,Nitrogen,99%,University of New Hampshire -  Stormwater Center -  Durham -  NH May -  2019 Factsheet
InfiltrationTrench,0.27,1.5,Zinc,100%,University of New Hampshire -  Stormwater Center -  Durham -  NH May -  2019 Factsheet
InfiltrationTrench,0.27,1.5,Runoff Volume,93%,University of New Hampshire -  Stormwater Center -  Durham -  NH May -  2019 Factsheet
InfiltrationTrench,0.27,2,TSS,100%,University of New Hampshire -  Stormwater Center -  Durham -  NH May -  2019 Factsheet
InfiltrationTrench,0.27,2,Phosphorus,99%,University of New Hampshire -  Stormwater Center -  Durham -  NH May -  2019 Factsheet
InfiltrationTrench,0.27,2,Nitrogen,100%,University of New Hampshire -  Stormwater Center -  Durham -  NH May -  2019 Factsheet
InfiltrationTrench,0.27,2,Zinc,100%,University of New Hampshire -  Stormwater Center -  Durham -  NH May -  2019 Factsheet
InfiltrationTrench,0.27,2,Runoff Volume,96%,University of New Hampshire -  Stormwater Center -  Durham -  NH May -  2019 Factsheet
InfiltrationTrench,0.52,0.1,TSS,40%,University of New Hampshire -  Stormwater Center -  Durham -  NH May -  2019 Factsheet
InfiltrationTrench,0.52,0.1,Phosphorus,23%,University of New Hampshire -  Stormwater Center -  Durham -  NH May -  2019 Factsheet
InfiltrationTrench,0.52,0.1,Nitrogen,59%,University of New Hampshire -  Stormwater Center -  Durham -  NH May -  2019 Factsheet
InfiltrationTrench,0.52,0.1,Zinc,65%,University of New Hampshire -  Stormwater Center -  Durham -  NH May -  2019 Factsheet
InfiltrationTrench,0.52,0.1,Runoff Volume,22%,University of New Hampshire -  Stormwater Center -  Durham -  NH May -  2019 Factsheet
InfiltrationTrench,0.52,0.2,TSS,66%,University of New Hampshire -  Stormwater Center -  Durham -  NH May -  2019 Factsheet
InfiltrationTrench,0.52,0.2,Phosphorus,42%,University of New Hampshire -  Stormwater Center -  Durham -  NH May -  2019 Factsheet
InfiltrationTrench,0.52,0.2,Nitrogen,76%,University of New Hampshire -  Stormwater Center -  Durham -  NH May -  2019 Factsheet
InfiltrationTrench,0.52,0.2,Zinc,90%,University of New Hampshire -  Stormwater Center -  Durham -  NH May -  2019 Factsheet
InfiltrationTrench,0.52,0.2,Runoff Volume,39%,University of New Hampshire -  Stormwater Center -  Durham -  NH May -  2019 Factsheet
InfiltrationTrench,0.52,0.4,TSS,91%,University of New Hampshire -  Stormwater Center -  Durham -  NH May -  2019 Factsheet
InfiltrationTrench,0.52,0.4,Phosphorus,68%,University of New Hampshire -  Stormwater Center -  Durham -  NH May -  2019 Factsheet
InfiltrationTrench,0.52,0.4,Nitrogen,90%,University of New Hampshire -  Stormwater Center -  Durham -  NH May -  2019 Factsheet
InfiltrationTrench,0.52,0.4,Zinc,98%,University of New Hampshire -  Stormwater Center -  Durham -  NH May -  2019 Factsheet
InfiltrationTrench,0.52,0.4,Runoff Volume,62%,University of New Hampshire -  Stormwater Center -  Durham -  NH May -  2019 Factsheet
InfiltrationTrench,0.52,0.6,TSS,98%,University of New Hampshire -  Stormwater Center -  Durham -  NH May -  2019 Factsheet
InfiltrationTrench,0.52,0.6,Phosphorus,82%,University of New Hampshire -  Stormwater Center -  Durham -  NH May -  2019 Factsheet
InfiltrationTrench,0.52,0.6,Nitrogen,95%,University of New Hampshire -  Stormwater Center -  Durham -  NH May -  2019 Factsheet
InfiltrationTrench,0.52,0.6,Zinc,99%,University of New Hampshire -  Stormwater Center -  Durham -  NH May -  2019 Factsheet
InfiltrationTrench,0.52,0.6,Runoff Volume,76%,University of New Hampshire -  Stormwater Center -  Durham -  NH May -  2019 Factsheet
InfiltrationTrench,0.52,0.8,TSS,99%,University of New Hampshire -  Stormwater Center -  Durham -  NH May -  2019 Factsheet
InfiltrationTrench,0.52,0.8,Phosphorus,89%,University of New Hampshire -  Stormwater Center -  Durham -  NH May -  2019 Factsheet
InfiltrationTrench,0.52,0.8,Nitrogen,98%,University of New Hampshire -  Stormwater Center -  Durham -  NH May -  2019 Factsheet
InfiltrationTrench,0.52,0.8,Zinc,100%,University of New Hampshire -  Stormwater Center -  Durham -  NH May -  2019 Factsheet
InfiltrationTrench,0.52,0.8,Runoff Volume,84%,University of New Hampshire -  Stormwater Center -  Durham -  NH May -  2019 Factsheet
InfiltrationTrench,0.52,1,TSS,100%,University of New Hampshire -  Stormwater Center -  Durham -  NH May -  2019 Factsheet
InfiltrationTrench,0.52,1,Phosphorus,94%,University of New Hampshire -  Stormwater Center -  Durham -  NH May -  2019 Factsheet
InfiltrationTrench,0.52,1,Nitrogen,99%,University of New Hampshire -  Stormwater Center -  Durham -  NH May -  2019 Factsheet
InfiltrationTrench,0.52,1,Zinc,100%,University of New Hampshire -  Stormwater Center -  Durham -  NH May -  2019 Factsheet
InfiltrationTrench,0.52,1,Runoff Volume,89%,University of New Hampshire -  Stormwater Center -  Durham -  NH May -  2019 Factsheet
InfiltrationTrench,0.52,1.5,TSS,100%,University of New Hampshire -  Stormwater Center -  Durham -  NH May -  2019 Factsheet
InfiltrationTrench,0.52,1.5,Phosphorus,98%,University of New Hampshire -  Stormwater Center -  Durham -  NH May -  2019 Factsheet
InfiltrationTrench,0.52,1.5,Nitrogen,100%,University of New Hampshire -  Stormwater Center -  Durham -  NH May -  2019 Factsheet
InfiltrationTrench,0.52,1.5,Zinc,100%,University of New Hampshire -  Stormwater Center -  Durham -  NH May -  2019 Factsheet
InfiltrationTrench,0.52,1.5,Runoff Volume,95%,University of New Hampshire -  Stormwater Center -  Durham -  NH May -  2019 Factsheet
InfiltrationTrench,0.52,2,TSS,100%,University of New Hampshire -  Stormwater Center -  Durham -  NH May -  2019 Factsheet
InfiltrationTrench,0.52,2,Phosphorus,99%,University of New Hampshire -  Stormwater Center -  Durham -  NH May -  2019 Factsheet
InfiltrationTrench,0.52,2,Nitrogen,100%,University of New Hampshire -  Stormwater Center -  Durham -  NH May -  2019 Factsheet
InfiltrationTrench,0.52,2,Zinc,100%,University of New Hampshire -  Stormwater Center -  Durham -  NH May -  2019 Factsheet
InfiltrationTrench,0.52,2,Runoff Volume,97%,University of New Hampshire -  Stormwater Center -  Durham -  NH May -  2019 Factsheet
InfiltrationTrench,1.02,0.1,TSS,44%,University of New Hampshire -  Stormwater Center -  Durham -  NH May -  2019 Factsheet
InfiltrationTrench,1.02,0.1,Phosphorus,27%,University of New Hampshire -  Stormwater Center -  Durham -  NH May -  2019 Factsheet
InfiltrationTrench,1.02,0.1,Nitrogen,61%,University of New Hampshire -  Stormwater Center -  Durham -  NH May -  2019 Factsheet
InfiltrationTrench,1.02,0.1,Zinc,72%,University of New Hampshire -  Stormwater Center -  Durham -  NH May -  2019 Factsheet
InfiltrationTrench,1.02,0.1,Runoff Volume,26%,University of New Hampshire -  Stormwater Center -  Durham -  NH May -  2019 Factsheet
InfiltrationTrench,1.02,0.2,TSS,70%,University of New Hampshire -  Stormwater Center -  Durham -  NH May -  2019 Factsheet
InfiltrationTrench,1.02,0.2,Phosphorus,47%,University of New Hampshire -  Stormwater Center -  Durham -  NH May -  2019 Factsheet
InfiltrationTrench,1.02,0.2,Nitrogen,78%,University of New Hampshire -  Stormwater Center -  Durham -  NH May -  2019 Factsheet
InfiltrationTrench,1.02,0.2,Zinc,94%,University of New Hampshire -  Stormwater Center -  Durham -  NH May -  2019 Factsheet
InfiltrationTrench,1.02,0.2,Runoff Volume,45%,University of New Hampshire -  Stormwater Center -  Durham -  NH May -  2019 Factsheet
InfiltrationTrench,1.02,0.4,TSS,93%,University of New Hampshire -  Stormwater Center -  Durham -  NH May -  2019 Factsheet
InfiltrationTrench,1.02,0.4,Phosphorus,73%,University of New Hampshire -  Stormwater Center -  Durham -  NH May -  2019 Factsheet
InfiltrationTrench,1.02,0.4,Nitrogen,92%,University of New Hampshire -  Stormwater Center -  Durham -  NH May -  2019 Factsheet
InfiltrationTrench,1.02,0.4,Zinc,99%,University of New Hampshire -  Stormwater Center -  Durham -  NH May -  2019 Factsheet
InfiltrationTrench,1.02,0.4,Runoff Volume,68%,University of New Hampshire -  Stormwater Center -  Durham -  NH May -  2019 Factsheet
InfiltrationTrench,1.02,0.6,TSS,99%,University of New Hampshire -  Stormwater Center -  Durham -  NH May -  2019 Factsheet
InfiltrationTrench,1.02,0.6,Phosphorus,86%,University of New Hampshire -  Stormwater Center -  Durham -  NH May -  2019 Factsheet
InfiltrationTrench,1.02,0.6,Nitrogen,97%,University of New Hampshire -  Stormwater Center -  Durham -  NH May -  2019 Factsheet
InfiltrationTrench,1.02,0.6,Zinc,100%,University of New Hampshire -  Stormwater Center -  Durham -  NH May -  2019 Factsheet
InfiltrationTrench,1.02,0.6,Runoff Volume,81%,University of New Hampshire -  Stormwater Center -  Durham -  NH May -  2019 Factsheet
InfiltrationTrench,1.02,0.8,TSS,100%,University of New Hampshire -  Stormwater Center -  Durham -  NH May -  2019 Factsheet
InfiltrationTrench,1.02,0.8,Phosphorus,92%,University of New Hampshire -  Stormwater Center -  Durham -  NH May -  2019 Factsheet
InfiltrationTrench,1.02,0.8,Nitrogen,98%,University of New Hampshire -  Stormwater Center -  Durham -  NH May -  2019 Factsheet
InfiltrationTrench,1.02,0.8,Zinc,100%,University of New Hampshire -  Stormwater Center -  Durham -  NH May -  2019 Factsheet
InfiltrationTrench,1.02,0.8,Runoff Volume,88%,University of New Hampshire -  Stormwater Center -  Durham -  NH May -  2019 Factsheet
InfiltrationTrench,1.02,1,TSS,100%,University of New Hampshire -  Stormwater Center -  Durham -  NH May -  2019 Factsheet
InfiltrationTrench,1.02,1,Phosphorus,96%,University of New Hampshire -  Stormwater Center -  Durham -  NH May -  2019 Factsheet
InfiltrationTrench,1.02,1,Nitrogen,99%,University of New Hampshire -  Stormwater Center -  Durham -  NH May -  2019 Factsheet
InfiltrationTrench,1.02,1,Zinc,100%,University of New Hampshire -  Stormwater Center -  Durham -  NH May -  2019 Factsheet
InfiltrationTrench,1.02,1,Runoff Volume,92%,University of New Hampshire -  Stormwater Center -  Durham -  NH May -  2019 Factsheet
InfiltrationTrench,1.02,1.5,TSS,100%,University of New Hampshire -  Stormwater Center -  Durham -  NH May -  2019 Factsheet
InfiltrationTrench,1.02,1.5,Phosphorus,99%,University of New Hampshire -  Stormwater Center -  Durham -  NH May -  2019 Factsheet
InfiltrationTrench,1.02,1.5,Nitrogen,100%,University of New Hampshire -  Stormwater Center -  Durham -  NH May -  2019 Factsheet
InfiltrationTrench,1.02,1.5,Zinc,100%,University of New Hampshire -  Stormwater Center -  Durham -  NH May -  2019 Factsheet
InfiltrationTrench,1.02,1.5,Runoff Volume,97%,University of New Hampshire -  Stormwater Center -  Durham -  NH May -  2019 Factsheet
InfiltrationTrench,1.02,2,TSS,100%,University of New Hampshire -  Stormwater Center -  Durham -  NH May -  2019 Factsheet
InfiltrationTrench,1.02,2,Phosphorus,100%,University of New Hampshire -  Stormwater Center -  Durham -  NH May -  2019 Factsheet
InfiltrationTrench,1.02,2,Nitrogen,100%,University of New Hampshire -  Stormwater Center -  Durham -  NH May -  2019 Factsheet
InfiltrationTrench,1.02,2,Zinc,100%,University of New Hampshire -  Stormwater Center -  Durham -  NH May -  2019 Factsheet
InfiltrationTrench,1.02,2,Runoff Volume,98%,University of New Hampshire -  Stormwater Center -  Durham -  NH May -  2019 Factsheet
InfiltrationTrench,2.41,0.1,TSS,50%,University of New Hampshire -  Stormwater Center -  Durham -  NH May -  2019 Factsheet
InfiltrationTrench,2.41,0.1,Phosphorus,33%,University of New Hampshire -  Stormwater Center -  Durham -  NH May -  2019 Factsheet
InfiltrationTrench,2.41,0.1,Nitrogen,65%,University of New Hampshire -  Stormwater Center -  Durham -  NH May -  2019 Factsheet
InfiltrationTrench,2.41,0.1,Zinc,81%,University of New Hampshire -  Stormwater Center -  Durham -  NH May -  2019 Factsheet
InfiltrationTrench,2.41,0.1,Runoff Volume,34%,University of New Hampshire -  Stormwater Center -  Durham -  NH May -  2019 Factsheet
InfiltrationTrench,2.41,0.2,TSS,77%,University of New Hampshire -  Stormwater Center -  Durham -  NH May -  2019 Factsheet
InfiltrationTrench,2.41,0.2,Phosphorus,55%,University of New Hampshire -  Stormwater Center -  Durham -  NH May -  2019 Factsheet
InfiltrationTrench,2.41,0.2,Nitrogen,83%,University of New Hampshire -  Stormwater Center -  Durham -  NH May -  2019 Factsheet
InfiltrationTrench,2.41,0.2,Zinc,98%,University of New Hampshire -  Stormwater Center -  Durham -  NH May -  2019 Factsheet
InfiltrationTrench,2.41,0.2,Runoff Volume,55%,University of New Hampshire -  Stormwater Center -  Durham -  NH May -  2019 Factsheet
InfiltrationTrench,2.41,0.4,TSS,97%,University of New Hampshire -  Stormwater Center -  Durham -  NH May -  2019 Factsheet
InfiltrationTrench,2.41,0.4,Phosphorus,81%,University of New Hampshire -  Stormwater Center -  Durham -  NH May -  2019 Factsheet
InfiltrationTrench,2.41,0.4,Nitrogen,95%,University of New Hampshire -  Stormwater Center -  Durham -  NH May -  2019 Factsheet
InfiltrationTrench,2.41,0.4,Zinc,100%,University of New Hampshire -  Stormwater Center -  Durham -  NH May -  2019 Factsheet
InfiltrationTrench,2.41,0.4,Runoff Volume,78%,University of New Hampshire -  Stormwater Center -  Durham -  NH May -  2019 Factsheet
InfiltrationTrench,2.41,0.6,TSS,100%,University of New Hampshire -  Stormwater Center -  Durham -  NH May -  2019 Factsheet
InfiltrationTrench,2.41,0.6,Phosphorus,91%,University of New Hampshire -  Stormwater Center -  Durham -  NH May -  2019 Factsheet
InfiltrationTrench,2.41,0.6,Nitrogen,98%,University of New Hampshire -  Stormwater Center -  Durham -  NH May -  2019 Factsheet
InfiltrationTrench,2.41,0.6,Zinc,100%,University of New Hampshire -  Stormwater Center -  Durham -  NH May -  2019 Factsheet
InfiltrationTrench,2.41,0.6,Runoff Volume,88%,University of New Hampshire -  Stormwater Center -  Durham -  NH May -  2019 Factsheet
InfiltrationTrench,2.41,0.8,TSS,100%,University of New Hampshire -  Stormwater Center -  Durham -  NH May -  2019 Factsheet
InfiltrationTrench,2.41,0.8,Phosphorus,96%,University of New Hampshire -  Stormwater Center -  Durham -  NH May -  2019 Factsheet
InfiltrationTrench,2.41,0.8,Nitrogen,99%,University of New Hampshire -  Stormwater Center -  Durham -  NH May -  2019 Factsheet
InfiltrationTrench,2.41,0.8,Zinc,100%,University of New Hampshire -  Stormwater Center -  Durham -  NH May -  2019 Factsheet
InfiltrationTrench,2.41,0.8,Runoff Volume,93%,University of New Hampshire -  Stormwater Center -  Durham -  NH May -  2019 Factsheet
InfiltrationTrench,2.41,1,TSS,100%,University of New Hampshire -  Stormwater Center -  Durham -  NH May -  2019 Factsheet
InfiltrationTrench,2.41,1,Phosphorus,98%,University of New Hampshire -  Stormwater Center -  Durham -  NH May -  2019 Factsheet
InfiltrationTrench,2.41,1,Nitrogen,100%,University of New Hampshire -  Stormwater Center -  Durham -  NH May -  2019 Factsheet
InfiltrationTrench,2.41,1,Zinc,100%,University of New Hampshire -  Stormwater Center -  Durham -  NH May -  2019 Factsheet
InfiltrationTrench,2.41,1,Runoff Volume,96%,University of New Hampshire -  Stormwater Center -  Durham -  NH May -  2019 Factsheet
InfiltrationTrench,2.41,1.5,TSS,100%,University of New Hampshire -  Stormwater Center -  Durham -  NH May -  2019 Factsheet
InfiltrationTrench,2.41,1.5,Phosphorus,100%,University of New Hampshire -  Stormwater Center -  Durham -  NH May -  2019 Factsheet
InfiltrationTrench,2.41,1.5,Nitrogen,100%,University of New Hampshire -  Stormwater Center -  Durham -  NH May -  2019 Factsheet
InfiltrationTrench,2.41,1.5,Zinc,100%,University of New Hampshire -  Stormwater Center -  Durham -  NH May -  2019 Factsheet
InfiltrationTrench,2.41,1.5,Runoff Volume,99%,University of New Hampshire -  Stormwater Center -  Durham -  NH May -  2019 Factsheet
InfiltrationTrench,2.41,2,TSS,100%,University of New Hampshire -  Stormwater Center -  Durham -  NH May -  2019 Factsheet
InfiltrationTrench,2.41,2,Phosphorus,100%,University of New Hampshire -  Stormwater Center -  Durham -  NH May -  2019 Factsheet
InfiltrationTrench,2.41,2,Nitrogen,100%,University of New Hampshire -  Stormwater Center -  Durham -  NH May -  2019 Factsheet
InfiltrationTrench,2.41,2,Zinc,100%,University of New Hampshire -  Stormwater Center -  Durham -  NH May -  2019 Factsheet
InfiltrationTrench,2.41,2,Runoff Volume,100%,University of New Hampshire -  Stormwater Center -  Durham -  NH May -  2019 Factsheet
InfiltrationTrench,8.27,0.1,TSS,92%,University of New Hampshire -  Stormwater Center -  Durham -  NH May -  2019 Factsheet
InfiltrationTrench,8.27,0.1,Phosphorus,50%,University of New Hampshire -  Stormwater Center -  Durham -  NH May -  2019 Factsheet
InfiltrationTrench,8.27,0.1,Nitrogen,76%,University of New Hampshire -  Stormwater Center -  Durham -  NH May -  2019 Factsheet
InfiltrationTrench,8.27,0.1,Zinc,93%,University of New Hampshire -  Stormwater Center -  Durham -  NH May -  2019 Factsheet
InfiltrationTrench,8.27,0.1,Runoff Volume,54%,University of New Hampshire -  Stormwater Center -  Durham -  NH May -  2019 Factsheet
InfiltrationTrench,8.27,0.2,TSS,98%,University of New Hampshire -  Stormwater Center -  Durham -  NH May -  2019 Factsheet
InfiltrationTrench,8.27,0.2,Phosphorus,75%,University of New Hampshire -  Stormwater Center -  Durham -  NH May -  2019 Factsheet
InfiltrationTrench,8.27,0.2,Nitrogen,92%,University of New Hampshire -  Stormwater Center -  Durham -  NH May -  2019 Factsheet
InfiltrationTrench,8.27,0.2,Zinc,100%,University of New Hampshire -  Stormwater Center -  Durham -  NH May -  2019 Factsheet
InfiltrationTrench,8.27,0.2,Runoff Volume,76%,University of New Hampshire -  Stormwater Center -  Durham -  NH May -  2019 Factsheet
InfiltrationTrench,8.27,0.4,TSS,100%,University of New Hampshire -  Stormwater Center -  Durham -  NH May -  2019 Factsheet
InfiltrationTrench,8.27,0.4,Phosphorus,94%,University of New Hampshire -  Stormwater Center -  Durham -  NH May -  2019 Factsheet
InfiltrationTrench,8.27,0.4,Nitrogen,98%,University of New Hampshire -  Stormwater Center -  Durham -  NH May -  2019 Factsheet
InfiltrationTrench,8.27,0.4,Zinc,100%,University of New Hampshire -  Stormwater Center -  Durham -  NH May -  2019 Factsheet
InfiltrationTrench,8.27,0.4,Runoff Volume,93%,University of New Hampshire -  Stormwater Center -  Durham -  NH May -  2019 Factsheet
InfiltrationTrench,8.27,0.6,TSS,100%,University of New Hampshire -  Stormwater Center -  Durham -  NH May -  2019 Factsheet
InfiltrationTrench,8.27,0.6,Phosphorus,98%,University of New Hampshire -  Stormwater Center -  Durham -  NH May -  2019 Factsheet
InfiltrationTrench,8.27,0.6,Nitrogen,100%,University of New Hampshire -  Stormwater Center -  Durham -  NH May -  2019 Factsheet
InfiltrationTrench,8.27,0.6,Zinc,100%,University of New Hampshire -  Stormwater Center -  Durham -  NH May -  2019 Factsheet
InfiltrationTrench,8.27,0.6,Runoff Volume,97%,University of New Hampshire -  Stormwater Center -  Durham -  NH May -  2019 Factsheet
InfiltrationTrench,8.27,0.8,TSS,100%,University of New Hampshire -  Stormwater Center -  Durham -  NH May -  2019 Factsheet
InfiltrationTrench,8.27,0.8,Phosphorus,99%,University of New Hampshire -  Stormwater Center -  Durham -  NH May -  2019 Factsheet
InfiltrationTrench,8.27,0.8,Nitrogen,100%,University of New Hampshire -  Stormwater Center -  Durham -  NH May -  2019 Factsheet
InfiltrationTrench,8.27,0.8,Zinc,100%,University of New Hampshire -  Stormwater Center -  Durham -  NH May -  2019 Factsheet
InfiltrationTrench,8.27,0.8,Runoff Volume,99%,University of New Hampshire -  Stormwater Center -  Durham -  NH May -  2019 Factsheet
InfiltrationTrench,8.27,1,TSS,100%,University of New Hampshire -  Stormwater Center -  Durham -  NH May -  2019 Factsheet
InfiltrationTrench,8.27,1,Phosphorus,100%,University of New Hampshire -  Stormwater Center -  Durham -  NH May -  2019 Factsheet
InfiltrationTrench,8.27,1,Nitrogen,100%,University of New Hampshire -  Stormwater Center -  Durham -  NH May -  2019 Factsheet
InfiltrationTrench,8.27,1,Zinc,100%,University of New Hampshire -  Stormwater Center -  Durham -  NH May -  2019 Factsheet
InfiltrationTrench,8.27,1,Runoff Volume,100%,University of New Hampshire -  Stormwater Center -  Durham -  NH May -  2019 Factsheet
InfiltrationTrench,8.27,1.5,TSS,100%,University of New Hampshire -  Stormwater Center -  Durham -  NH May -  2019 Factsheet
InfiltrationTrench,8.27,1.5,Phosphorus,100%,University of New Hampshire -  Stormwater Center -  Durham -  NH May -  2019 Factsheet
InfiltrationTrench,8.27,1.5,Nitrogen,100%,University of New Hampshire -  Stormwater Center -  Durham -  NH May -  2019 Factsheet
InfiltrationTrench,8.27,1.5,Zinc,100%,University of New Hampshire -  Stormwater Center -  Durham -  NH May -  2019 Factsheet
InfiltrationTrench,8.27,1.5,Runoff Volume,100%,University of New Hampshire -  Stormwater Center -  Durham -  NH May -  2019 Factsheet
InfiltrationTrench,8.27,2,TSS,100%,University of New Hampshire -  Stormwater Center -  Durham -  NH May -  2019 Factsheet
InfiltrationTrench,8.27,2,Phosphorus,100%,University of New Hampshire -  Stormwater Center -  Durham -  NH May -  2019 Factsheet
InfiltrationTrench,8.27,2,Nitrogen,100%,University of New Hampshire -  Stormwater Center -  Durham -  NH May -  2019 Factsheet
InfiltrationTrench,8.27,2,Zinc,100%,University of New Hampshire -  Stormwater Center -  Durham -  NH May -  2019 Factsheet
InfiltrationTrench,8.27,2,Runoff Volume,100%,University of New Hampshire -  Stormwater Center -  Durham -  NH May -  2019 Factsheet
InfiltrationBasin,0.17,0.1,TSS,64%,University of New Hampshire -  Stormwater Center -  Durham -  NH May -  2019 Factsheet
InfiltrationBasin,0.17,0.1,Phosphorus,35%,University of New Hampshire -  Stormwater Center -  Durham -  NH May -  2019 Factsheet
InfiltrationBasin,0.17,0.1,Nitrogen,52%,University of New Hampshire -  Stormwater Center -  Durham -  NH May -  2019 Factsheet
InfiltrationBasin,0.17,0.1,Zinc,71%,University of New Hampshire -  Stormwater Center -  Durham -  NH May -  2019 Factsheet
InfiltrationBasin,0.17,0.1,Runoff Volume,13%,University of New Hampshire -  Stormwater Center -  Durham -  NH May -  2019 Factsheet
InfiltrationBasin,0.17,0.2,TSS,80%,University of New Hampshire -  Stormwater Center -  Durham -  NH May -  2019 Factsheet
InfiltrationBasin,0.17,0.2,Phosphorus,52%,University of New Hampshire -  Stormwater Center -  Durham -  NH May -  2019 Factsheet
InfiltrationBasin,0.17,0.2,Nitrogen,69%,University of New Hampshire -  Stormwater Center -  Durham -  NH May -  2019 Factsheet
InfiltrationBasin,0.17,0.2,Zinc,86%,University of New Hampshire -  Stormwater Center -  Durham -  NH May -  2019 Factsheet
InfiltrationBasin,0.17,0.2,Runoff Volume,25%,University of New Hampshire -  Stormwater Center -  Durham -  NH May -  2019 Factsheet
InfiltrationBasin,0.17,0.4,TSS,93%,University of New Hampshire -  Stormwater Center -  Durham -  NH May -  2019 Factsheet
InfiltrationBasin,0.17,0.4,Phosphorus,72%,University of New Hampshire -  Stormwater Center -  Durham -  NH May -  2019 Factsheet
InfiltrationBasin,0.17,0.4,Nitrogen,85%,University of New Hampshire -  Stormwater Center -  Durham -  NH May -  2019 Factsheet
InfiltrationBasin,0.17,0.4,Zinc,96%,University of New Hampshire -  Stormwater Center -  Durham -  NH May -  2019 Factsheet
InfiltrationBasin,0.17,0.4,Runoff Volume,44%,University of New Hampshire -  Stormwater Center -  Durham -  NH May -  2019 Factsheet
InfiltrationBasin,0.17,0.6,TSS,98%,University of New Hampshire -  Stormwater Center -  Durham -  NH May -  2019 Factsheet
InfiltrationBasin,0.17,0.6,Phosphorus,82%,University of New Hampshire -  Stormwater Center -  Durham -  NH May -  2019 Factsheet
InfiltrationBasin,0.17,0.6,Nitrogen,92%,University of New Hampshire -  Stormwater Center -  Durham -  NH May -  2019 Factsheet
InfiltrationBasin,0.17,0.6,Zinc,98%,University of New Hampshire -  Stormwater Center -  Durham -  NH May -  2019 Factsheet
InfiltrationBasin,0.17,0.6,Runoff Volume,60%,University of New Hampshire -  Stormwater Center -  Durham -  NH May -  2019 Factsheet
InfiltrationBasin,0.17,0.8,TSS,99%,University of New Hampshire -  Stormwater Center -  Durham -  NH May -  2019 Factsheet
InfiltrationBasin,0.17,0.8,Phosphorus,88%,University of New Hampshire -  Stormwater Center -  Durham -  NH May -  2019 Factsheet
InfiltrationBasin,0.17,0.8,Nitrogen,96%,University of New Hampshire -  Stormwater Center -  Durham -  NH May -  2019 Factsheet
InfiltrationBasin,0.17,0.8,Zinc,99%,University of New Hampshire -  Stormwater Center -  Durham -  NH May -  2019 Factsheet
InfiltrationBasin,0.17,0.8,Runoff Volume,71%,University of New Hampshire -  Stormwater Center -  Durham -  NH May -  2019 Factsheet
InfiltrationBasin,0.17,1,TSS,100%,University of New Hampshire -  Stormwater Center -  Durham -  NH May -  2019 Factsheet
InfiltrationBasin,0.17,1,Phosphorus,92%,University of New Hampshire -  Stormwater Center -  Durham -  NH May -  2019 Factsheet
InfiltrationBasin,0.17,1,Nitrogen,98%,University of New Hampshire -  Stormwater Center -  Durham -  NH May -  2019 Factsheet
InfiltrationBasin,0.17,1,Zinc,100%,University of New Hampshire -  Stormwater Center -  Durham -  NH May -  2019 Factsheet
InfiltrationBasin,0.17,1,Runoff Volume,78%,University of New Hampshire -  Stormwater Center -  Durham -  NH May -  2019 Factsheet
InfiltrationBasin,0.17,1.5,TSS,100%,University of New Hampshire -  Stormwater Center -  Durham -  NH May -  2019 Factsheet
InfiltrationBasin,0.17,1.5,Phosphorus,97%,University of New Hampshire -  Stormwater Center -  Durham -  NH May -  2019 Factsheet
InfiltrationBasin,0.17,1.5,Nitrogen,99%,University of New Hampshire -  Stormwater Center -  Durham -  NH May -  2019 Factsheet
InfiltrationBasin,0.17,1.5,Zinc,100%,University of New Hampshire -  Stormwater Center -  Durham -  NH May -  2019 Factsheet
InfiltrationBasin,0.17,1.5,Runoff Volume,89%,University of New Hampshire -  Stormwater Center -  Durham -  NH May -  2019 Factsheet
InfiltrationBasin,0.17,2,TSS,100%,University of New Hampshire -  Stormwater Center -  Durham -  NH May -  2019 Factsheet
InfiltrationBasin,0.17,2,Phosphorus,99%,University of New Hampshire -  Stormwater Center -  Durham -  NH May -  2019 Factsheet
InfiltrationBasin,0.17,2,Nitrogen,100%,University of New Hampshire -  Stormwater Center -  Durham -  NH May -  2019 Factsheet
InfiltrationBasin,0.17,2,Zinc,100%,University of New Hampshire -  Stormwater Center -  Durham -  NH May -  2019 Factsheet
InfiltrationBasin,0.17,2,Runoff Volume,94%,University of New Hampshire -  Stormwater Center -  Durham -  NH May -  2019 Factsheet
InfiltrationBasin,0.27,0.1,TSS,65%,University of New Hampshire -  Stormwater Center -  Durham -  NH May -  2019 Factsheet
InfiltrationBasin,0.27,0.1,Phosphorus,37%,University of New Hampshire -  Stormwater Center -  Durham -  NH May -  2019 Factsheet
InfiltrationBasin,0.27,0.1,Nitrogen,54%,University of New Hampshire -  Stormwater Center -  Durham -  NH May -  2019 Factsheet
InfiltrationBasin,0.27,0.1,Zinc,73%,University of New Hampshire -  Stormwater Center -  Durham -  NH May -  2019 Factsheet
InfiltrationBasin,0.27,0.1,Runoff Volume,16%,University of New Hampshire -  Stormwater Center -  Durham -  NH May -  2019 Factsheet
InfiltrationBasin,0.27,0.2,TSS,81%,University of New Hampshire -  Stormwater Center -  Durham -  NH May -  2019 Factsheet
InfiltrationBasin,0.27,0.2,Phosphorus,54%,University of New Hampshire -  Stormwater Center -  Durham -  NH May -  2019 Factsheet
InfiltrationBasin,0.27,0.2,Nitrogen,71%,University of New Hampshire -  Stormwater Center -  Durham -  NH May -  2019 Factsheet
InfiltrationBasin,0.27,0.2,Zinc,88%,University of New Hampshire -  Stormwater Center -  Durham -  NH May -  2019 Factsheet
InfiltrationBasin,0.27,0.2,Runoff Volume,30%,University of New Hampshire -  Stormwater Center -  Durham -  NH May -  2019 Factsheet
InfiltrationBasin,0.27,0.4,TSS,94%,University of New Hampshire -  Stormwater Center -  Durham -  NH May -  2019 Factsheet
InfiltrationBasin,0.27,0.4,Phosphorus,74%,University of New Hampshire -  Stormwater Center -  Durham -  NH May -  2019 Factsheet
InfiltrationBasin,0.27,0.4,Nitrogen,87%,University of New Hampshire -  Stormwater Center -  Durham -  NH May -  2019 Factsheet
InfiltrationBasin,0.27,0.4,Zinc,97%,University of New Hampshire -  Stormwater Center -  Durham -  NH May -  2019 Factsheet
InfiltrationBasin,0.27,0.4,Runoff Volume,51%,University of New Hampshire -  Stormwater Center -  Durham -  NH May -  2019 Factsheet
InfiltrationBasin,0.27,0.6,TSS,98%,University of New Hampshire -  Stormwater Center -  Durham -  NH May -  2019 Factsheet
InfiltrationBasin,0.27,0.6,Phosphorus,85%,University of New Hampshire -  Stormwater Center -  Durham -  NH May -  2019 Factsheet
InfiltrationBasin,0.27,0.6,Nitrogen,93%,University of New Hampshire -  Stormwater Center -  Durham -  NH May -  2019 Factsheet
InfiltrationBasin,0.27,0.6,Zinc,99%,University of New Hampshire -  Stormwater Center -  Durham -  NH May -  2019 Factsheet
InfiltrationBasin,0.27,0.6,Runoff Volume,66%,University of New Hampshire -  Stormwater Center -  Durham -  NH May -  2019 Factsheet
InfiltrationBasin,0.27,0.8,TSS,99%,University of New Hampshire -  Stormwater Center -  Durham -  NH May -  2019 Factsheet
InfiltrationBasin,0.27,0.8,Phosphorus,90%,University of New Hampshire -  Stormwater Center -  Durham -  NH May -  2019 Factsheet
InfiltrationBasin,0.27,0.8,Nitrogen,97%,University of New Hampshire -  Stormwater Center -  Durham -  NH May -  2019 Factsheet
InfiltrationBasin,0.27,0.8,Zinc,100%,University of New Hampshire -  Stormwater Center -  Durham -  NH May -  2019 Factsheet
InfiltrationBasin,0.27,0.8,Runoff Volume,76%,University of New Hampshire -  Stormwater Center -  Durham -  NH May -  2019 Factsheet
InfiltrationBasin,0.27,1,TSS,100%,University of New Hampshire -  Stormwater Center -  Durham -  NH May -  2019 Factsheet
InfiltrationBasin,0.27,1,Phosphorus,93%,University of New Hampshire -  Stormwater Center -  Durham -  NH May -  2019 Factsheet
InfiltrationBasin,0.27,1,Nitrogen,98%,University of New Hampshire -  Stormwater Center -  Durham -  NH May -  2019 Factsheet
InfiltrationBasin,0.27,1,Zinc,100%,University of New Hampshire -  Stormwater Center -  Durham -  NH May -  2019 Factsheet
InfiltrationBasin,0.27,1,Runoff Volume,82%,University of New Hampshire -  Stormwater Center -  Durham -  NH May -  2019 Factsheet
InfiltrationBasin,0.27,1.5,TSS,100%,University of New Hampshire -  Stormwater Center -  Durham -  NH May -  2019 Factsheet
InfiltrationBasin,0.27,1.5,Phosphorus,98%,University of New Hampshire -  Stormwater Center -  Durham -  NH May -  2019 Factsheet
InfiltrationBasin,0.27,1.5,Nitrogen,99%,University of New Hampshire -  Stormwater Center -  Durham -  NH May -  2019 Factsheet
InfiltrationBasin,0.27,1.5,Zinc,100%,University of New Hampshire -  Stormwater Center -  Durham -  NH May -  2019 Factsheet
InfiltrationBasin,0.27,1.5,Runoff Volume,92%,University of New Hampshire -  Stormwater Center -  Durham -  NH May -  2019 Factsheet
InfiltrationBasin,0.27,2,TSS,100%,University of New Hampshire -  Stormwater Center -  Durham -  NH May -  2019 Factsheet
InfiltrationBasin,0.27,2,Phosphorus,99%,University of New Hampshire -  Stormwater Center -  Durham -  NH May -  2019 Factsheet
InfiltrationBasin,0.27,2,Nitrogen,100%,University of New Hampshire -  Stormwater Center -  Durham -  NH May -  2019 Factsheet
InfiltrationBasin,0.27,2,Zinc,100%,University of New Hampshire -  Stormwater Center -  Durham -  NH May -  2019 Factsheet
InfiltrationBasin,0.27,2,Runoff Volume,95%,University of New Hampshire -  Stormwater Center -  Durham -  NH May -  2019 Factsheet
InfiltrationBasin,0.52,0.1,TSS,65%,University of New Hampshire -  Stormwater Center -  Durham -  NH May -  2019 Factsheet
InfiltrationBasin,0.52,0.1,Phosphorus,38%,University of New Hampshire -  Stormwater Center -  Durham -  NH May -  2019 Factsheet
InfiltrationBasin,0.52,0.1,Nitrogen,56%,University of New Hampshire -  Stormwater Center -  Durham -  NH May -  2019 Factsheet
InfiltrationBasin,0.52,0.1,Zinc,75%,University of New Hampshire -  Stormwater Center -  Durham -  NH May -  2019 Factsheet
InfiltrationBasin,0.52,0.1,Runoff Volume,20%,University of New Hampshire -  Stormwater Center -  Durham -  NH May -  2019 Factsheet
InfiltrationBasin,0.52,0.2,TSS,83%,University of New Hampshire -  Stormwater Center -  Durham -  NH May -  2019 Factsheet
InfiltrationBasin,0.52,0.2,Phosphorus,56%,University of New Hampshire -  Stormwater Center -  Durham -  NH May -  2019 Factsheet
InfiltrationBasin,0.52,0.2,Nitrogen,74%,University of New Hampshire -  Stormwater Center -  Durham -  NH May -  2019 Factsheet
InfiltrationBasin,0.52,0.2,Zinc,90%,University of New Hampshire -  Stormwater Center -  Durham -  NH May -  2019 Factsheet
InfiltrationBasin,0.52,0.2,Runoff Volume,36%,University of New Hampshire -  Stormwater Center -  Durham -  NH May -  2019 Factsheet
InfiltrationBasin,0.52,0.4,TSS,95%,University of New Hampshire -  Stormwater Center -  Durham -  NH May -  2019 Factsheet
InfiltrationBasin,0.52,0.4,Phosphorus,77%,University of New Hampshire -  Stormwater Center -  Durham -  NH May -  2019 Factsheet
InfiltrationBasin,0.52,0.4,Nitrogen,89%,University of New Hampshire -  Stormwater Center -  Durham -  NH May -  2019 Factsheet
InfiltrationBasin,0.52,0.4,Zinc,98%,University of New Hampshire -  Stormwater Center -  Durham -  NH May -  2019 Factsheet
InfiltrationBasin,0.52,0.4,Runoff Volume,58%,University of New Hampshire -  Stormwater Center -  Durham -  NH May -  2019 Factsheet
InfiltrationBasin,0.52,0.6,TSS,99%,University of New Hampshire -  Stormwater Center -  Durham -  NH May -  2019 Factsheet
InfiltrationBasin,0.52,0.6,Phosphorus,87%,University of New Hampshire -  Stormwater Center -  Durham -  NH May -  2019 Factsheet
InfiltrationBasin,0.52,0.6,Nitrogen,94%,University of New Hampshire -  Stormwater Center -  Durham -  NH May -  2019 Factsheet
InfiltrationBasin,0.52,0.6,Zinc,99%,University of New Hampshire -  Stormwater Center -  Durham -  NH May -  2019 Factsheet
InfiltrationBasin,0.52,0.6,Runoff Volume,73%,University of New Hampshire -  Stormwater Center -  Durham -  NH May -  2019 Factsheet
InfiltrationBasin,0.52,0.8,TSS,99%,University of New Hampshire -  Stormwater Center -  Durham -  NH May -  2019 Factsheet
InfiltrationBasin,0.52,0.8,Phosphorus,92%,University of New Hampshire -  Stormwater Center -  Durham -  NH May -  2019 Factsheet
InfiltrationBasin,0.52,0.8,Nitrogen,98%,University of New Hampshire -  Stormwater Center -  Durham -  NH May -  2019 Factsheet
InfiltrationBasin,0.52,0.8,Zinc,100%,University of New Hampshire -  Stormwater Center -  Durham -  NH May -  2019 Factsheet
InfiltrationBasin,0.52,0.8,Runoff Volume,81%,University of New Hampshire -  Stormwater Center -  Durham -  NH May -  2019 Factsheet
InfiltrationBasin,0.52,1,TSS,100%,University of New Hampshire -  Stormwater Center -  Durham -  NH May -  2019 Factsheet
InfiltrationBasin,0.52,1,Phosphorus,95%,University of New Hampshire -  Stormwater Center -  Durham -  NH May -  2019 Factsheet
InfiltrationBasin,0.52,1,Nitrogen,99%,University of New Hampshire -  Stormwater Center -  Durham -  NH May -  2019 Factsheet
InfiltrationBasin,0.52,1,Zinc,100%,University of New Hampshire -  Stormwater Center -  Durham -  NH May -  2019 Factsheet
InfiltrationBasin,0.52,1,Runoff Volume,87%,University of New Hampshire -  Stormwater Center -  Durham -  NH May -  2019 Factsheet
InfiltrationBasin,0.52,1.5,TSS,100%,University of New Hampshire -  Stormwater Center -  Durham -  NH May -  2019 Factsheet
InfiltrationBasin,0.52,1.5,Phosphorus,98%,University of New Hampshire -  Stormwater Center -  Durham -  NH May -  2019 Factsheet
InfiltrationBasin,0.52,1.5,Nitrogen,100%,University of New Hampshire -  Stormwater Center -  Durham -  NH May -  2019 Factsheet
InfiltrationBasin,0.52,1.5,Zinc,100%,University of New Hampshire -  Stormwater Center -  Durham -  NH May -  2019 Factsheet
InfiltrationBasin,0.52,1.5,Runoff Volume,94%,University of New Hampshire -  Stormwater Center -  Durham -  NH May -  2019 Factsheet
InfiltrationBasin,0.52,2,TSS,100%,University of New Hampshire -  Stormwater Center -  Durham -  NH May -  2019 Factsheet
InfiltrationBasin,0.52,2,Phosphorus,99%,University of New Hampshire -  Stormwater Center -  Durham -  NH May -  2019 Factsheet
InfiltrationBasin,0.52,2,Nitrogen,100%,University of New Hampshire -  Stormwater Center -  Durham -  NH May -  2019 Factsheet
InfiltrationBasin,0.52,2,Zinc,100%,University of New Hampshire -  Stormwater Center -  Durham -  NH May -  2019 Factsheet
InfiltrationBasin,0.52,2,Runoff Volume,97%,University of New Hampshire -  Stormwater Center -  Durham -  NH May -  2019 Factsheet
InfiltrationBasin,1.02,0.1,TSS,67%,University of New Hampshire -  Stormwater Center -  Durham -  NH May -  2019 Factsheet
InfiltrationBasin,1.02,0.1,Phosphorus,41%,University of New Hampshire -  Stormwater Center -  Durham -  NH May -  2019 Factsheet
InfiltrationBasin,1.02,0.1,Nitrogen,59%,University of New Hampshire -  Stormwater Center -  Durham -  NH May -  2019 Factsheet
InfiltrationBasin,1.02,0.1,Zinc,78%,University of New Hampshire -  Stormwater Center -  Durham -  NH May -  2019 Factsheet
InfiltrationBasin,1.02,0.1,Runoff Volume,25%,University of New Hampshire -  Stormwater Center -  Durham -  NH May -  2019 Factsheet
InfiltrationBasin,1.02,0.2,TSS,94%,University of New Hampshire -  Stormwater Center -  Durham -  NH May -  2019 Factsheet
InfiltrationBasin,1.02,0.2,Phosphorus,60%,University of New Hampshire -  Stormwater Center -  Durham -  NH May -  2019 Factsheet
InfiltrationBasin,1.02,0.2,Nitrogen,77%,University of New Hampshire -  Stormwater Center -  Durham -  NH May -  2019 Factsheet
InfiltrationBasin,1.02,0.2,Zinc,92%,University of New Hampshire -  Stormwater Center -  Durham -  NH May -  2019 Factsheet
InfiltrationBasin,1.02,0.2,Runoff Volume,42%,University of New Hampshire -  Stormwater Center -  Durham -  NH May -  2019 Factsheet
InfiltrationBasin,1.02,0.4,TSS,96%,University of New Hampshire -  Stormwater Center -  Durham -  NH May -  2019 Factsheet
InfiltrationBasin,1.02,0.4,Phosphorus,81%,University of New Hampshire -  Stormwater Center -  Durham -  NH May -  2019 Factsheet
InfiltrationBasin,1.02,0.4,Nitrogen,92%,University of New Hampshire -  Stormwater Center -  Durham -  NH May -  2019 Factsheet
InfiltrationBasin,1.02,0.4,Zinc,99%,University of New Hampshire -  Stormwater Center -  Durham -  NH May -  2019 Factsheet
InfiltrationBasin,1.02,0.4,Runoff Volume,66%,University of New Hampshire -  Stormwater Center -  Durham -  NH May -  2019 Factsheet
InfiltrationBasin,1.02,0.6,TSS,99%,University of New Hampshire -  Stormwater Center -  Durham -  NH May -  2019 Factsheet
InfiltrationBasin,1.02,0.6,Phosphorus,90%,University of New Hampshire -  Stormwater Center -  Durham -  NH May -  2019 Factsheet
InfiltrationBasin,1.02,0.6,Nitrogen,96%,University of New Hampshire -  Stormwater Center -  Durham -  NH May -  2019 Factsheet
InfiltrationBasin,1.02,0.6,Zinc,100%,University of New Hampshire -  Stormwater Center -  Durham -  NH May -  2019 Factsheet
InfiltrationBasin,1.02,0.6,Runoff Volume,79%,University of New Hampshire -  Stormwater Center -  Durham -  NH May -  2019 Factsheet
InfiltrationBasin,1.02,0.8,TSS,100%,University of New Hampshire -  Stormwater Center -  Durham -  NH May -  2019 Factsheet
InfiltrationBasin,1.02,0.8,Phosphorus,94%,University of New Hampshire -  Stormwater Center -  Durham -  NH May -  2019 Factsheet
InfiltrationBasin,1.02,0.8,Nitrogen,98%,University of New Hampshire -  Stormwater Center -  Durham -  NH May -  2019 Factsheet
InfiltrationBasin,1.02,0.8,Zinc,100%,University of New Hampshire -  Stormwater Center -  Durham -  NH May -  2019 Factsheet
InfiltrationBasin,1.02,0.8,Runoff Volume,87%,University of New Hampshire -  Stormwater Center -  Durham -  NH May -  2019 Factsheet
InfiltrationBasin,1.02,1,TSS,100%,University of New Hampshire -  Stormwater Center -  Durham -  NH May -  2019 Factsheet
InfiltrationBasin,1.02,1,Phosphorus,97%,University of New Hampshire -  Stormwater Center -  Durham -  NH May -  2019 Factsheet
InfiltrationBasin,1.02,1,Nitrogen,100%,University of New Hampshire -  Stormwater Center -  Durham -  NH May -  2019 Factsheet
InfiltrationBasin,1.02,1,Zinc,100%,University of New Hampshire -  Stormwater Center -  Durham -  NH May -  2019 Factsheet
InfiltrationBasin,1.02,1,Runoff Volume,91%,University of New Hampshire -  Stormwater Center -  Durham -  NH May -  2019 Factsheet
InfiltrationBasin,1.02,1.5,TSS,100%,University of New Hampshire -  Stormwater Center -  Durham -  NH May -  2019 Factsheet
InfiltrationBasin,1.02,1.5,Phosphorus,99%,University of New Hampshire -  Stormwater Center -  Durham -  NH May -  2019 Factsheet
InfiltrationBasin,1.02,1.5,Nitrogen,100%,University of New Hampshire -  Stormwater Center -  Durham -  NH May -  2019 Factsheet
InfiltrationBasin,1.02,1.5,Zinc,100%,University of New Hampshire -  Stormwater Center -  Durham -  NH May -  2019 Factsheet
InfiltrationBasin,1.02,1.5,Runoff Volume,96%,University of New Hampshire -  Stormwater Center -  Durham -  NH May -  2019 Factsheet
InfiltrationBasin,1.02,2,TSS,100%,University of New Hampshire -  Stormwater Center -  Durham -  NH May -  2019 Factsheet
InfiltrationBasin,1.02,2,Phosphorus,100%,University of New Hampshire -  Stormwater Center -  Durham -  NH May -  2019 Factsheet
InfiltrationBasin,1.02,2,Nitrogen,100%,University of New Hampshire -  Stormwater Center -  Durham -  NH May -  2019 Factsheet
InfiltrationBasin,1.02,2,Zinc,100%,University of New Hampshire -  Stormwater Center -  Durham -  NH May -  2019 Factsheet
InfiltrationBasin,1.02,2,Runoff Volume,98%,University of New Hampshire -  Stormwater Center -  Durham -  NH May -  2019 Factsheet
InfiltrationBasin,2.41,0.1,TSS,70%,University of New Hampshire -  Stormwater Center -  Durham -  NH May -  2019 Factsheet
InfiltrationBasin,2.41,0.1,Phosphorus,46%,University of New Hampshire -  Stormwater Center -  Durham -  NH May -  2019 Factsheet
InfiltrationBasin,2.41,0.1,Nitrogen,64%,University of New Hampshire -  Stormwater Center -  Durham -  NH May -  2019 Factsheet
InfiltrationBasin,2.41,0.1,Zinc,82%,University of New Hampshire -  Stormwater Center -  Durham -  NH May -  2019 Factsheet
InfiltrationBasin,2.41,0.1,Runoff Volume,33%,University of New Hampshire -  Stormwater Center -  Durham -  NH May -  2019 Factsheet
InfiltrationBasin,2.41,0.2,TSS,88%,University of New Hampshire -  Stormwater Center -  Durham -  NH May -  2019 Factsheet
InfiltrationBasin,2.41,0.2,Phosphorus,67%,University of New Hampshire -  Stormwater Center -  Durham -  NH May -  2019 Factsheet
InfiltrationBasin,2.41,0.2,Nitrogen,82%,University of New Hampshire -  Stormwater Center -  Durham -  NH May -  2019 Factsheet
InfiltrationBasin,2.41,0.2,Zinc,95%,University of New Hampshire -  Stormwater Center -  Durham -  NH May -  2019 Factsheet
InfiltrationBasin,2.41,0.2,Runoff Volume,54%,University of New Hampshire -  Stormwater Center -  Durham -  NH May -  2019 Factsheet
InfiltrationBasin,2.41,0.4,TSS,98%,University of New Hampshire -  Stormwater Center -  Durham -  NH May -  2019 Factsheet
InfiltrationBasin,2.41,0.4,Phosphorus,87%,University of New Hampshire -  Stormwater Center -  Durham -  NH May -  2019 Factsheet
InfiltrationBasin,2.41,0.4,Nitrogen,95%,University of New Hampshire -  Stormwater Center -  Durham -  NH May -  2019 Factsheet
InfiltrationBasin,2.41,0.4,Zinc,100%,University of New Hampshire -  Stormwater Center -  Durham -  NH May -  2019 Factsheet
InfiltrationBasin,2.41,0.4,Runoff Volume,78%,University of New Hampshire -  Stormwater Center -  Durham -  NH May -  2019 Factsheet
InfiltrationBasin,2.41,0.6,TSS,100%,University of New Hampshire -  Stormwater Center -  Durham -  NH May -  2019 Factsheet
InfiltrationBasin,2.41,0.6,Phosphorus,94%,University of New Hampshire -  Stormwater Center -  Durham -  NH May -  2019 Factsheet
InfiltrationBasin,2.41,0.6,Nitrogen,98%,University of New Hampshire -  Stormwater Center -  Durham -  NH May -  2019 Factsheet
InfiltrationBasin,2.41,0.6,Zinc,100%,University of New Hampshire -  Stormwater Center -  Durham -  NH May -  2019 Factsheet
InfiltrationBasin,2.41,0.6,Runoff Volume,88%,University of New Hampshire -  Stormwater Center -  Durham -  NH May -  2019 Factsheet
InfiltrationBasin,2.41,0.8,TSS,100%,University of New Hampshire -  Stormwater Center -  Durham -  NH May -  2019 Factsheet
InfiltrationBasin,2.41,0.8,Phosphorus,97%,University of New Hampshire -  Stormwater Center -  Durham -  NH May -  2019 Factsheet
InfiltrationBasin,2.41,0.8,Nitrogen,99%,University of New Hampshire -  Stormwater Center -  Durham -  NH May -  2019 Factsheet
InfiltrationBasin,2.41,0.8,Zinc,100%,University of New Hampshire -  Stormwater Center -  Durham -  NH May -  2019 Factsheet
InfiltrationBasin,2.41,0.8,Runoff Volume,93%,University of New Hampshire -  Stormwater Center -  Durham -  NH May -  2019 Factsheet
InfiltrationBasin,2.41,1,TSS,100%,University of New Hampshire -  Stormwater Center -  Durham -  NH May -  2019 Factsheet
InfiltrationBasin,2.41,1,Phosphorus,98%,University of New Hampshire -  Stormwater Center -  Durham -  NH May -  2019 Factsheet
InfiltrationBasin,2.41,1,Nitrogen,100%,University of New Hampshire -  Stormwater Center -  Durham -  NH May -  2019 Factsheet
InfiltrationBasin,2.41,1,Zinc,100%,University of New Hampshire -  Stormwater Center -  Durham -  NH May -  2019 Factsheet
InfiltrationBasin,2.41,1,Runoff Volume,96%,University of New Hampshire -  Stormwater Center -  Durham -  NH May -  2019 Factsheet
InfiltrationBasin,2.41,1.5,TSS,100%,University of New Hampshire -  Stormwater Center -  Durham -  NH May -  2019 Factsheet
InfiltrationBasin,2.41,1.5,Phosphorus,100%,University of New Hampshire -  Stormwater Center -  Durham -  NH May -  2019 Factsheet
InfiltrationBasin,2.41,1.5,Nitrogen,100%,University of New Hampshire -  Stormwater Center -  Durham -  NH May -  2019 Factsheet
InfiltrationBasin,2.41,1.5,Zinc,100%,University of New Hampshire -  Stormwater Center -  Durham -  NH May -  2019 Factsheet
InfiltrationBasin,2.41,1.5,Runoff Volume,99%,University of New Hampshire -  Stormwater Center -  Durham -  NH May -  2019 Factsheet
InfiltrationBasin,2.41,2,TSS,100%,University of New Hampshire -  Stormwater Center -  Durham -  NH May -  2019 Factsheet
InfiltrationBasin,2.41,2,Phosphorus,100%,University of New Hampshire -  Stormwater Center -  Durham -  NH May -  2019 Factsheet
InfiltrationBasin,2.41,2,Nitrogen,100%,University of New Hampshire -  Stormwater Center -  Durham -  NH May -  2019 Factsheet
InfiltrationBasin,2.41,2,Zinc,100%,University of New Hampshire -  Stormwater Center -  Durham -  NH May -  2019 Factsheet
InfiltrationBasin,2.41,2,Runoff Volume,100%,University of New Hampshire -  Stormwater Center -  Durham -  NH May -  2019 Factsheet
InfiltrationBasin,8.27,0.1,TSS,79%,University of New Hampshire -  Stormwater Center -  Durham -  NH May -  2019 Factsheet
InfiltrationBasin,8.27,0.1,Phosphorus,59%,University of New Hampshire -  Stormwater Center -  Durham -  NH May -  2019 Factsheet
InfiltrationBasin,8.27,0.1,Nitrogen,75%,University of New Hampshire -  Stormwater Center -  Durham -  NH May -  2019 Factsheet
InfiltrationBasin,8.27,0.1,Zinc,91%,University of New Hampshire -  Stormwater Center -  Durham -  NH May -  2019 Factsheet
InfiltrationBasin,8.27,0.1,Runoff Volume,55%,University of New Hampshire -  Stormwater Center -  Durham -  NH May -  2019 Factsheet
InfiltrationBasin,8.27,0.2,TSS,95%,University of New Hampshire -  Stormwater Center -  Durham -  NH May -  2019 Factsheet
InfiltrationBasin,8.27,0.2,Phosphorus,81%,University of New Hampshire -  Stormwater Center -  Durham -  NH May -  2019 Factsheet
InfiltrationBasin,8.27,0.2,Nitrogen,92%,University of New Hampshire -  Stormwater Center -  Durham -  NH May -  2019 Factsheet
InfiltrationBasin,8.27,0.2,Zinc,99%,University of New Hampshire -  Stormwater Center -  Durham -  NH May -  2019 Factsheet
InfiltrationBasin,8.27,0.2,Runoff Volume,77%,University of New Hampshire -  Stormwater Center -  Durham -  NH May -  2019 Factsheet
InfiltrationBasin,8.27,0.4,TSS,100%,University of New Hampshire -  Stormwater Center -  Durham -  NH May -  2019 Factsheet
InfiltrationBasin,8.27,0.4,Phosphorus,96%,University of New Hampshire -  Stormwater Center -  Durham -  NH May -  2019 Factsheet
InfiltrationBasin,8.27,0.4,Nitrogen,99%,University of New Hampshire -  Stormwater Center -  Durham -  NH May -  2019 Factsheet
InfiltrationBasin,8.27,0.4,Zinc,100%,University of New Hampshire -  Stormwater Center -  Durham -  NH May -  2019 Factsheet
InfiltrationBasin,8.27,0.4,Runoff Volume,93%,University of New Hampshire -  Stormwater Center -  Durham -  NH May -  2019 Factsheet
InfiltrationBasin,8.27,0.6,TSS,100%,University of New Hampshire -  Stormwater Center -  Durham -  NH May -  2019 Factsheet
InfiltrationBasin,8.27,0.6,Phosphorus,99%,University of New Hampshire -  Stormwater Center -  Durham -  NH May -  2019 Factsheet
InfiltrationBasin,8.27,0.6,Nitrogen,100%,University of New Hampshire -  Stormwater Center -  Durham -  NH May -  2019 Factsheet
InfiltrationBasin,8.27,0.6,Zinc,100%,University of New Hampshire -  Stormwater Center -  Durham -  NH May -  2019 Factsheet
InfiltrationBasin,8.27,0.6,Runoff Volume,98%,University of New Hampshire -  Stormwater Center -  Durham -  NH May -  2019 Factsheet
InfiltrationBasin,8.27,0.8,TSS,100%,University of New Hampshire -  Stormwater Center -  Durham -  NH May -  2019 Factsheet
InfiltrationBasin,8.27,0.8,Phosphorus,100%,University of New Hampshire -  Stormwater Center -  Durham -  NH May -  2019 Factsheet
InfiltrationBasin,8.27,0.8,Nitrogen,100%,University of New Hampshire -  Stormwater Center -  Durham -  NH May -  2019 Factsheet
InfiltrationBasin,8.27,0.8,Zinc,100%,University of New Hampshire -  Stormwater Center -  Durham -  NH May -  2019 Factsheet
InfiltrationBasin,8.27,0.8,Runoff Volume,99%,University of New Hampshire -  Stormwater Center -  Durham -  NH May -  2019 Factsheet
InfiltrationBasin,8.27,1,TSS,100%,University of New Hampshire -  Stormwater Center -  Durham -  NH May -  2019 Factsheet
InfiltrationBasin,8.27,1,Phosphorus,100%,University of New Hampshire -  Stormwater Center -  Durham -  NH May -  2019 Factsheet
InfiltrationBasin,8.27,1,Nitrogen,100%,University of New Hampshire -  Stormwater Center -  Durham -  NH May -  2019 Factsheet
InfiltrationBasin,8.27,1,Zinc,100%,University of New Hampshire -  Stormwater Center -  Durham -  NH May -  2019 Factsheet
InfiltrationBasin,8.27,1,Runoff Volume,100%,University of New Hampshire -  Stormwater Center -  Durham -  NH May -  2019 Factsheet
InfiltrationBasin,8.27,1.5,TSS,100%,University of New Hampshire -  Stormwater Center -  Durham -  NH May -  2019 Factsheet
InfiltrationBasin,8.27,1.5,Phosphorus,100%,University of New Hampshire -  Stormwater Center -  Durham -  NH May -  2019 Factsheet
InfiltrationBasin,8.27,1.5,Nitrogen,100%,University of New Hampshire -  Stormwater Center -  Durham -  NH May -  2019 Factsheet
InfiltrationBasin,8.27,1.5,Zinc,100%,University of New Hampshire -  Stormwater Center -  Durham -  NH May -  2019 Factsheet
InfiltrationBasin,8.27,1.5,Runoff Volume,100%,University of New Hampshire -  Stormwater Center -  Durham -  NH May -  2019 Factsheet
InfiltrationBasin,8.27,2,TSS,100%,University of New Hampshire -  Stormwater Center -  Durham -  NH May -  2019 Factsheet
InfiltrationBasin,8.27,2,Phosphorus,100%,University of New Hampshire -  Stormwater Center -  Durham -  NH May -  2019 Factsheet
InfiltrationBasin,8.27,2,Nitrogen,100%,University of New Hampshire -  Stormwater Center -  Durham -  NH May -  2019 Factsheet
InfiltrationBasin,8.27,2,Zinc,100%,University of New Hampshire -  Stormwater Center -  Durham -  NH May -  2019 Factsheet
InfiltrationBasin,8.27,2,Runoff Volume,100%,University of New Hampshire -  Stormwater Center -  Durham -  NH May -  2019 Factsheet
Biofiltration,,0.1,"Cumulative TSS Phosphorus Load
Reduction",44%,University of New Hampshire -  Stormwater Center -  Durham -  NH May -  2019 Factsheet
Biofiltration,,0.2,"Cumulative TSS Phosphorus Load
Reduction",69%,University of New Hampshire -  Stormwater Center -  Durham -  NH May -  2019 Factsheet
Biofiltration,,0.4,"Cumulative TSS Phosphorus Load
Reduction",91%,University of New Hampshire -  Stormwater Center -  Durham -  NH May -  2019 Factsheet
Biofiltration,,0.6,"Cumulative TSS Phosphorus Load
Reduction",97%,University of New Hampshire -  Stormwater Center -  Durham -  NH May -  2019 Factsheet
Biofiltration,,0.8,"Cumulative TSS Phosphorus Load
Reduction",98%,University of New Hampshire -  Stormwater Center -  Durham -  NH May -  2019 Factsheet
Biofiltration,,1,"Cumulative TSS Phosphorus Load
Reduction",99%,University of New Hampshire -  Stormwater Center -  Durham -  NH May -  2019 Factsheet
Biofiltration,,1.5,"Cumulative TSS Phosphorus Load
Reduction",100%,University of New Hampshire -  Stormwater Center -  Durham -  NH May -  2019 Factsheet
Biofiltration,,2,"Cumulative TSS Phosphorus Load
Reduction",100%,University of New Hampshire -  Stormwater Center -  Durham -  NH May -  2019 Factsheet
Biofiltration,,0.1,"Cumulative Phosphorus Load
Reduction",14%,University of New Hampshire -  Stormwater Center -  Durham -  NH May -  2019 Factsheet
Biofiltration,,0.2,"Cumulative Phosphorus Load
Reduction",25%,University of New Hampshire -  Stormwater Center -  Durham -  NH May -  2019 Factsheet
Biofiltration,,0.4,"Cumulative Phosphorus Load
Reduction",37%,University of New Hampshire -  Stormwater Center -  Durham -  NH May -  2019 Factsheet
Biofiltration,,0.6,"Cumulative Phosphorus Load
Reduction",44%,University of New Hampshire -  Stormwater Center -  Durham -  NH May -  2019 Factsheet
Biofiltration,,0.8,"Cumulative Phosphorus Load
Reduction",48%,University of New Hampshire -  Stormwater Center -  Durham -  NH May -  2019 Factsheet
Biofiltration,,1,"Cumulative Phosphorus Load
Reduction",53%,University of New Hampshire -  Stormwater Center -  Durham -  NH May -  2019 Factsheet
Biofiltration,,1.5,"Cumulative Phosphorus Load
Reduction",58%,University of New Hampshire -  Stormwater Center -  Durham -  NH May -  2019 Factsheet
Biofiltration,,2,"Cumulative Phosphorus Load
Reduction",63%,University of New Hampshire -  Stormwater Center -  Durham -  NH May -  2019 Factsheet
Biofiltration,,0.1,"Cumulative Nitrogen Load
Reduction",9%,University of New Hampshire -  Stormwater Center -  Durham -  NH May -  2019 Factsheet
Biofiltration,,0.2,"Cumulative Nitrogen Load
Reduction",16%,University of New Hampshire -  Stormwater Center -  Durham -  NH May -  2019 Factsheet
Biofiltration,,0.4,"Cumulative Nitrogen Load
Reduction",23%,University of New Hampshire -  Stormwater Center -  Durham -  NH May -  2019 Factsheet
Biofiltration,,0.6,"Cumulative Nitrogen Load
Reduction",28%,University of New Hampshire -  Stormwater Center -  Durham -  NH May -  2019 Factsheet
Biofiltration,,0.8,"Cumulative Nitrogen Load
Reduction",31%,University of New Hampshire -  Stormwater Center -  Durham -  NH May -  2019 Factsheet
Biofiltration,,1,"Cumulative Nitrogen Load
Reduction",32%,University of New Hampshire -  Stormwater Center -  Durham -  NH May -  2019 Factsheet
Biofiltration,,1.5,"Cumulative Nitrogen Load
Reduction",37%,University of New Hampshire -  Stormwater Center -  Durham -  NH May -  2019 Factsheet
Biofiltration,,2,"Cumulative Nitrogen Load
Reduction",40%,University of New Hampshire -  Stormwater Center -  Durham -  NH May -  2019 Factsheet
Biofiltration,,0.1,"Cumulative Zinc Phosphorus Load
Reduction",68%,University of New Hampshire -  Stormwater Center -  Durham -  NH May -  2019 Factsheet
Biofiltration,,0.2,"Cumulative Zinc Phosphorus Load
Reduction",88%,University of New Hampshire -  Stormwater Center -  Durham -  NH May -  2019 Factsheet
Biofiltration,,0.4,"Cumulative Zinc Phosphorus Load
Reduction",95%,University of New Hampshire -  Stormwater Center -  Durham -  NH May -  2019 Factsheet
Biofiltration,,0.6,"Cumulative Zinc Phosphorus Load
Reduction",96%,University of New Hampshire -  Stormwater Center -  Durham -  NH May -  2019 Factsheet
Biofiltration,,0.8,"Cumulative Zinc Phosphorus Load
Reduction",96%,University of New Hampshire -  Stormwater Center -  Durham -  NH May -  2019 Factsheet
Biofiltration,,1,"Cumulative Zinc Phosphorus Load
Reduction",97%,University of New Hampshire -  Stormwater Center -  Durham -  NH May -  2019 Factsheet
Biofiltration,,1.5,"Cumulative Zinc Phosphorus Load
Reduction",98%,University of New Hampshire -  Stormwater Center -  Durham -  NH May -  2019 Factsheet
Biofiltration,,2,"Cumulative Zinc Phosphorus Load
Reduction",99%,University of New Hampshire -  Stormwater Center -  Durham -  NH May -  2019 Factsheet
Gravel_Wetlands,,0.1,"Cumulative TSS Phosphorus Load
Reduction",48%,University of New Hampshire -  Stormwater Center -  Durham -  NH May -  2019 Factsheet
Gravel_Wetlands,,0.2,"Cumulative TSS Phosphorus Load
Reduction",61%,University of New Hampshire -  Stormwater Center -  Durham -  NH May -  2019 Factsheet
Gravel_Wetlands,,0.4,"Cumulative TSS Phosphorus Load
Reduction",82%,University of New Hampshire -  Stormwater Center -  Durham -  NH May -  2019 Factsheet
Gravel_Wetlands,,0.6,"Cumulative TSS Phosphorus Load
Reduction",91%,University of New Hampshire -  Stormwater Center -  Durham -  NH May -  2019 Factsheet
Gravel_Wetlands,,0.8,"Cumulative TSS Phosphorus Load
Reduction",95%,University of New Hampshire -  Stormwater Center -  Durham -  NH May -  2019 Factsheet
Gravel_Wetlands,,1,"Cumulative TSS Phosphorus Load
Reduction",97%,University of New Hampshire -  Stormwater Center -  Durham -  NH May -  2019 Factsheet
Gravel_Wetlands,,1.5,"Cumulative TSS Phosphorus Load
Reduction",99%,University of New Hampshire -  Stormwater Center -  Durham -  NH May -  2019 Factsheet
Gravel_Wetlands,,2,"Cumulative TSS Phosphorus Load
Reduction",99%,University of New Hampshire -  Stormwater Center -  Durham -  NH May -  2019 Factsheet
Gravel_Wetlands,,0.1,"Cumulative Phosphorus Load
Reduction",19%,University of New Hampshire -  Stormwater Center -  Durham -  NH May -  2019 Factsheet
Gravel_Wetlands,,0.2,"Cumulative Phosphorus Load
Reduction",26%,University of New Hampshire -  Stormwater Center -  Durham -  NH May -  2019 Factsheet
Gravel_Wetlands,,0.4,"Cumulative Phosphorus Load
Reduction",41%,University of New Hampshire -  Stormwater Center -  Durham -  NH May -  2019 Factsheet
Gravel_Wetlands,,0.6,"Cumulative Phosphorus Load
Reduction",51%,University of New Hampshire -  Stormwater Center -  Durham -  NH May -  2019 Factsheet
Gravel_Wetlands,,0.8,"Cumulative Phosphorus Load
Reduction",57%,University of New Hampshire -  Stormwater Center -  Durham -  NH May -  2019 Factsheet
Gravel_Wetlands,,1,"Cumulative Phosphorus Load
Reduction",61%,University of New Hampshire -  Stormwater Center -  Durham -  NH May -  2019 Factsheet
Gravel_Wetlands,,1.5,"Cumulative Phosphorus Load
Reduction",65%,University of New Hampshire -  Stormwater Center -  Durham -  NH May -  2019 Factsheet
Gravel_Wetlands,,2,"Cumulative Phosphorus Load
Reduction",66%,University of New Hampshire -  Stormwater Center -  Durham -  NH May -  2019 Factsheet
Gravel_Wetlands,,0.1,"Cumulative Nitrogen Load
Reduction",22%,University of New Hampshire -  Stormwater Center -  Durham -  NH May -  2019 Factsheet
Gravel_Wetlands,,0.2,"Cumulative Nitrogen Load
Reduction",33%,University of New Hampshire -  Stormwater Center -  Durham -  NH May -  2019 Factsheet
Gravel_Wetlands,,0.4,"Cumulative Nitrogen Load
Reduction",48%,University of New Hampshire -  Stormwater Center -  Durham -  NH May -  2019 Factsheet
Gravel_Wetlands,,0.6,"Cumulative Nitrogen Load
Reduction",57%,University of New Hampshire -  Stormwater Center -  Durham -  NH May -  2019 Factsheet
Gravel_Wetlands,,0.8,"Cumulative Nitrogen Load
Reduction",64%,University of New Hampshire -  Stormwater Center -  Durham -  NH May -  2019 Factsheet
Gravel_Wetlands,,1,"Cumulative Nitrogen Load
Reduction",68%,University of New Hampshire -  Stormwater Center -  Durham -  NH May -  2019 Factsheet
Gravel_Wetlands,,1.5,"Cumulative Nitrogen Load
Reduction",74%,University of New Hampshire -  Stormwater Center -  Durham -  NH May -  2019 Factsheet
Gravel_Wetlands,,2,"Cumulative Nitrogen Load
Reduction",79%,University of New Hampshire -  Stormwater Center -  Durham -  NH May -  2019 Factsheet
Gravel_Wetlands,,0.1,"Cumulative Zinc Phosphorus Load
Reduction",57%,University of New Hampshire -  Stormwater Center -  Durham -  NH May -  2019 Factsheet
Gravel_Wetlands,,0.2,"Cumulative Zinc Phosphorus Load
Reduction",68%,University of New Hampshire -  Stormwater Center -  Durham -  NH May -  2019 Factsheet
Gravel_Wetlands,,0.4,"Cumulative Zinc Phosphorus Load
Reduction",83%,University of New Hampshire -  Stormwater Center -  Durham -  NH May -  2019 Factsheet
Gravel_Wetlands,,0.6,"Cumulative Zinc Phosphorus Load
Reduction",88%,University of New Hampshire -  Stormwater Center -  Durham -  NH May -  2019 Factsheet
Gravel_Wetlands,,0.8,"Cumulative Zinc Phosphorus Load
Reduction",90%,University of New Hampshire -  Stormwater Center -  Durham -  NH May -  2019 Factsheet
Gravel_Wetlands,,1,"Cumulative Zinc Phosphorus Load
Reduction",90%,University of New Hampshire -  Stormwater Center -  Durham -  NH May -  2019 Factsheet
Gravel_Wetlands,,1.5,"Cumulative Zinc Phosphorus Load
Reduction",91%,University of New Hampshire -  Stormwater Center -  Durham -  NH May -  2019 Factsheet
Gravel_Wetlands,,2,"Cumulative Zinc Phosphorus Load
Reduction",92%,University of New Hampshire -  Stormwater Center -  Durham -  NH May -  2019 Factsheet
Enhanced_Biofiltration_w_ISR,,0.1,"Cumulative TSS Phosphorus Load
Reduction",44%,University of New Hampshire -  Stormwater Center -  Durham -  NH May -  2019 Factsheet
Enhanced_Biofiltration_w_ISR,,0.2,"Cumulative TSS Phosphorus Load
Reduction",69%,University of New Hampshire -  Stormwater Center -  Durham -  NH May -  2019 Factsheet
Enhanced_Biofiltration_w_ISR,,0.4,"Cumulative TSS Phosphorus Load
Reduction",91%,University of New Hampshire -  Stormwater Center -  Durham -  NH May -  2019 Factsheet
Enhanced_Biofiltration_w_ISR,,0.6,"Cumulative TSS Phosphorus Load
Reduction",97%,University of New Hampshire -  Stormwater Center -  Durham -  NH May -  2019 Factsheet
Enhanced_Biofiltration_w_ISR,,0.8,"Cumulative TSS Phosphorus Load
Reduction",98%,University of New Hampshire -  Stormwater Center -  Durham -  NH May -  2019 Factsheet
Enhanced_Biofiltration_w_ISR,,1,"Cumulative TSS Phosphorus Load
Reduction",99%,University of New Hampshire -  Stormwater Center -  Durham -  NH May -  2019 Factsheet
Enhanced_Biofiltration_w_ISR,,1.5,"Cumulative TSS Phosphorus Load
Reduction",100%,University of New Hampshire -  Stormwater Center -  Durham -  NH May -  2019 Factsheet
Enhanced_Biofiltration_w_ISR,,2,"Cumulative TSS Phosphorus Load
Reduction",100%,University of New Hampshire -  Stormwater Center -  Durham -  NH May -  2019 Factsheet
Enhanced_Biofiltration_w_ISR,,0.1,"Cumulative Phosphorus Load
Reduction",19%,University of New Hampshire -  Stormwater Center -  Durham -  NH May -  2019 Factsheet
Enhanced_Biofiltration_w_ISR,,0.2,"Cumulative Phosphorus Load
Reduction",34%,University of New Hampshire -  Stormwater Center -  Durham -  NH May -  2019 Factsheet
Enhanced_Biofiltration_w_ISR,,0.4,"Cumulative Phosphorus Load
Reduction",53%,University of New Hampshire -  Stormwater Center -  Durham -  NH May -  2019 Factsheet
Enhanced_Biofiltration_w_ISR,,0.6,"Cumulative Phosphorus Load
Reduction",64%,University of New Hampshire -  Stormwater Center -  Durham -  NH May -  2019 Factsheet
Enhanced_Biofiltration_w_ISR,,0.8,"Cumulative Phosphorus Load
Reduction",71%,University of New Hampshire -  Stormwater Center -  Durham -  NH May -  2019 Factsheet
Enhanced_Biofiltration_w_ISR,,1,"Cumulative Phosphorus Load
Reduction",76%,University of New Hampshire -  Stormwater Center -  Durham -  NH May -  2019 Factsheet
Enhanced_Biofiltration_w_ISR,,1.5,"Cumulative Phosphorus Load
Reduction",84%,University of New Hampshire -  Stormwater Center -  Durham -  NH May -  2019 Factsheet
Enhanced_Biofiltration_w_ISR,,2,"Cumulative Phosphorus Load
Reduction",89%,University of New Hampshire -  Stormwater Center -  Durham -  NH May -  2019 Factsheet
Enhanced_Biofiltration_w_ISR,,0.1,"Cumulative Nitrogen Load
Reduction",32%,University of New Hampshire -  Stormwater Center -  Durham -  NH May -  2019 Factsheet
Enhanced_Biofiltration_w_ISR,,0.2,"Cumulative Nitrogen Load
Reduction",44%,University of New Hampshire -  Stormwater Center -  Durham -  NH May -  2019 Factsheet
Enhanced_Biofiltration_w_ISR,,0.4,"Cumulative Nitrogen Load
Reduction",58%,University of New Hampshire -  Stormwater Center -  Durham -  NH May -  2019 Factsheet
Enhanced_Biofiltration_w_ISR,,0.6,"Cumulative Nitrogen Load
Reduction",66%,University of New Hampshire -  Stormwater Center -  Durham -  NH May -  2019 Factsheet
Enhanced_Biofiltration_w_ISR,,0.8,"Cumulative Nitrogen Load
Reduction",71%,University of New Hampshire -  Stormwater Center -  Durham -  NH May -  2019 Factsheet
Enhanced_Biofiltration_w_ISR,,1,"Cumulative Nitrogen Load
Reduction",75%,University of New Hampshire -  Stormwater Center -  Durham -  NH May -  2019 Factsheet
Enhanced_Biofiltration_w_ISR,,1.5,"Cumulative Nitrogen Load
Reduction",82%,University of New Hampshire -  Stormwater Center -  Durham -  NH May -  2019 Factsheet
Enhanced_Biofiltration_w_ISR,,2,"Cumulative Nitrogen Load
Reduction",86%,University of New Hampshire -  Stormwater Center -  Durham -  NH May -  2019 Factsheet
Enhanced_Biofiltration_w_ISR,,0.1,"Cumulative Zinc Phosphorus Load
Reduction",68%,University of New Hampshire -  Stormwater Center -  Durham -  NH May -  2019 Factsheet
Enhanced_Biofiltration_w_ISR,,0.2,"Cumulative Zinc Phosphorus Load
Reduction",88%,University of New Hampshire -  Stormwater Center -  Durham -  NH May -  2019 Factsheet
Enhanced_Biofiltration_w_ISR,,0.4,"Cumulative Zinc Phosphorus Load
Reduction",95%,University of New Hampshire -  Stormwater Center -  Durham -  NH May -  2019 Factsheet
Enhanced_Biofiltration_w_ISR,,0.6,"Cumulative Zinc Phosphorus Load
Reduction",96%,University of New Hampshire -  Stormwater Center -  Durham -  NH May -  2019 Factsheet
Enhanced_Biofiltration_w_ISR,,0.8,"Cumulative Zinc Phosphorus Load
Reduction",96%,University of New Hampshire -  Stormwater Center -  Durham -  NH May -  2019 Factsheet
Enhanced_Biofiltration_w_ISR,,1,"Cumulative Zinc Phosphorus Load
Reduction",97%,University of New Hampshire -  Stormwater Center -  Durham -  NH May -  2019 Factsheet
Enhanced_Biofiltration_w_ISR,,1.5,"Cumulative Zinc Phosphorus Load
Reduction",98%,University of New Hampshire -  Stormwater Center -  Durham -  NH May -  2019 Factsheet
Enhanced_Biofiltration_w_ISR,,2,"Cumulative Zinc Phosphorus Load
Reduction",99%,University of New Hampshire -  Stormwater Center -  Durham -  NH May -  2019 Factsheet
Porous_Pavement,,12,"Cumulative TSS Phosphorus Load
Reduction",92%,University of New Hampshire -  Stormwater Center -  Durham -  NH May -  2019 Factsheet
Porous_Pavement,,18,"Cumulative TSS Phosphorus Load
Reduction",94%,University of New Hampshire -  Stormwater Center -  Durham -  NH May -  2019 Factsheet
Porous_Pavement,,24,"Cumulative TSS Phosphorus Load
Reduction",96%,University of New Hampshire -  Stormwater Center -  Durham -  NH May -  2019 Factsheet
Porous_Pavement,,32,"Cumulative TSS Phosphorus Load
Reduction",97%,University of New Hampshire -  Stormwater Center -  Durham -  NH May -  2019 Factsheet
Porous_Pavement,,12,"Cumulative Phosphorus Load
Reduction",62%,University of New Hampshire -  Stormwater Center -  Durham -  NH May -  2019 Factsheet
Porous_Pavement,,18,"Cumulative Phosphorus Load
Reduction",70%,University of New Hampshire -  Stormwater Center -  Durham -  NH May -  2019 Factsheet
Porous_Pavement,,24,"Cumulative Phosphorus Load
Reduction",75%,University of New Hampshire -  Stormwater Center -  Durham -  NH May -  2019 Factsheet
Porous_Pavement,,32,"Cumulative Phosphorus Load
Reduction",78%,University of New Hampshire -  Stormwater Center -  Durham -  NH May -  2019 Factsheet
Porous_Pavement,,12,"Cumulative Nitrogen Load
Reduction",76%,University of New Hampshire -  Stormwater Center -  Durham -  NH May -  2019 Factsheet
Porous_Pavement,,18,"Cumulative Nitrogen Load
Reduction",77%,University of New Hampshire -  Stormwater Center -  Durham -  NH May -  2019 Factsheet
Porous_Pavement,,24,"Cumulative Nitrogen Load
Reduction",77%,University of New Hampshire -  Stormwater Center -  Durham -  NH May -  2019 Factsheet
Porous_Pavement,,32,"Cumulative Nitrogen Load
Reduction",79%,University of New Hampshire -  Stormwater Center -  Durham -  NH May -  2019 Factsheet
Porous_Pavement,,12,"Cumulative Zinc Phosphorus Load
Reduction",85%,University of New Hampshire -  Stormwater Center -  Durham -  NH May -  2019 Factsheet
Porous_Pavement,,18,"Cumulative Zinc Phosphorus Load
Reduction",97%,University of New Hampshire -  Stormwater Center -  Durham -  NH May -  2019 Factsheet
Porous_Pavement,,24,"Cumulative Zinc Phosphorus Load
Reduction",97%,University of New Hampshire -  Stormwater Center -  Durham -  NH May -  2019 Factsheet
Porous_Pavement,,32,"Cumulative Zinc Phosphorus Load
Reduction",98%,University of New Hampshire -  Stormwater Center -  Durham -  NH May -  2019 Factsheet
Grass_Swale,,0.1,"Cumulative TSS Phosphorus Load
Reduction",29%,University of New Hampshire -  Stormwater Center -  Durham -  NH May -  2019 Factsheet
Grass_Swale,,0.2,"Cumulative TSS Phosphorus Load
Reduction",44%,University of New Hampshire -  Stormwater Center -  Durham -  NH May -  2019 Factsheet
Grass_Swale,,0.4,"Cumulative TSS Phosphorus Load
Reduction",61%,University of New Hampshire -  Stormwater Center -  Durham -  NH May -  2019 Factsheet
Grass_Swale,,0.6,"Cumulative TSS Phosphorus Load
Reduction",70%,University of New Hampshire -  Stormwater Center -  Durham -  NH May -  2019 Factsheet
Grass_Swale,,0.8,"Cumulative TSS Phosphorus Load
Reduction",76%,University of New Hampshire -  Stormwater Center -  Durham -  NH May -  2019 Factsheet
Grass_Swale,,1,"Cumulative TSS Phosphorus Load
Reduction",80%,University of New Hampshire -  Stormwater Center -  Durham -  NH May -  2019 Factsheet
Grass_Swale,,1.5,"Cumulative TSS Phosphorus Load
Reduction",87%,University of New Hampshire -  Stormwater Center -  Durham -  NH May -  2019 Factsheet
Grass_Swale,,2,"Cumulative TSS Phosphorus Load
Reduction",90%,University of New Hampshire -  Stormwater Center -  Durham -  NH May -  2019 Factsheet
Grass_Swale,,0.1,"Cumulative Phosphorus Load
Reduction",2%,University of New Hampshire -  Stormwater Center -  Durham -  NH May -  2019 Factsheet
Grass_Swale,,0.2,"Cumulative Phosphorus Load
Reduction",5%,University of New Hampshire -  Stormwater Center -  Durham -  NH May -  2019 Factsheet
Grass_Swale,,0.4,"Cumulative Phosphorus Load
Reduction",9%,University of New Hampshire -  Stormwater Center -  Durham -  NH May -  2019 Factsheet
Grass_Swale,,0.6,"Cumulative Phosphorus Load
Reduction",13%,University of New Hampshire -  Stormwater Center -  Durham -  NH May -  2019 Factsheet
Grass_Swale,,0.8,"Cumulative Phosphorus Load
Reduction",17%,University of New Hampshire -  Stormwater Center -  Durham -  NH May -  2019 Factsheet
Grass_Swale,,1,"Cumulative Phosphorus Load
Reduction",21%,University of New Hampshire -  Stormwater Center -  Durham -  NH May -  2019 Factsheet
Grass_Swale,,1.5,"Cumulative Phosphorus Load
Reduction",29%,University of New Hampshire -  Stormwater Center -  Durham -  NH May -  2019 Factsheet
Grass_Swale,,2,"Cumulative Phosphorus Load
Reduction",36%,University of New Hampshire -  Stormwater Center -  Durham -  NH May -  2019 Factsheet
Grass_Swale,,0.1,"Cumulative Nitrogen Load
Reduction",1%,University of New Hampshire -  Stormwater Center -  Durham -  NH May -  2019 Factsheet
Grass_Swale,,0.2,"Cumulative Nitrogen Load
Reduction",3%,University of New Hampshire -  Stormwater Center -  Durham -  NH May -  2019 Factsheet
Grass_Swale,,0.4,"Cumulative Nitrogen Load
Reduction",6%,University of New Hampshire -  Stormwater Center -  Durham -  NH May -  2019 Factsheet
Grass_Swale,,0.6,"Cumulative Nitrogen Load
Reduction",9%,University of New Hampshire -  Stormwater Center -  Durham -  NH May -  2019 Factsheet
Grass_Swale,,0.8,"Cumulative Nitrogen Load
Reduction",11%,University of New Hampshire -  Stormwater Center -  Durham -  NH May -  2019 Factsheet
Grass_Swale,,1,"Cumulative Nitrogen Load
Reduction",13%,University of New Hampshire -  Stormwater Center -  Durham -  NH May -  2019 Factsheet
Grass_Swale,,1.5,"Cumulative Nitrogen Load
Reduction",19%,University of New Hampshire -  Stormwater Center -  Durham -  NH May -  2019 Factsheet
Grass_Swale,,2,"Cumulative Nitrogen Load
Reduction",23%,University of New Hampshire -  Stormwater Center -  Durham -  NH May -  2019 Factsheet
Grass_Swale,,0.1,"Cumulative Zinc Phosphorus Load
Reduction",62%,University of New Hampshire -  Stormwater Center -  Durham -  NH May -  2019 Factsheet
Grass_Swale,,0.2,"Cumulative Zinc Phosphorus Load
Reduction",75%,University of New Hampshire -  Stormwater Center -  Durham -  NH May -  2019 Factsheet
Grass_Swale,,0.4,"Cumulative Zinc Phosphorus Load
Reduction",86%,University of New Hampshire -  Stormwater Center -  Durham -  NH May -  2019 Factsheet
Grass_Swale,,0.6,"Cumulative Zinc Phosphorus Load
Reduction",91%,University of New Hampshire -  Stormwater Center -  Durham -  NH May -  2019 Factsheet
Grass_Swale,,0.8,"Cumulative Zinc Phosphorus Load
Reduction",94%,University of New Hampshire -  Stormwater Center -  Durham -  NH May -  2019 Factsheet
Grass_Swale,,1,"Cumulative Zinc Phosphorus Load
Reduction",95%,University of New Hampshire -  Stormwater Center -  Durham -  NH May -  2019 Factsheet
Grass_Swale,,1.5,"Cumulative Zinc Phosphorus Load
Reduction",97%,University of New Hampshire -  Stormwater Center -  Durham -  NH May -  2019 Factsheet
Grass_Swale,,2,"Cumulative Zinc Phosphorus Load
Reduction",99%,University of New Hampshire -  Stormwater Center -  Durham -  NH May -  2019 Factsheet
Sand_Filter,,0.1,"Cumulative TSS Phosphorus Load
Reduction",44%,University of New Hampshire -  Stormwater Center -  Durham -  NH May -  2019 Factsheet
Sand_Filter,,0.2,"Cumulative TSS Phosphorus Load
Reduction",69%,University of New Hampshire -  Stormwater Center -  Durham -  NH May -  2019 Factsheet
Sand_Filter,,0.4,"Cumulative TSS Phosphorus Load
Reduction",91%,University of New Hampshire -  Stormwater Center -  Durham -  NH May -  2019 Factsheet
Sand_Filter,,0.6,"Cumulative TSS Phosphorus Load
Reduction",97%,University of New Hampshire -  Stormwater Center -  Durham -  NH May -  2019 Factsheet
Sand_Filter,,0.8,"Cumulative TSS Phosphorus Load
Reduction",98%,University of New Hampshire -  Stormwater Center -  Durham -  NH May -  2019 Factsheet
Sand_Filter,,1,"Cumulative TSS Phosphorus Load
Reduction",99%,University of New Hampshire -  Stormwater Center -  Durham -  NH May -  2019 Factsheet
Sand_Filter,,1.5,"Cumulative TSS Phosphorus Load
Reduction",100%,University of New Hampshire -  Stormwater Center -  Durham -  NH May -  2019 Factsheet
Sand_Filter,,2,"Cumulative TSS Phosphorus Load
Reduction",100%,University of New Hampshire -  Stormwater Center -  Durham -  NH May -  2019 Factsheet
Sand_Filter,,0.1,"Cumulative Phosphorus Load
Reduction",14%,University of New Hampshire -  Stormwater Center -  Durham -  NH May -  2019 Factsheet
Sand_Filter,,0.2,"Cumulative Phosphorus Load
Reduction",25%,University of New Hampshire -  Stormwater Center -  Durham -  NH May -  2019 Factsheet
Sand_Filter,,0.4,"Cumulative Phosphorus Load
Reduction",37%,University of New Hampshire -  Stormwater Center -  Durham -  NH May -  2019 Factsheet
Sand_Filter,,0.6,"Cumulative Phosphorus Load
Reduction",44%,University of New Hampshire -  Stormwater Center -  Durham -  NH May -  2019 Factsheet
Sand_Filter,,0.8,"Cumulative Phosphorus Load
Reduction",48%,University of New Hampshire -  Stormwater Center -  Durham -  NH May -  2019 Factsheet
Sand_Filter,,1,"Cumulative Phosphorus Load
Reduction",53%,University of New Hampshire -  Stormwater Center -  Durham -  NH May -  2019 Factsheet
Sand_Filter,,1.5,"Cumulative Phosphorus Load
Reduction",58%,University of New Hampshire -  Stormwater Center -  Durham -  NH May -  2019 Factsheet
Sand_Filter,,2,"Cumulative Phosphorus Load
Reduction",63%,University of New Hampshire -  Stormwater Center -  Durham -  NH May -  2019 Factsheet
Sand_Filter,,0.1,"Cumulative Nitrogen Load
Reduction",9%,University of New Hampshire -  Stormwater Center -  Durham -  NH May -  2019 Factsheet
Sand_Filter,,0.2,"Cumulative Nitrogen Load
Reduction",16%,University of New Hampshire -  Stormwater Center -  Durham -  NH May -  2019 Factsheet
Sand_Filter,,0.4,"Cumulative Nitrogen Load
Reduction",23%,University of New Hampshire -  Stormwater Center -  Durham -  NH May -  2019 Factsheet
Sand_Filter,,0.6,"Cumulative Nitrogen Load
Reduction",28%,University of New Hampshire -  Stormwater Center -  Durham -  NH May -  2019 Factsheet
Sand_Filter,,0.8,"Cumulative Nitrogen Load
Reduction",31%,University of New Hampshire -  Stormwater Center -  Durham -  NH May -  2019 Factsheet
Sand_Filter,,1,"Cumulative Nitrogen Load
Reduction",32%,University of New Hampshire -  Stormwater Center -  Durham -  NH May -  2019 Factsheet
Sand_Filter,,1.5,"Cumulative Nitrogen Load
Reduction",37%,University of New Hampshire -  Stormwater Center -  Durham -  NH May -  2019 Factsheet
Sand_Filter,,2,"Cumulative Nitrogen Load
Reduction",40%,University of New Hampshire -  Stormwater Center -  Durham -  NH May -  2019 Factsheet
Sand_Filter,,0.1,"Cumulative Zinc Phosphorus Load
Reduction",68%,University of New Hampshire -  Stormwater Center -  Durham -  NH May -  2019 Factsheet
Sand_Filter,,0.2,"Cumulative Zinc Phosphorus Load
Reduction",88%,University of New Hampshire -  Stormwater Center -  Durham -  NH May -  2019 Factsheet
Sand_Filter,,0.4,"Cumulative Zinc Phosphorus Load
Reduction",95%,University of New Hampshire -  Stormwater Center -  Durham -  NH May -  2019 Factsheet
Sand_Filter,,0.6,"Cumulative Zinc Phosphorus Load
Reduction",96%,University of New Hampshire -  Stormwater Center -  Durham -  NH May -  2019 Factsheet
Sand_Filter,,0.8,"Cumulative Zinc Phosphorus Load
Reduction",96%,University of New Hampshire -  Stormwater Center -  Durham -  NH May -  2019 Factsheet
Sand_Filter,,1,"Cumulative Zinc Phosphorus Load
Reduction",97%,University of New Hampshire -  Stormwater Center -  Durham -  NH May -  2019 Factsheet
Sand_Filter,,1.5,"Cumulative Zinc Phosphorus Load
Reduction",98%,University of New Hampshire -  Stormwater Center -  Durham -  NH May -  2019 Factsheet
Sand_Filter,,2,"Cumulative Zinc Phosphorus Load
Reduction",99%,University of New Hampshire -  Stormwater Center -  Durham -  NH May -  2019 Factsheet
Wet_Pond,,0.1,"Cumulative TSS Phosphorus Load
Reduction",30%,University of New Hampshire -  Stormwater Center -  Durham -  NH May -  2019 Factsheet
Wet_Pond,,0.2,"Cumulative TSS Phosphorus Load
Reduction",44%,University of New Hampshire -  Stormwater Center -  Durham -  NH May -  2019 Factsheet
Wet_Pond,,0.4,"Cumulative TSS Phosphorus Load
Reduction",60%,University of New Hampshire -  Stormwater Center -  Durham -  NH May -  2019 Factsheet
Wet_Pond,,0.6,"Cumulative TSS Phosphorus Load
Reduction",68%,University of New Hampshire -  Stormwater Center -  Durham -  NH May -  2019 Factsheet
Wet_Pond,,0.8,"Cumulative TSS Phosphorus Load
Reduction",74%,University of New Hampshire -  Stormwater Center -  Durham -  NH May -  2019 Factsheet
Wet_Pond,,1,"Cumulative TSS Phosphorus Load
Reduction",77%,University of New Hampshire -  Stormwater Center -  Durham -  NH May -  2019 Factsheet
Wet_Pond,,1.5,"Cumulative TSS Phosphorus Load
Reduction",83%,University of New Hampshire -  Stormwater Center -  Durham -  NH May -  2019 Factsheet
Wet_Pond,,2,"Cumulative TSS Phosphorus Load
Reduction",86%,University of New Hampshire -  Stormwater Center -  Durham -  NH May -  2019 Factsheet
Wet_Pond,,0.1,"Cumulative Phosphorus Load
Reduction",14%,University of New Hampshire -  Stormwater Center -  Durham -  NH May -  2019 Factsheet
Wet_Pond,,0.2,"Cumulative Phosphorus Load
Reduction",25%,University of New Hampshire -  Stormwater Center -  Durham -  NH May -  2019 Factsheet
Wet_Pond,,0.4,"Cumulative Phosphorus Load
Reduction",37%,University of New Hampshire -  Stormwater Center -  Durham -  NH May -  2019 Factsheet
Wet_Pond,,0.6,"Cumulative Phosphorus Load
Reduction",44%,University of New Hampshire -  Stormwater Center -  Durham -  NH May -  2019 Factsheet
Wet_Pond,,0.8,"Cumulative Phosphorus Load
Reduction",48%,University of New Hampshire -  Stormwater Center -  Durham -  NH May -  2019 Factsheet
Wet_Pond,,1,"Cumulative Phosphorus Load
Reduction",53%,University of New Hampshire -  Stormwater Center -  Durham -  NH May -  2019 Factsheet
Wet_Pond,,1.5,"Cumulative Phosphorus Load
Reduction",58%,University of New Hampshire -  Stormwater Center -  Durham -  NH May -  2019 Factsheet
Wet_Pond,,2,"Cumulative Phosphorus Load
Reduction",63%,University of New Hampshire -  Stormwater Center -  Durham -  NH May -  2019 Factsheet
Wet_Pond,,0.1,"Cumulative Nitrogen Load
Reduction",9%,University of New Hampshire -  Stormwater Center -  Durham -  NH May -  2019 Factsheet
Wet_Pond,,0.2,"Cumulative Nitrogen Load
Reduction",16%,University of New Hampshire -  Stormwater Center -  Durham -  NH May -  2019 Factsheet
Wet_Pond,,0.4,"Cumulative Nitrogen Load
Reduction",23%,University of New Hampshire -  Stormwater Center -  Durham -  NH May -  2019 Factsheet
Wet_Pond,,0.6,"Cumulative Nitrogen Load
Reduction",28%,University of New Hampshire -  Stormwater Center -  Durham -  NH May -  2019 Factsheet
Wet_Pond,,0.8,"Cumulative Nitrogen Load
Reduction",31%,University of New Hampshire -  Stormwater Center -  Durham -  NH May -  2019 Factsheet
Wet_Pond,,1,"Cumulative Nitrogen Load
Reduction",32%,University of New Hampshire -  Stormwater Center -  Durham -  NH May -  2019 Factsheet
Wet_Pond,,1.5,"Cumulative Nitrogen Load
Reduction",37%,University of New Hampshire -  Stormwater Center -  Durham -  NH May -  2019 Factsheet
Wet_Pond,,2,"Cumulative Nitrogen Load
Reduction",40%,University of New Hampshire -  Stormwater Center -  Durham -  NH May -  2019 Factsheet
Wet_Pond,,0.1,"Cumulative Zinc Phosphorus Load
Reduction",59%,University of New Hampshire -  Stormwater Center -  Durham -  NH May -  2019 Factsheet
Wet_Pond,,0.2,"Cumulative Zinc Phosphorus Load
Reduction",71%,University of New Hampshire -  Stormwater Center -  Durham -  NH May -  2019 Factsheet
Wet_Pond,,0.4,"Cumulative Zinc Phosphorus Load
Reduction",80%,University of New Hampshire -  Stormwater Center -  Durham -  NH May -  2019 Factsheet
Wet_Pond,,0.6,"Cumulative Zinc Phosphorus Load
Reduction",85%,University of New Hampshire -  Stormwater Center -  Durham -  NH May -  2019 Factsheet
Wet_Pond,,0.8,"Cumulative Zinc Phosphorus Load
Reduction",87%,University of New Hampshire -  Stormwater Center -  Durham -  NH May -  2019 Factsheet
Wet_Pond,,1,"Cumulative Zinc Phosphorus Load
Reduction",89%,University of New Hampshire -  Stormwater Center -  Durham -  NH May -  2019 Factsheet
Wet_Pond,,1.5,"Cumulative Zinc Phosphorus Load
Reduction",92%,University of New Hampshire -  Stormwater Center -  Durham -  NH May -  2019 Factsheet
Wet_Pond,,2,"Cumulative Zinc Phosphorus Load
Reduction",93%,University of New Hampshire -  Stormwater Center -  Durham -  NH May -  2019 Factsheet
Dry_Pond,,0.1,"Cumulative TSS Phosphorus Load
Reduction",18%,University of New Hampshire -  Stormwater Center -  Durham -  NH May -  2019 Factsheet
Dry_Pond,,0.2,"Cumulative TSS Phosphorus Load
Reduction",31%,University of New Hampshire -  Stormwater Center -  Durham -  NH May -  2019 Factsheet
Dry_Pond,,0.4,"Cumulative TSS Phosphorus Load
Reduction",38%,University of New Hampshire -  Stormwater Center -  Durham -  NH May -  2019 Factsheet
Dry_Pond,,0.6,"Cumulative TSS Phosphorus Load
Reduction",40%,University of New Hampshire -  Stormwater Center -  Durham -  NH May -  2019 Factsheet
Dry_Pond,,0.8,"Cumulative TSS Phosphorus Load
Reduction",44%,University of New Hampshire -  Stormwater Center -  Durham -  NH May -  2019 Factsheet
Dry_Pond,,1,"Cumulative TSS Phosphorus Load
Reduction",46%,University of New Hampshire -  Stormwater Center -  Durham -  NH May -  2019 Factsheet
Dry_Pond,,1.5,"Cumulative TSS Phosphorus Load
Reduction",47%,University of New Hampshire -  Stormwater Center -  Durham -  NH May -  2019 Factsheet
Dry_Pond,,2,"Cumulative TSS Phosphorus Load
Reduction",49%,University of New Hampshire -  Stormwater Center -  Durham -  NH May -  2019 Factsheet
Dry_Pond,,0.1,"Cumulative Phosphorus Load
Reduction",2%,University of New Hampshire -  Stormwater Center -  Durham -  NH May -  2019 Factsheet
Dry_Pond,,0.2,"Cumulative Phosphorus Load
Reduction",5%,University of New Hampshire -  Stormwater Center -  Durham -  NH May -  2019 Factsheet
Dry_Pond,,0.4,"Cumulative Phosphorus Load
Reduction",9%,University of New Hampshire -  Stormwater Center -  Durham -  NH May -  2019 Factsheet
Dry_Pond,,0.6,"Cumulative Phosphorus Load
Reduction",13%,University of New Hampshire -  Stormwater Center -  Durham -  NH May -  2019 Factsheet
Dry_Pond,,0.8,"Cumulative Phosphorus Load
Reduction",17%,University of New Hampshire -  Stormwater Center -  Durham -  NH May -  2019 Factsheet
Dry_Pond,,1,"Cumulative Phosphorus Load
Reduction",21%,University of New Hampshire -  Stormwater Center -  Durham -  NH May -  2019 Factsheet
Dry_Pond,,1.5,"Cumulative Phosphorus Load
Reduction",29%,University of New Hampshire -  Stormwater Center -  Durham -  NH May -  2019 Factsheet
Dry_Pond,,2,"Cumulative Phosphorus Load
Reduction",36%,University of New Hampshire -  Stormwater Center -  Durham -  NH May -  2019 Factsheet
Dry_Pond,,0.1,"Cumulative Nitrogen Load
Reduction",1%,University of New Hampshire -  Stormwater Center -  Durham -  NH May -  2019 Factsheet
Dry_Pond,,0.2,"Cumulative Nitrogen Load
Reduction",3%,University of New Hampshire -  Stormwater Center -  Durham -  NH May -  2019 Factsheet
Dry_Pond,,0.4,"Cumulative Nitrogen Load
Reduction",6%,University of New Hampshire -  Stormwater Center -  Durham -  NH May -  2019 Factsheet
Dry_Pond,,0.6,"Cumulative Nitrogen Load
Reduction",9%,University of New Hampshire -  Stormwater Center -  Durham -  NH May -  2019 Factsheet
Dry_Pond,,0.8,"Cumulative Nitrogen Load
Reduction",11%,University of New Hampshire -  Stormwater Center -  Durham -  NH May -  2019 Factsheet
Dry_Pond,,1,"Cumulative Nitrogen Load
Reduction",13%,University of New Hampshire -  Stormwater Center -  Durham -  NH May -  2019 Factsheet
Dry_Pond,,1.5,"Cumulative Nitrogen Load
Reduction",19%,University of New Hampshire -  Stormwater Center -  Durham -  NH May -  2019 Factsheet
Dry_Pond,,2,"Cumulative Nitrogen Load
Reduction",23%,University of New Hampshire -  Stormwater Center -  Durham -  NH May -  2019 Factsheet
Dry_Pond,,0.1,"Cumulative Zinc Phosphorus Load
Reduction",53%,University of New Hampshire -  Stormwater Center -  Durham -  NH May -  2019 Factsheet
Dry_Pond,,0.2,"Cumulative Zinc Phosphorus Load
Reduction",67%,University of New Hampshire -  Stormwater Center -  Durham -  NH May -  2019 Factsheet
Dry_Pond,,0.4,"Cumulative Zinc Phosphorus Load
Reduction",68%,University of New Hampshire -  Stormwater Center -  Durham -  NH May -  2019 Factsheet
Dry_Pond,,0.6,"Cumulative Zinc Phosphorus Load
Reduction",69%,University of New Hampshire -  Stormwater Center -  Durham -  NH May -  2019 Factsheet
Dry_Pond,,0.8,"Cumulative Zinc Phosphorus Load
Reduction",72%,University of New Hampshire -  Stormwater Center -  Durham -  NH May -  2019 Factsheet
Dry_Pond,,1,"Cumulative Zinc Phosphorus Load
Reduction",73%,University of New Hampshire -  Stormwater Center -  Durham -  NH May -  2019 Factsheet
Dry_Pond,,1.5,"Cumulative Zinc Phosphorus Load
Reduction",74%,University of New Hampshire -  Stormwater Center -  Durham -  NH May -  2019 Factsheet
Dry_Pond,,2,"Cumulative Zinc Phosphorus Load
Reduction",76%,University of New Hampshire -  Stormwater Center -  Durham -  NH May -  2019 Factsheet
